campione_id,time_step_id,datetime_nominale,datetime_inizio_ert,datetime_fine_ert,datetime_baricentro_ert,durata_misura_ert_min,ore_trascorse_da_t0,temperatura_C,peso_netto_g,theta_vol_pct,contenuto_acqua_grav_pct,grado_saturazione_Sr,suzione_top_estesa_kpa,suzione_bottom_estesa_kpa,suzione_media_kpa,log10_suzione_kpa,regime_suzione,rho25_qp1,eps_qp1,rho25_qp2,eps_qp2,rho25_qp3,eps_qp3,rho25_qp4,eps_qp4,rho25_qp5,eps_qp5,rho25_qp6,eps_qp6,rho25_qp7,eps_qp7,rho25_qp8,eps_qp8,rho25_W1,rho25_W2,rho25_W3,rho25_W4,rho25_geom_upper,rho25_geom_lower,rho25_geom_dipole,rho25_geom_wenner,qualita_qc_pass
ML1,1,2026-05-26 11:00:00,2026-05-26 11:15:02,2026-05-26 11:31:04,2026-05-26 11:23:03.000,16.03,0.13,23.45,479.77,46.58,32.05,1.035,0.26,0.01,0.04,-1.442,Diretto_Entrambi_Tensiometri,16.267,0.37,16.799,0.36,14.172,0.52,17.691,1.1,16.326,0.99,13.759,0.4,16.5,0.06,10.69,14.61,14.494,15.327,12.598,17.788,15.704,15.839,13.281,14.937,True
ML1,2,2026-05-26 12:00:00,2026-05-26 12:15:02,2026-05-26 12:31:03,2026-05-26 12:23:02.500,16.02,1.13,24.55,478.56,46.1,31.72,1.024,0.34,0.08,0.17,-0.776,Diretto_Entrambi_Tensiometri,16.325,0.39,16.839,0.1,14.237,0.28,17.694,0.49,16.239,0.45,13.827,0.59,16.697,1.93,9.587,4.46,14.584,15.45,12.684,17.728,15.759,15.838,12.652,15.003,True
ML1,3,2026-05-26 13:00:00,2026-05-26 13:15:03,2026-05-26 13:31:06,2026-05-26 13:23:04.500,16.05,2.13,24.92,477.51,45.68,31.43,1.015,0.62,0.35,0.47,-0.329,Diretto_Entrambi_Tensiometri,16.408,0.44,16.834,0.0,14.28,0.24,17.743,0.06,16.372,0.45,13.814,0.61,16.635,1.44,9.421,4.2,14.964,15.335,12.582,17.74,15.8,15.891,12.519,15.044,True
ML1,4,2026-05-26 14:00:00,2026-05-26 14:15:02,2026-05-26 14:31:00,2026-05-26 14:23:01.000,15.97,3.13,25.1,476.51,45.27,31.15,1.006,0.61,0.41,0.5,-0.3,Diretto_Entrambi_Tensiometri,16.535,0.68,16.94,0.06,14.381,0.02,17.877,0.33,16.545,0.22,13.97,0.87,16.595,3.19,9.551,4.13,14.977,15.226,12.609,18.089,15.911,16.047,12.59,15.102,True
ML1,5,2026-05-26 15:00:00,2026-05-26 15:15:03,2026-05-26 15:31:03,2026-05-26 15:23:03.000,16.0,4.13,25.16,475.5,44.87,30.88,0.997,0.76,0.44,0.58,-0.236,Diretto_Entrambi_Tensiometri,16.731,0.35,17.049,0.05,14.497,0.07,18.017,0.26,16.566,0.67,14.144,0.74,16.727,3.19,9.507,5.31,15.223,15.247,12.63,18.677,16.051,16.162,12.61,15.297,True
ML1,6,2026-05-26 16:00:00,2026-05-26 16:15:02,2026-05-26 16:31:06,2026-05-26 16:23:04.000,16.07,5.13,25.26,474.53,44.49,30.61,0.989,0.6,0.31,0.43,-0.367,Diretto_Entrambi_Tensiometri,16.82,0.68,17.251,0.04,14.411,0.07,18.213,0.11,16.67,0.02,14.057,0.49,16.765,2.23,9.441,2.99,15.204,15.204,12.662,18.741,16.111,16.221,12.581,15.304,True
ML1,7,2026-05-26 17:00:00,2026-05-26 17:15:02,2026-05-26 17:31:07,2026-05-26 17:23:04.500,16.08,6.13,25.33,473.6,44.11,30.35,0.98,1.02,0.62,0.79,-0.101,Diretto_Entrambi_Tensiometri,17.036,0.61,17.452,0.03,14.383,0.01,18.528,0.02,16.976,0.08,14.001,0.46,16.896,2.96,9.666,5.05,15.247,15.282,12.646,19.143,16.231,16.391,12.78,15.411,True
ML1,8,2026-05-26 18:00:00,2026-05-26 18:15:03,2026-05-26 18:31:10,2026-05-26 18:23:06.500,16.12,7.13,25.42,472.66,43.74,30.09,0.972,1.36,0.9,1.11,0.044,Diretto_Entrambi_Tensiometri,17.505,1.07,17.827,0.17,14.392,0.09,18.884,0.17,17.257,0.18,14.05,0.48,17.111,2.93,9.359,2.27,15.709,15.389,12.682,19.45,16.499,16.605,12.655,15.627,True
ML1,9,2026-05-26 19:00:00,2026-05-26 19:15:02,2026-05-26 19:31:12,2026-05-26 19:23:07.000,16.17,8.13,25.44,471.7,43.35,29.83,0.963,1.91,1.19,1.5,0.177,Diretto_Entrambi_Tensiometri,17.911,0.77,18.126,0.13,14.475,0.05,19.173,0.11,17.526,0.13,14.142,0.71,16.738,1.97,8.758,10.33,16.27,15.553,12.678,19.861,16.75,16.812,12.107,15.888,True
ML1,10,2026-05-26 20:00:00,2026-05-26 20:15:03,2026-05-26 20:31:16,2026-05-26 20:23:09.500,16.22,9.14,25.53,470.85,43.01,29.6,0.956,2.46,1.7,2.05,0.311,Diretto_Entrambi_Tensiometri,18.195,1.0,18.383,0.15,14.516,0.08,19.332,0.08,17.745,0.08,14.23,0.81,16.858,2.0,7.858,1.31,16.467,16.046,12.744,20.226,16.933,16.964,11.51,16.155,True
ML1,11,2026-05-26 21:00:00,2026-05-26 21:15:03,2026-05-26 21:31:14,2026-05-26 21:23:08.500,16.18,10.14,25.28,469.98,42.66,29.36,0.948,3.22,2.28,2.71,0.433,Diretto_Entrambi_Tensiometri,18.55,0.78,18.75,0.3,14.662,0.11,19.715,0.26,18.058,0.33,14.338,0.87,17.084,1.54,7.809,0.29,16.697,16.214,12.898,20.819,17.213,17.218,11.55,16.42,True
ML1,12,2026-05-26 22:00:00,2026-05-26 22:15:03,2026-05-26 22:31:22,2026-05-26 22:23:12.500,16.32,11.14,24.93,469.18,42.34,29.14,0.941,4.04,2.98,3.47,0.54,Diretto_Entrambi_Tensiometri,18.889,0.85,19.028,0.18,14.76,0.05,20.031,0.2,18.35,0.28,14.402,0.83,17.311,0.32,7.781,0.2,16.859,16.308,13.031,21.378,17.441,17.428,11.606,16.636,True
ML1,13,2026-05-26 23:00:00,2026-05-26 23:15:02,2026-05-26 23:31:32,2026-05-26 23:23:17.000,16.5,12.14,24.68,468.41,42.04,28.93,0.934,4.95,3.51,4.17,0.62,Diretto_Entrambi_Tensiometri,19.289,1.06,19.325,0.1,14.839,0.02,20.31,0.15,18.592,0.14,14.47,0.69,17.493,0.16,7.86,0.93,17.071,16.338,13.083,21.922,17.685,17.613,11.726,16.817,True
ML1,24,2026-05-27 10:00:00,2026-05-27 10:15:03,2026-05-27 10:31:57,2026-05-27 10:23:30.000,16.9,23.14,25.57,459.19,38.35,26.39,0.852,22.23,12.37,16.58,1.22,Diretto_Entrambi_Tensiometri,23.922,0.58,23.511,0.4,14.396,0.13,24.186,0.69,21.943,0.02,14.53,0.32,20.081,2.92,8.714,7.16,18.115,16.69,12.916,36.64,20.08,19.756,13.228,19.449,True
ML1,25,2026-05-27 11:00:00,2026-05-27 11:15:03,2026-05-27 11:31:38,2026-05-27 11:23:20.500,16.58,24.14,25.69,458.24,37.97,26.12,0.844,24.53,13.21,18.0,1.255,Diretto_Entrambi_Tensiometri,24.378,0.5,23.926,0.25,14.333,0.05,24.623,0.5,22.26,0.12,14.472,0.17,20.242,3.0,9.116,10.2,18.097,16.261,12.772,38.312,20.296,19.943,13.584,19.48,True
ML1,26,2026-05-27 12:00:00,2026-05-27 12:15:02,2026-05-27 12:31:32,2026-05-27 12:23:17.000,16.5,25.14,25.54,457.32,37.6,25.87,0.836,27.84,13.93,19.69,1.294,Diretto_Entrambi_Tensiometri,24.776,0.83,24.356,0.17,14.311,0.11,25.057,0.58,22.589,0.02,14.51,0.47,20.405,3.56,10.013,4.78,18.242,16.09,12.649,39.925,20.516,20.176,14.294,19.622,True
ML1,27,2026-05-27 13:00:00,2026-05-27 13:15:02,2026-05-27 13:31:30,2026-05-27 13:23:16.000,16.47,26.14,25.31,456.41,37.24,25.62,0.828,31.17,14.72,21.42,1.331,Diretto_Entrambi_Tensiometri,25.16,1.11,24.749,0.08,14.299,0.01,25.444,0.55,22.903,0.07,14.525,0.49,20.717,3.89,10.55,6.1,18.304,16.088,12.622,41.317,20.726,20.38,14.784,19.796,True
ML1,28,2026-05-27 14:00:00,2026-05-27 14:15:02,2026-05-27 14:31:35,2026-05-27 14:23:18.500,16.55,27.14,25.01,455.46,36.86,25.36,0.819,34.68,15.54,23.22,1.366,Diretto_Entrambi_Tensiometri,25.561,1.0,25.163,0.01,14.284,0.2,25.885,0.79,23.251,0.01,14.541,0.46,21.087,4.54,10.591,2.92,18.489,16.093,12.689,42.949,20.944,20.608,14.944,20.067,True
ML1,29,2026-05-27 15:00:00,2026-05-27 15:15:03,2026-05-27 15:31:38,2026-05-27 15:23:20.500,16.58,28.14,24.78,454.51,36.47,25.1,0.811,38.46,16.03,24.83,1.395,Diretto_Entrambi_Tensiometri,25.908,1.24,25.552,0.2,14.267,0.22,26.329,0.64,23.608,0.03,14.532,0.39,21.247,6.07,11.364,5.42,18.604,16.27,12.793,44.576,21.138,20.826,15.539,20.383,True
ML1,30,2026-05-27 16:00:00,2026-05-27 16:15:02,2026-05-27 16:32:05,2026-05-27 16:23:33.500,17.05,29.14,24.63,453.56,36.09,24.84,0.802,42.74,16.82,26.82,1.428,Diretto_Entrambi_Tensiometri,26.167,1.44,25.856,0.15,14.269,0.18,26.795,0.85,23.933,0.21,14.521,0.69,21.309,5.5,11.977,8.28,18.851,16.396,12.917,45.86,21.293,21.039,15.976,20.686,True
ML1,31,2026-05-27 17:00:00,2026-05-27 17:15:02,2026-05-27 17:31:45,2026-05-27 17:23:23.500,16.72,30.14,24.56,452.67,35.74,24.59,0.794,47.17,17.55,28.78,1.459,Diretto_Entrambi_Tensiometri,26.46,0.72,26.114,0.1,14.266,0.28,27.226,0.98,24.274,0.13,14.493,0.64,21.269,6.51,11.483,8.9,19.103,16.679,13.035,46.998,21.441,21.237,15.628,21.019,True
ML1,32,2026-05-27 18:00:00,2026-05-27 18:15:02,2026-05-27 18:31:48,2026-05-27 18:23:25.000,16.77,31.14,24.41,451.79,35.39,24.35,0.786,52.44,18.31,30.98,1.491,Diretto_Entrambi_Tensiometri,26.642,0.98,26.38,0.17,14.302,0.27,27.718,1.06,24.658,0.11,14.476,0.63,21.056,4.69,11.973,10.14,19.381,17.127,13.15,48.137,21.581,21.468,15.878,21.41,True
ML1,33,2026-05-27 19:00:00,2026-05-27 19:15:02,2026-05-27 19:32:05,2026-05-27 19:23:33.500,17.05,32.14,24.25,450.97,35.06,24.12,0.779,57.98,19.07,33.25,1.522,Diretto_Entrambi_Tensiometri,26.81,1.56,26.585,0.13,14.297,0.3,28.211,1.27,25.04,0.14,14.376,0.48,20.963,4.76,15.785,20.95,19.688,17.507,13.23,49.103,21.68,21.655,18.191,21.753,True
ML1,34,2026-05-27 20:00:00,2026-05-27 20:15:03,2026-05-27 20:32:17,2026-05-27 20:23:40.000,17.23,33.14,24.15,450.18,34.74,23.91,0.772,63.87,19.84,35.59,1.551,Diretto_Entrambi_Tensiometri,26.98,1.42,26.788,0.28,14.324,0.45,28.599,1.51,25.416,0.17,14.417,0.33,20.943,3.54,17.464,23.84,19.944,18.138,13.57,50.027,21.795,21.883,19.125,22.261,True
ML1,35,2026-05-27 21:00:00,2026-05-27 21:15:02,2026-05-27 21:32:22,2026-05-27 21:23:42.000,17.33,34.14,24.08,449.43,34.44,23.7,0.765,70.42,20.58,38.07,1.581,Diretto_Entrambi_Tensiometri,27.063,1.87,26.955,0.14,14.33,0.28,29.028,1.55,25.796,0.2,14.383,0.31,20.827,4.03,18.228,27.97,20.116,18.385,13.466,51.136,21.865,22.084,19.484,22.464,True
ML1,36,2026-05-27 22:00:00,2026-05-27 22:15:02,2026-05-27 22:32:32,2026-05-27 22:23:47.000,17.5,35.15,24.05,448.75,34.17,23.51,0.759,77.39,21.32,40.62,1.609,Diretto_Entrambi_Tensiometri,27.117,2.14,27.109,0.23,14.323,0.32,29.479,1.58,26.214,0.23,14.263,0.56,20.633,1.82,19.258,34.31,20.233,18.851,13.572,52.085,21.918,22.255,19.934,22.787,False
ML1,37,2026-05-27 23:00:00,2026-05-27 23:15:03,2026-05-27 23:33:10,2026-05-27 23:24:06.500,18.12,36.15,24.04,448.05,33.89,23.32,0.753,84.67,22.16,43.32,1.637,Diretto_Entrambi_Tensiometri,27.165,3.08,27.267,0.41,14.356,0.19,29.833,1.57,26.666,0.33,14.226,0.12,20.874,1.7,20.765,21.37,20.307,19.342,13.641,52.646,21.99,22.452,20.819,23.046,True
ML1,46,2026-05-28 08:00:00,2026-05-28 08:15:03,2026-05-28 08:31:55,2026-05-28 08:23:29.000,16.87,45.14,25.96,441.32,31.2,21.47,0.693,172.53,29.43,70.57,1.849,Oltre_Air_Entry_Top,27.605,2.23,28.406,0.6,14.758,0.49,33.36,2.61,32.139,1.74,13.778,0.02,21.572,3.11,15.179,35.71,21.95,18.891,14.739,58.315,22.619,24.537,18.095,24.433,False
ML1,47,2026-05-28 09:00:00,2026-05-28 09:15:02,2026-05-28 09:32:14,2026-05-28 09:23:38.000,17.2,46.14,25.94,440.62,30.92,21.28,0.687,182.79,30.82,73.17,1.864,Oltre_Air_Entry_Top,27.518,1.84,28.526,0.19,14.841,0.28,33.621,1.98,32.538,1.4,13.898,0.77,21.921,0.49,20.987,21.1,21.653,20.186,14.867,59.499,22.669,24.773,21.449,24.936,True
ML1,48,2026-05-28 10:00:00,2026-05-28 10:15:03,2026-05-28 10:32:33,2026-05-28 10:23:48.000,17.5,47.15,25.99,439.88,30.62,21.07,0.681,193.05,32.13,75.76,1.879,Oltre_Air_Entry_Top,27.065,1.22,28.735,0.1,14.925,0.21,34.022,2.31,33.159,0.66,13.833,0.61,22.081,0.69,24.181,13.26,21.656,20.525,15.193,60.621,22.642,24.99,23.107,25.295,True
ML1,49,2026-05-28 11:00:00,2026-05-28 11:15:03,2026-05-28 11:32:39,2026-05-28 11:23:51.000,17.6,48.15,25.99,439.19,30.35,20.88,0.674,203.3,33.36,78.35,1.894,Oltre_Air_Entry_Top,26.785,0.98,28.852,0.07,14.961,0.12,34.375,1.71,33.631,0.89,13.78,1.03,22.166,0.76,27.696,9.47,21.888,22.509,15.287,61.371,22.612,25.162,24.777,26.074,True
ML1,50,2026-05-28 12:00:00,2026-05-28 12:15:03,2026-05-28 12:33:26,2026-05-28 12:24:14.500,18.38,49.15,25.82,438.53,30.08,20.7,0.669,213.6,34.92,80.96,1.908,Oltre_Air_Entry_Top,25.839,1.83,29.008,0.04,15.011,0.34,34.804,1.93,34.246,1.3,13.745,0.43,22.148,1.26,30.666,8.17,21.988,23.168,15.528,62.465,22.408,25.398,26.061,26.513,True
ML1,51,2026-05-28 13:00:00,2026-05-28 13:15:03,2026-05-28 13:32:34,2026-05-28 13:23:48.500,17.52,50.15,25.6,437.87,29.82,20.52,0.663,223.77,36.61,83.52,1.922,Oltre_Air_Entry_Top,24.706,5.55,29.226,0.09,15.086,0.17,35.034,3.33,34.963,0.91,13.638,1.32,22.269,1.36,36.375,8.8,22.249,25.63,15.791,64.685,22.167,25.563,28.461,27.626,True
ML1,52,2026-05-28 14:00:00,2026-05-28 14:15:03,2026-05-28 14:32:16,2026-05-28 14:23:39.500,17.22,51.14,25.37,437.25,29.57,20.35,0.657,233.98,38.32,86.11,1.935,Oltre_Air_Entry_Top,22.301,3.8,29.384,0.01,15.088,0.04,35.482,3.01,35.509,0.89,13.505,1.14,22.147,1.72,42.848,13.51,22.382,28.369,16.061,65.007,21.463,25.721,30.805,28.534,True
ML1,53,2026-05-28 15:00:00,2026-05-28 15:15:05,2026-05-28 15:29:41,2026-05-28 15:22:23.000,14.6,52.12,25.19,436.65,29.33,20.18,0.652,244.0,40.08,88.64,1.948,Oltre_Air_Entry_Top,19.238,1.02,29.584,0.61,15.197,0.92,36.401,1.31,36.054,1.0,13.398,0.4,21.856,0.36,47.171,13.54,23.013,23.403,16.043,64.678,20.527,26.004,32.109,27.341,True
ML1,54,2026-05-28 16:00:00,2026-05-28 16:15:05,2026-05-28 16:29:38,2026-05-28 16:22:21.500,14.55,53.12,25.06,436.05,29.09,20.02,0.646,254.23,41.94,91.22,1.96,Oltre_Air_Entry_Top,15.508,16.04,29.636,0.29,15.159,1.05,37.143,0.6,36.323,1.48,13.265,0.5,21.936,1.2,53.155,20.29,24.854,24.406,16.272,65.786,19.099,26.157,34.147,28.387,False
ML1,55,2026-05-28 17:00:00,2026-05-28 17:15:05,2026-05-28 17:29:34,2026-05-28 17:22:19.500,14.48,54.12,24.96,435.46,28.86,19.86,0.641,264.46,43.9,93.81,1.972,Oltre_Air_Entry_Top,14.102,7.53,29.752,0.02,15.198,0.79,37.404,0.68,36.859,1.66,13.194,0.67,21.873,1.78,54.918,9.55,25.859,25.335,16.548,66.784,18.544,26.299,34.659,29.17,True
ML1,56,2026-05-28 18:00:00,2026-05-28 18:15:05,2026-05-28 18:29:33,2026-05-28 18:22:19.000,14.47,55.12,24.85,434.87,28.62,19.69,0.636,274.7,46.04,96.4,1.984,Oltre_Air_Entry_Top,13.979,12.85,29.984,0.43,15.325,0.12,38.345,0.56,37.156,1.67,13.033,1.96,21.667,1.23,55.682,13.2,27.293,25.824,16.74,67.925,18.589,26.481,34.734,29.92,True
ML1,57,2026-05-28 19:00:00,2026-05-28 19:15:05,2026-05-28 19:29:46,2026-05-28 19:22:25.500,14.68,56.12,24.7,434.29,28.39,19.53,0.631,284.95,48.29,98.99,1.996,Oltre_Air_Entry_Top,12.489,27.41,30.234,0.23,15.338,0.95,39.175,0.67,37.497,1.96,12.931,3.72,21.368,2.41,58.403,12.36,27.041,28.156,17.118,69.384,17.958,26.682,35.326,30.837,False
ML1,58,2026-05-28 20:00:00,2026-05-28 20:15:05,2026-05-28 20:29:42,2026-05-28 20:22:23.500,14.62,57.12,24.53,433.75,28.17,19.38,0.626,295.18,50.58,101.58,2.007,Oltre_Air_Entry_Top,12.225,58.65,30.456,0.85,15.454,0.81,39.891,1.41,38.005,1.88,12.808,4.7,21.22,2.74,61.149,9.39,28.827,27.825,17.56,71.683,17.919,26.878,36.022,31.699,False
ML1,59,2026-05-28 21:00:00,2026-05-28 21:15:05,2026-05-28 21:29:35,2026-05-28 21:22:20.000,14.5,58.12,24.36,433.2,27.95,19.23,0.621,305.41,53.04,104.16,2.018,Oltre_Air_Entry_Top,9.264,80.74,30.525,0.38,15.444,1.0,40.866,3.2,38.417,1.75,12.664,6.04,20.807,2.3,67.008,6.34,30.035,31.104,17.979,72.999,16.346,27.091,37.339,33.276,False
ML1,60,2026-05-28 22:00:00,2026-05-28 22:15:05,2026-05-28 22:29:36,2026-05-28 22:22:20.500,14.52,59.12,24.24,432.7,27.75,19.1,0.617,315.65,55.51,106.75,2.028,Oltre_Air_Entry_Top,11.367,73.45,30.759,1.31,15.397,0.35,41.701,4.83,38.819,1.4,12.449,7.33,20.437,2.32,71.914,3.78,31.805,33.265,18.031,74.443,17.526,27.213,38.337,34.521,False
ML1,61,2026-05-28 23:00:00,2026-05-28 23:15:05,2026-05-28 23:29:45,2026-05-28 23:22:25.000,14.67,60.12,24.19,432.22,27.56,18.96,0.612,325.9,58.17,109.34,2.039,Oltre_Air_Entry_Top,12.321,58.57,30.834,0.75,15.408,0.05,42.581,5.37,39.264,1.12,12.133,12.98,19.686,0.52,79.527,4.8,32.797,35.42,18.442,79.669,18.022,27.273,39.567,36.145,False
ML1,71,2026-05-29 09:00:00,2026-05-29 09:15:02,2026-05-29 09:33:10,2026-05-29 09:24:06.000,18.13,70.15,25.86,427.7,25.75,17.72,0.572,428.55,92.33,135.28,2.131,Oltre_Air_Entry_Top,34.107,8.58,32.407,0.23,15.514,0.05,41.842,3.36,42.955,1.01,7.502,13.5,20.866,5.73,175.944,3.22,59.729,60.724,20.738,101.733,25.787,23.801,60.591,52.595,True
ML1,72,2026-05-29 10:00:00,2026-05-29 10:15:03,2026-05-29 10:33:11,2026-05-29 10:24:07.000,18.13,71.15,26.01,427.24,25.57,17.59,0.568,438.79,96.96,137.87,2.139,Oltre_Air_Entry_Top,40.039,4.22,32.4,0.03,15.532,0.27,39.977,4.98,43.471,1.3,8.173,92.03,20.824,9.85,263.733,4.06,66.054,82.105,21.973,136.086,27.211,24.218,74.108,63.459,False
ML1,73,2026-05-29 11:00:00,2026-05-29 11:15:02,2026-05-29 11:33:19,2026-05-29 11:24:10.500,18.28,72.15,25.89,426.81,25.4,17.48,0.564,449.04,102.33,140.46,2.148,Oltre_Air_Entry_Top,47.39,20.33,32.932,0.17,15.591,0.15,40.001,6.27,43.361,2.56,8.032,85.83,19.991,4.0,289.631,2.88,70.89,80.604,22.996,160.272,28.977,24.062,76.092,67.743,False
ML1,74,2026-05-29 12:00:00,2026-05-29 12:15:03,2026-05-29 12:32:56,2026-05-29 12:23:59.500,17.88,73.15,25.63,426.4,25.23,17.36,0.561,459.24,107.94,143.04,2.155,Oltre_Air_Entry_Top,59.325,28.45,32.974,0.85,15.603,0.07,38.731,9.05,43.748,3.17,6.992,157.46,20.261,20.3,429.302,1.26,73.563,116.622,24.248,189.973,31.252,22.797,93.264,79.287,False
ML1,75,2026-05-29 13:00:00,2026-05-29 13:15:02,2026-05-29 13:33:53,2026-05-29 13:24:27.500,18.85,74.16,25.58,426.0,25.07,17.25,0.557,469.56,113.75,145.65,2.163,Oltre_Air_Entry_Top,66.463,19.45,33.04,1.0,15.591,0.12,36.38,11.32,43.795,0.75,5.641,182.23,19.865,20.09,453.715,1.13,70.679,215.147,25.858,237.621,32.471,20.791,94.937,98.316,False
ML1,76,2026-05-29 14:00:00,2026-05-29 14:15:02,2026-05-29 14:33:40,2026-05-29 14:24:21.000,18.63,75.16,25.63,425.62,24.92,17.15,0.554,479.78,119.77,148.23,2.171,Oltre_Air_Entry_Top,84.398,33.78,33.367,0.88,15.608,0.2,35.61,14.65,45.39,2.79,7.041,168.49,21.347,24.75,756.85,58.91,80.188,222.07,26.766,493.989,35.291,22.493,127.108,123.873,False
ML1,77,2026-05-29 15:00:00,2026-05-29 15:15:02,2026-05-29 15:34:16,2026-05-29 15:24:39.000,19.23,76.16,25.73,425.27,24.78,17.05,0.551,490.07,126.11,150.83,2.178,Oltre_Air_Entry_Top,105.657,35.46,33.765,0.91,15.601,0.05,35.775,10.94,45.749,2.28,5.902,110.75,20.824,9.82,897.463,56.29,102.524,237.741,29.189,351.657,38.18,21.297,136.707,125.767,False
ML1,78,2026-05-29 16:00:00,2026-05-29 16:15:03,2026-05-29 16:33:58,2026-05-29 16:24:30.500,18.92,77.16,25.93,424.96,24.65,16.96,0.548,500.28,132.57,153.41,2.186,Oltre_Air_Entry_Top,117.187,44.14,34.065,1.52,15.616,0.09,34.648,9.44,46.1,1.81,4.509,21.81,21.235,4.83,929.459,54.66,115.543,255.603,31.319,394.91,39.651,19.312,140.489,138.246,False
ML1,79,2026-05-29 17:00:00,2026-05-29 17:15:03,2026-05-29 17:34:44,2026-05-29 17:24:53.500,19.68,78.16,26.13,424.62,24.52,16.87,0.545,510.58,139.42,156.02,2.193,Oltre_Air_Entry_Top,129.111,45.95,34.548,1.57,15.536,0.02,35.638,9.47,46.001,1.33,6.211,56.38,21.672,4.37,902.129,50.78,140.234,251.618,33.915,430.429,41.075,21.674,139.825,150.651,False
ML1,80,2026-05-29 18:00:00,2026-05-29 18:15:02,2026-05-29 18:34:05,2026-05-29 18:24:33.500,19.05,79.16,26.27,424.32,24.4,16.79,0.542,520.76,146.27,158.59,2.2,Oltre_Air_Entry_Top,149.691,50.49,35.055,3.4,15.622,0.35,35.692,3.83,46.408,0.6,6.353,1.78,22.877,5.42,1009.423,53.89,159.377,269.094,36.218,553.383,43.44,21.914,151.962,171.226,False
ML1,81,2026-05-29 19:00:00,2026-05-29 19:15:02,2026-05-29 19:33:29,2026-05-29 19:24:15.500,18.45,80.15,26.29,424.02,24.28,16.71,0.54,530.95,153.13,161.16,2.207,Oltre_Air_Entry_Top,179.75,34.21,36.972,4.86,15.831,0.49,43.112,8.18,46.783,0.8,4.163,110.04,26.173,32.7,402.301,18.59,199.308,192.019,43.243,721.542,47.208,20.325,102.613,185.892,False
ML1,82,2026-05-29 20:00:00,2026-05-29 20:15:02,2026-05-29 20:33:18,2026-05-29 20:24:10.000,18.27,81.15,25.91,423.77,24.18,16.64,0.537,541.17,160.01,163.75,2.214,Oltre_Air_Entry_Top,192.31,36.36,40.38,13.3,16.128,0.27,45.575,2.43,47.509,0.15,5.56,42.61,36.45,17.95,313.768,11.18,237.474,97.835,49.713,809.147,50.032,22.919,106.943,174.844,False
ML1,83,2026-05-29 21:00:00,2026-05-29 21:15:02,2026-05-29 21:33:05,2026-05-29 21:24:03.500,18.05,82.15,25.57,423.52,24.08,16.57,0.535,551.39,166.89,166.33,2.221,Oltre_Air_Entry_Top,217.781,28.99,41.561,16.22,16.467,0.07,45.462,4.43,48.245,0.2,4.31,134.16,45.191,25.64,265.961,28.44,280.721,83.084,55.391,603.46,53.02,21.144,109.631,167.098,False
ML1,84,2026-05-29 22:00:00,2026-05-29 22:15:05,2026-05-29 22:33:09,2026-05-29 22:24:07.000,18.07,83.15,25.32,423.29,23.99,16.51,0.533,561.63,173.78,168.92,2.228,Oltre_Air_Entry_Top,251.715,31.26,43.494,19.05,16.565,0.69,45.023,1.85,49.054,0.4,3.28,175.46,54.704,40.48,361.997,10.15,322.841,112.94,57.482,1020.003,56.604,19.349,140.722,215.027,False
ML1,85,2026-05-29 23:00:00,2026-05-29 23:15:05,2026-05-29 23:33:19,2026-05-29 23:24:12.000,18.23,84.15,25.19,423.04,23.89,16.44,0.531,571.89,180.68,171.51,2.234,Oltre_Air_Entry_Top,266.282,27.06,45.583,11.75,16.692,0.77,48.637,1.51,49.674,0.12,3.966,180.6,61.43,42.58,331.145,6.78,350.934,102.054,53.657,1239.82,58.733,21.24,142.626,220.933,False
ML1,86,2026-05-30 00:00:00,2026-05-30 00:15:05,2026-05-30 00:34:01,2026-05-30 00:24:33.000,18.93,85.16,25.03,422.78,23.78,16.37,0.529,582.18,187.61,174.11,2.241,Oltre_Air_Entry_Top,298.134,25.07,46.157,10.73,16.752,0.83,45.091,6.19,50.391,0.36,5.809,18.86,71.5,46.6,421.239,12.58,377.34,189.249,51.21,969.569,61.316,23.633,173.547,244.02,False
ML1,87,2026-05-30 01:00:00,2026-05-30 01:15:05,2026-05-30 01:33:26,2026-05-30 01:24:15.500,18.35,86.15,24.95,422.5,23.67,16.29,0.526,592.37,194.47,176.69,2.247,Oltre_Air_Entry_Top,310.453,28.45,47.734,12.56,16.769,1.41,43.863,5.55,50.998,0.3,7.2,27.29,92.389,45.26,475.729,1.23,389.075,213.63,53.372,1339.006,62.87,25.254,209.648,277.618,False
ML1,88,2026-05-30 02:00:00,2026-05-30 02:15:05,2026-05-30 02:33:50,2026-05-30 02:24:27.500,18.75,87.16,24.87,422.23,23.56,16.21,0.524,602.64,201.38,179.28,2.254,Oltre_Air_Entry_Top,338.397,19.88,48.281,15.41,16.86,1.44,42.933,2.22,52.074,0.43,9.776,68.56,120.36,37.47,725.373,27.98,427.536,237.549,52.735,1463.326,65.066,27.959,295.476,297.537,False
ML1,89,2026-05-30 03:00:00,2026-05-30 03:15:05,2026-05-30 03:34:05,2026-05-30 03:24:35.000,19.0,88.16,24.83,421.94,23.45,16.13,0.521,612.9,208.29,181.88,2.26,Oltre_Air_Entry_Top,347.634,31.91,47.892,16.18,16.903,1.82,40.521,2.43,51.728,3.08,16.058,3.9,147.328,31.97,796.005,31.31,441.306,250.439,51.954,1537.925,65.531,32.287,342.453,306.548,False
ML1,90,2026-05-30 04:00:00,2026-05-30 04:15:05,2026-05-30 04:34:18,2026-05-30 04:24:41.500,19.22,89.16,24.78,421.64,23.33,16.05,0.518,623.15,215.19,184.47,2.266,Oltre_Air_Entry_Top,372.294,17.86,49.552,18.28,17.098,1.91,38.655,3.39,53.201,2.03,20.42,0.69,174.876,32.43,871.003,22.51,453.179,264.9,52.778,1522.661,68.071,34.758,390.279,313.402,False
ML1,91,2026-05-30 05:00:00,2026-05-30 05:15:05,2026-05-30 05:34:09,2026-05-30 05:24:37.000,19.07,90.16,24.7,421.34,23.21,15.97,0.516,633.38,222.07,187.05,2.272,Oltre_Air_Entry_Top,399.047,20.47,47.711,17.14,16.26,0.45,36.664,6.42,54.925,1.0,22.544,12.1,196.004,30.62,955.965,30.85,462.024,262.224,54.646,1687.984,67.648,35.674,432.866,325.137,False
ML1,92,2026-05-30 06:00:00,2026-05-30 06:15:05,2026-05-30 06:34:49,2026-05-30 06:24:57.000,19.73,91.17,25.46,420.99,23.07,15.87,0.513,643.67,229.0,189.65,2.278,Oltre_Air_Entry_Top,395.746,25.14,24.93,25.36,14.168,3.17,32.178,0.21,60.186,3.01,25.606,5.78,234.982,30.99,1042.846,27.26,443.198,316.784,56.746,1262.373,51.898,36.739,495.025,316.68,False
ML1,93,2026-05-30 07:00:00,2026-05-30 07:15:05,2026-05-30 07:34:13,2026-05-30 07:24:39.000,19.13,92.16,27.46,420.44,22.85,15.72,0.508,653.86,235.85,192.23,2.284,Oltre_Air_Entry_Top,360.43,22.07,56.95,9.12,17.994,3.07,45.226,5.55,68.069,2.16,6.887,157.62,243.693,35.12,465.075,64.68,384.591,202.122,58.6,1057.753,71.749,27.677,336.653,263.465,False
ML1,94,2026-05-30 08:00:00,2026-05-30 08:15:05,2026-05-30 08:35:09,2026-05-30 08:25:07.000,20.07,93.17,26.9,420.23,22.76,15.66,0.506,664.17,242.8,194.84,2.29,Oltre_Air_Entry_Top,437.777,14.01,54.695,15.02,18.217,2.16,41.517,2.59,68.513,1.42,9.696,170.9,302.673,28.78,740.931,12.14,418.626,231.192,60.936,1563.183,75.839,30.213,473.561,309.864,False
ML1,95,2026-05-30 09:00:00,2026-05-30 09:15:05,2026-05-30 09:34:36,2026-05-30 09:24:50.500,19.52,94.16,26.79,419.89,22.63,15.57,0.503,674.36,249.66,197.41,2.295,Oltre_Air_Entry_Top,513.679,0.19,50.24,20.97,17.568,1.57,39.746,1.61,69.562,0.29,11.509,158.24,398.45,30.8,845.835,17.22,455.376,259.506,67.381,1864.288,76.822,31.688,580.537,349.054,False
ML1,96,2026-05-30 10:00:00,2026-05-30 10:15:05,2026-05-30 10:34:28,2026-05-30 10:24:46.500,19.38,95.16,26.84,419.55,22.49,15.48,0.5,684.59,256.54,200.0,2.301,Oltre_Air_Entry_Top,496.502,10.73,51.966,12.25,17.593,2.15,35.213,2.92,69.204,2.82,26.286,17.42,435.27,27.28,905.835,17.15,474.866,286.634,71.685,1873.34,76.853,40.012,627.919,367.693,False
ML1,97,2026-05-30 11:00:00,2026-05-30 11:15:05,2026-05-30 11:34:28,2026-05-30 11:24:46.500,19.38,96.16,26.64,419.22,22.36,15.39,0.497,694.82,263.43,202.58,2.307,Oltre_Air_Entry_Top,507.387,15.91,57.335,15.49,20.267,3.53,37.176,5.63,70.869,1.95,29.165,9.67,480.444,26.16,821.252,4.32,487.777,280.282,78.664,2029.18,83.853,42.514,628.145,384.351,False
ML1,98,2026-05-30 12:00:00,2026-05-30 12:15:08,2026-05-30 12:34:38,2026-05-30 12:24:53.000,19.5,97.16,26.37,418.91,22.24,15.3,0.494,705.08,270.33,205.18,2.312,Oltre_Air_Entry_Top,551.474,5.1,61.349,17.49,20.5,7.14,34.73,5.49,71.136,3.12,30.702,4.93,526.596,27.5,917.594,25.31,511.413,247.543,83.252,2228.851,88.517,42.331,695.127,391.493,False
ML1,99,2026-05-30 13:00:00,2026-05-30 13:15:08,2026-05-30 13:34:22,2026-05-30 13:24:45.000,19.23,98.16,26.2,418.6,22.11,15.21,0.491,715.29,277.2,207.76,2.318,Oltre_Air_Entry_Top,580.194,2.32,61.407,13.95,20.562,7.9,32.877,0.66,73.125,0.93,38.977,11.44,554.473,24.06,1000.08,22.49,538.907,277.015,88.783,2150.333,90.147,45.421,744.659,410.878,False
ML1,100,2026-05-30 14:00:00,2026-05-30 14:15:08,2026-05-30 14:34:40,2026-05-30 14:24:54.000,19.53,99.16,26.06,418.3,21.99,15.13,0.489,725.56,284.11,210.35,2.323,Oltre_Air_Entry_Top,633.798,1.46,62.208,17.23,21.251,9.5,28.098,9.63,74.156,0.82,46.515,4.89,617.734,21.71,1042.187,22.81,579.919,254.304,96.362,2356.432,94.274,45.934,802.368,427.78,False
ML1,101,2026-05-30 15:00:00,2026-05-30 15:15:08,2026-05-30 15:34:11,2026-05-30 15:24:39.500,19.05,100.16,26.01,417.99,21.87,15.05,0.486,735.75,290.97,212.93,2.328,Oltre_Air_Entry_Top,647.602,11.24,63.06,19.79,21.548,12.1,30.574,23.49,75.565,0.31,47.058,9.35,681.959,20.24,1122.973,32.57,616.06,287.984,101.587,2494.112,95.827,47.728,875.112,460.454,False
ML1,102,2026-05-30 16:00:00,2026-05-30 16:15:08,2026-05-30 16:34:08,2026-05-30 16:24:38.000,19.0,101.16,25.95,417.71,21.76,14.97,0.483,745.98,297.86,215.51,2.333,Oltre_Air_Entry_Top,684.039,4.52,64.98,16.33,22.081,15.19,30.793,11.88,74.558,3.83,47.006,0.63,743.669,14.79,996.285,14.18,656.353,253.866,111.751,2554.85,99.379,47.61,860.759,467.025,False
ML1,103,2026-05-30 17:00:00,2026-05-30 17:15:08,2026-05-30 17:34:58,2026-05-30 17:25:03.000,19.83,102.17,25.87,417.43,21.64,14.89,0.481,756.29,304.8,218.12,2.339,Oltre_Air_Entry_Top,697.07,3.12,68.092,10.67,22.464,14.86,22.358,45.2,76.276,1.06,59.514,10.83,889.107,16.05,1078.194,12.62,665.599,274.419,132.623,2903.356,102.161,46.646,979.096,514.975,False
ML1,104,2026-05-30 18:00:00,2026-05-30 18:15:08,2026-05-30 18:34:39,2026-05-30 18:24:53.500,19.52,103.16,25.83,417.15,21.53,14.82,0.478,766.5,311.67,220.7,2.344,Oltre_Air_Entry_Top,735.45,5.33,70.391,16.02,22.421,15.06,17.685,57.1,76.663,1.7,64.784,17.34,964.339,15.24,1179.711,20.59,721.377,282.834,143.727,2930.115,105.093,44.451,1066.603,541.414,False
ML1,105,2026-05-30 19:00:00,2026-05-30 19:15:08,2026-05-30 19:34:25,2026-05-30 19:24:46.500,19.28,104.16,25.71,416.88,21.42,14.74,0.476,776.72,318.55,223.28,2.349,Oltre_Air_Entry_Top,739.617,6.12,79.255,21.05,23.143,24.62,30.606,10.16,78.403,2.62,51.315,10.38,1016.847,15.86,1037.687,15.19,775.259,309.486,148.059,3309.813,110.701,49.75,1027.214,585.574,False
ML1,106,2026-05-30 20:00:00,2026-05-30 20:15:08,2026-05-30 20:34:23,2026-05-30 20:24:45.500,19.25,105.16,25.49,416.61,21.32,14.67,0.474,786.95,325.44,225.87,2.354,Oltre_Air_Entry_Top,761.271,6.91,83.388,18.06,23.357,35.41,24.638,66.48,80.829,0.33,60.778,5.02,1105.082,14.93,1036.159,16.9,811.945,295.615,159.71,3978.984,114.03,49.466,1070.066,624.941,False
ML1,107,2026-05-30 21:00:00,2026-05-30 21:15:08,2026-05-30 21:34:01,2026-05-30 21:24:34.500,18.88,106.16,25.28,416.34,21.21,14.59,0.471,797.16,332.3,228.45,2.359,Oltre_Air_Entry_Top,801.942,2.52,87.487,18.11,22.713,44.03,22.85,87.87,82.966,0.77,68.877,17.33,1161.79,16.7,1101.877,9.41,873.157,289.43,157.544,4269.275,116.803,50.733,1131.437,642.093,False
ML1,108,2026-05-30 22:00:00,2026-05-30 22:15:10,2026-05-30 22:33:45,2026-05-30 22:24:27.500,18.58,107.16,25.1,416.09,21.11,14.52,0.469,807.38,339.18,231.03,2.364,Oltre_Air_Entry_Top,890.658,2.62,89.431,21.36,21.683,44.74,10.657,150.92,83.535,1.6,88.479,15.12,1152.628,19.93,1395.295,16.52,871.757,355.359,170.888,4221.153,119.979,42.866,1268.17,687.545,False
ML1,109,2026-05-30 23:00:00,2026-05-30 23:15:08,2026-05-30 23:33:28,2026-05-30 23:24:18.000,18.33,108.15,25.0,415.82,21.0,14.45,0.467,817.59,346.05,233.61,2.368,Oltre_Air_Entry_Top,976.124,0.76,93.29,19.21,23.194,41.25,15.508,34.87,86.11,0.43,96.176,12.85,1146.013,16.9,1546.378,17.08,911.944,387.702,187.662,3956.642,128.304,50.454,1331.228,715.801,False
ML1,110,2026-05-31 00:00:00,2026-05-31 00:15:08,2026-05-31 00:33:46,2026-05-31 00:24:27.000,18.63,109.16,24.93,415.59,20.91,14.39,0.465,827.85,352.96,236.2,2.373,Oltre_Air_Entry_Top,1008.278,4.59,99.739,22.44,27.988,56.87,15.004,32.32,87.97,0.48,98.333,13.65,1153.706,15.36,1560.477,17.77,925.908,406.363,205.736,4097.513,141.191,50.631,1341.764,750.461,False
ML1,111,2026-05-31 01:00:00,2026-05-31 01:15:08,2026-05-31 01:33:36,2026-05-31 01:24:22.000,18.47,110.16,24.92,415.33,20.8,14.31,0.462,838.07,359.84,238.79,2.378,Oltre_Air_Entry_Top,922.364,10.29,103.547,22.35,28.097,14.66,18.131,22.82,89.77,0.23,100.825,10.17,1210.53,23.51,1560.082,16.69,905.248,444.949,214.282,2424.153,138.963,54.749,1374.237,676.326,False
ML1,112,2026-05-31 02:00:00,2026-05-31 02:15:08,2026-05-31 02:33:59,2026-05-31 02:24:33.500,18.85,111.16,24.89,415.07,20.7,14.24,0.46,848.34,366.75,241.38,2.383,Oltre_Air_Entry_Top,1004.678,7.07,113.068,24.17,24.526,18.55,18.407,18.91,91.943,1.06,103.388,10.14,1234.921,18.59,1607.694,16.5,920.053,455.403,227.747,1573.918,140.712,55.932,1409.033,622.531,False
ML1,113,2026-05-31 03:00:00,2026-05-31 03:15:08,2026-05-31 03:34:15,2026-05-31 03:24:41.500,19.12,112.16,24.82,414.83,20.6,14.18,0.458,858.6,373.66,243.98,2.387,Oltre_Air_Entry_Top,1020.314,14.7,110.078,5.04,24.988,32.65,27.978,77.88,93.967,0.46,122.926,8.76,1283.117,25.37,1830.378,13.29,920.983,513.665,241.143,3149.393,141.055,68.624,1532.511,774.209,False
ML1,114,2026-05-31 04:00:00,2026-05-31 04:15:08,2026-05-31 04:34:21,2026-05-31 04:24:44.500,19.22,113.16,24.75,414.57,20.5,14.11,0.456,868.84,380.55,246.57,2.392,Oltre_Air_Entry_Top,1144.295,3.88,121.667,13.95,23.748,39.18,29.034,120.86,96.177,1.44,132.531,8.06,1332.853,25.03,1983.955,14.4,924.407,545.813,270.77,4697.247,148.975,71.796,1626.137,895.03,False
ML1,115,2026-05-31 05:00:00,2026-05-31 05:15:08,2026-05-31 05:34:16,2026-05-31 05:24:42.000,19.13,114.16,24.63,414.32,20.4,14.04,0.453,879.07,387.44,249.15,2.396,Oltre_Air_Entry_Top,1182.085,2.7,111.21,22.25,19.413,39.69,34.686,172.88,98.472,0.1,148.212,9.79,1354.357,25.11,2061.214,1.2,957.656,586.315,271.674,4268.909,136.656,79.698,1670.814,898.31,False
ML1,116,2026-05-31 06:00:00,2026-05-31 06:15:08,2026-05-31 06:35:01,2026-05-31 06:25:04.500,19.88,115.17,25.34,413.99,20.27,13.95,0.45,889.38,394.37,251.76,2.401,Oltre_Air_Entry_Top,1315.849,21.8,26.99,122.16,5.387,123.24,48.643,140.33,95.721,0.48,136.759,19.19,1417.908,26.42,2129.406,2.57,911.161,626.849,235.715,3618.358,57.622,86.032,1737.614,835.438,False
ML1,117,2026-05-31 07:00:00,2026-05-31 07:15:08,2026-05-31 07:33:59,2026-05-31 07:24:33.500,18.85,116.16,26.9,413.59,20.11,13.84,0.447,899.52,401.2,254.32,2.405,Oltre_Air_Entry_Top,1328.03,8.0,123.163,18.23,26.627,25.78,19.717,10.31,101.941,1.04,93.017,6.1,1481.03,26.43,1925.989,9.74,873.165,609.972,257.82,4890.379,163.306,57.181,1688.919,905.245,False
ML1,118,2026-05-31 08:00:00,2026-05-31 08:15:08,2026-05-31 08:34:00,2026-05-31 08:24:34.000,18.87,117.16,26.41,413.39,20.03,13.78,0.445,909.76,408.09,256.91,2.41,Oltre_Air_Entry_Top,1320.041,10.95,121.228,19.24,27.83,4.51,13.616,159.03,105.285,0.57,60.451,23.45,1545.887,29.28,1404.109,9.92,886.79,465.637,267.476,4802.333,164.526,44.253,1473.294,853.397,False
ML1,119,2026-05-31 09:00:00,2026-05-31 09:15:08,2026-05-31 09:34:14,2026-05-31 09:24:41.000,19.1,118.16,26.19,413.11,19.92,13.7,0.443,920.02,415.0,259.5,2.414,Oltre_Air_Entry_Top,1407.5,14.91,124.092,18.87,28.553,8.23,13.776,60.39,107.311,0.91,77.239,4.64,1580.438,23.38,1457.096,8.73,911.579,384.869,283.819,4864.986,170.85,48.514,1517.514,834.272,False
ML1,120,2026-05-31 10:00:00,2026-05-31 10:15:08,2026-05-31 10:33:47,2026-05-31 10:24:27.500,18.65,119.16,25.8,412.86,19.82,13.63,0.44,930.22,421.86,262.08,2.418,Oltre_Air_Entry_Top,1267.526,20.49,132.092,18.82,28.363,20.81,20.727,59.51,111.202,1.17,87.904,9.91,1661.26,22.72,1671.855,4.02,1011.64,539.815,320.16,4572.754,168.085,58.734,1666.549,945.592,False
ML1,121,2026-05-31 11:00:00,2026-05-31 11:15:08,2026-05-31 11:33:35,2026-05-31 11:24:21.500,18.45,120.16,25.54,412.62,19.72,13.57,0.438,940.44,428.74,264.66,2.423,Oltre_Air_Entry_Top,1146.265,12.67,134.359,9.62,31.873,8.12,35.049,172.52,113.699,1.62,120.005,9.14,1661.731,20.53,1997.713,10.47,1026.974,643.011,366.744,4086.766,169.951,78.201,1821.994,997.425,False
ML1,122,2026-05-31 12:00:00,2026-05-31 12:15:08,2026-05-31 12:33:18,2026-05-31 12:24:13.000,18.17,121.15,25.46,412.39,19.63,13.5,0.436,950.65,435.61,267.24,2.427,Oltre_Air_Entry_Top,1034.194,7.08,141.435,10.02,32.646,9.7,55.739,5.76,115.478,1.91,108.574,5.88,1636.089,21.43,1977.642,1.38,1035.577,646.905,398.883,3746.312,168.395,88.742,1798.777,1000.272,False
ML1,123,2026-05-31 13:00:00,2026-05-31 13:15:08,2026-05-31 13:33:46,2026-05-31 13:24:27.000,18.63,122.16,25.38,412.17,19.54,13.44,0.434,960.93,442.53,269.84,2.431,Oltre_Air_Entry_Top,1171.394,1.53,139.9,15.69,34.295,7.32,34.088,175.48,118.299,1.22,118.671,6.27,1624.662,21.03,2157.241,7.74,1040.303,679.476,423.97,4313.36,177.794,78.218,1872.108,1066.28,False
ML1,124,2026-05-31 14:00:00,2026-05-31 14:15:08,2026-05-31 14:33:45,2026-05-31 14:24:26.500,18.62,123.16,25.51,411.94,19.45,13.38,0.432,971.16,449.42,272.43,2.435,Oltre_Air_Entry_Top,1222.747,5.37,134.268,9.62,33.393,14.28,47.023,29.39,118.798,1.61,95.932,10.0,1590.889,21.4,2081.605,13.19,1053.52,682.226,424.56,4336.763,176.328,81.226,1819.781,1072.553,False
ML1,125,2026-05-31 15:00:00,2026-05-31 15:15:08,2026-05-31 15:33:20,2026-05-31 15:24:14.000,18.2,124.15,25.62,411.72,19.36,13.32,0.43,981.36,456.28,275.01,2.439,Oltre_Air_Entry_Top,1295.221,23.25,142.103,11.31,38.292,1.45,67.748,11.11,120.849,2.02,99.656,3.84,1596.559,18.28,2123.494,11.68,1060.733,689.023,452.07,4921.043,191.728,93.443,1841.272,1129.212,False
ML1,126,2026-05-31 16:00:00,2026-05-31 16:15:10,2026-05-31 16:33:47,2026-05-31 16:24:28.500,18.62,125.16,25.71,411.49,19.27,13.26,0.428,991.64,463.2,277.6,2.443,Oltre_Air_Entry_Top,1307.417,14.74,143.096,22.49,36.86,5.76,30.075,164.54,122.85,0.84,86.707,4.34,1571.905,16.86,1978.287,13.58,1102.247,661.365,428.577,4263.15,190.341,68.425,1763.428,1074.286,False
ML1,127,2026-05-31 17:00:00,2026-05-31 17:15:08,2026-05-31 17:33:36,2026-05-31 17:24:22.000,18.47,126.16,25.74,411.28,19.19,13.2,0.426,1001.86,470.08,280.19,2.447,Oltre_Air_Entry_Top,1286.78,18.9,142.086,21.61,42.129,22.4,30.606,166.23,125.036,2.32,48.364,172.56,1617.313,15.72,2008.519,11.88,1126.755,673.584,460.145,4448.377,197.49,56.989,1802.333,1116.425,False
ML1,128,2026-05-31 18:00:00,2026-05-31 18:15:08,2026-05-31 18:33:45,2026-05-31 18:24:26.500,18.62,127.16,25.75,411.05,19.09,13.14,0.424,1012.11,476.98,282.78,2.451,Oltre_Air_Entry_Top,1301.96,19.31,145.175,19.82,41.276,35.58,40.901,153.76,128.548,2.17,85.991,40.83,1634.45,18.35,2035.396,8.22,1134.241,672.313,491.37,4342.206,198.333,76.751,1823.939,1129.403,False
ML1,129,2026-05-31 19:00:00,2026-05-31 19:15:08,2026-05-31 19:33:03,2026-05-31 19:24:05.500,17.92,128.15,25.52,410.74,18.97,13.05,0.422,1022.29,483.83,285.35,2.455,Oltre_Air_Entry_Top,1372.468,36.91,138.989,15.29,34.871,15.42,72.948,93.43,132.576,3.31,146.821,9.58,1587.185,19.06,2543.804,1.13,1049.802,763.467,487.709,4958.771,188.068,112.397,2009.35,1179.935,False
ML1,130,2026-05-31 20:00:00,2026-05-31 20:15:08,2026-05-31 20:33:18,2026-05-31 20:24:13.000,18.17,129.15,25.3,410.45,18.85,12.97,0.419,1032.54,490.73,287.94,2.459,Oltre_Air_Entry_Top,1349.816,50.95,137.408,13.37,34.451,6.78,82.618,87.42,136.137,2.66,142.65,13.66,1577.821,21.58,2544.885,0.6,1093.994,752.315,501.389,5740.16,185.565,117.069,2003.84,1240.59,False
ML1,131,2026-05-31 21:00:00,2026-05-31 21:15:08,2026-05-31 21:33:10,2026-05-31 21:24:09.000,18.03,130.15,25.08,410.19,18.75,12.9,0.417,1042.77,497.62,290.53,2.463,Oltre_Air_Entry_Top,1451.262,46.01,140.215,12.4,42.037,25.17,104.26,66.88,139.619,3.23,75.348,152.52,1535.331,21.3,2710.48,2.25,1080.696,789.261,523.321,5746.136,204.514,103.128,2039.972,1265.514,False
ML1,132,2026-05-31 22:00:00,2026-05-31 22:15:08,2026-05-31 22:32:57,2026-05-31 22:24:02.500,17.82,131.15,24.97,409.99,18.67,12.84,0.415,1052.99,504.49,293.11,2.467,Oltre_Air_Entry_Top,1362.263,40.98,154.83,12.67,38.088,1.29,95.254,93.23,142.76,2.19,132.149,14.14,1548.224,20.44,2644.458,0.91,1159.569,783.759,567.279,5254.557,200.279,121.577,2023.416,1282.93,False
ML1,133,2026-05-31 23:00:00,2026-05-31 23:15:08,2026-05-31 23:33:14,2026-05-31 23:24:11.000,18.1,132.15,24.98,409.79,18.59,12.79,0.413,1063.25,511.4,295.7,2.471,Oltre_Air_Entry_Top,1539.61,39.73,165.056,14.47,39.392,1.82,88.663,65.21,143.366,3.05,128.062,22.58,1582.153,15.67,2591.722,1.11,1156.709,782.627,589.54,4986.179,215.518,117.635,2024.969,1277.218,False
ML10,1,2026-06-03 11:00:00,2026-06-03 11:45:04,2026-06-03 12:03:09,2026-06-03 11:54:06.500,18.08,0.15,23.51,500.29,47.8,31.38,1.138,1.0,0.27,0.52,-0.287,Diretto_Entrambi_Tensiometri,17.394,1.72,18.456,1.82,11.088,0.48,16.837,0.82,16.153,0.73,11.978,1.21,14.119,0.22,9.592,1.46,11.585,21.596,12.043,11.288,15.269,14.824,11.637,13.58,True
ML10,2,2026-06-03 12:00:00,2026-06-03 12:45:04,2026-06-03 13:03:08,2026-06-03 12:54:06.000,18.07,1.15,23.9,499.34,47.42,31.13,1.129,1.79,0.95,1.31,0.116,Diretto_Entrambi_Tensiometri,17.448,2.28,18.916,0.83,10.629,3.04,16.547,2.19,16.259,1.57,11.786,0.58,14.113,9.1,9.673,1.2,11.557,21.898,11.928,11.278,15.195,14.691,11.684,13.584,True
ML10,3,2026-06-03 13:00:00,2026-06-03 13:45:04,2026-06-03 14:03:13,2026-06-03 13:54:08.500,18.15,2.15,24.09,498.45,47.06,30.9,1.121,2.14,1.06,1.51,0.178,Diretto_Entrambi_Tensiometri,17.764,1.02,19.078,0.82,10.741,1.04,16.483,1.58,16.41,0.97,11.784,0.44,14.565,5.92,10.229,10.58,11.676,22.056,12.045,11.179,15.383,14.717,12.206,13.646,True
ML10,4,2026-06-03 14:00:00,2026-06-03 14:45:04,2026-06-03 15:03:09,2026-06-03 14:54:06.500,18.08,3.15,24.28,497.51,46.69,30.65,1.112,4.36,1.48,2.54,0.405,Diretto_Entrambi_Tensiometri,17.589,2.98,19.301,0.1,11.058,1.14,17.072,0.66,16.213,0.83,11.656,0.62,14.817,4.79,9.957,0.79,11.629,22.224,12.25,11.18,15.542,14.776,12.146,13.716,True
ML10,5,2026-06-03 15:00:00,2026-06-03 15:45:04,2026-06-03 16:03:17,2026-06-03 15:54:10.500,18.22,4.15,24.13,496.63,46.34,30.42,1.103,5.16,2.24,3.39,0.531,Diretto_Entrambi_Tensiometri,17.566,2.45,19.094,1.59,10.746,3.04,16.8,0.7,16.138,1.89,11.544,1.61,14.706,3.94,10.326,6.66,11.566,22.528,12.541,11.164,15.332,14.628,12.323,13.82,True
ML10,6,2026-06-03 16:00:00,2026-06-03 16:45:04,2026-06-03 17:03:17,2026-06-03 16:54:10.500,18.22,5.15,24.16,495.83,46.02,30.21,1.096,5.71,1.56,2.97,0.472,Diretto_Entrambi_Tensiometri,17.826,1.45,19.203,0.15,10.848,0.61,17.301,0.94,16.62,0.03,11.689,1.27,14.597,6.05,10.588,5.12,11.611,22.575,12.996,11.004,15.485,14.979,12.432,13.914,True
ML10,7,2026-06-03 17:00:00,2026-06-03 17:45:04,2026-06-03 18:03:17,2026-06-03 17:54:10.500,18.22,6.15,24.18,495.04,45.7,30.0,1.088,6.51,1.89,3.5,0.545,Diretto_Entrambi_Tensiometri,17.697,0.22,18.812,0.9,10.77,0.5,17.346,2.03,16.421,2.15,11.457,0.96,14.66,7.7,10.757,1.53,11.748,22.808,14.037,10.996,15.306,14.833,12.558,14.261,True
ML10,8,2026-06-03 18:00:00,2026-06-03 18:45:04,2026-06-03 19:03:15,2026-06-03 18:54:09.500,18.18,7.15,24.06,494.28,45.4,29.8,1.081,7.36,2.26,4.05,0.608,Diretto_Entrambi_Tensiometri,17.46,0.69,18.853,2.18,10.853,0.0,17.137,0.28,16.804,4.22,11.748,2.35,14.908,6.19,11.023,3.79,11.769,22.847,15.139,10.842,15.287,15.012,12.819,14.494,True
ML10,9,2026-06-03 19:00:00,2026-06-03 19:45:04,2026-06-03 20:03:13,2026-06-03 19:54:08.500,18.15,8.15,24.02,493.57,45.11,29.62,1.074,8.21,1.91,3.96,0.598,Diretto_Entrambi_Tensiometri,17.409,1.22,18.841,1.14,11.027,1.35,17.336,1.78,16.834,0.14,11.785,2.64,14.94,5.04,11.324,6.75,11.655,22.884,15.944,10.63,15.35,15.095,13.007,14.581,True
ML10,10,2026-06-03 20:00:00,2026-06-03 20:45:04,2026-06-03 21:03:17,2026-06-03 20:54:10.500,18.22,9.15,23.98,492.87,44.83,29.43,1.067,9.07,3.62,5.73,0.758,Diretto_Entrambi_Tensiometri,17.532,0.01,18.749,2.46,11.061,0.54,17.365,0.37,17.238,3.71,11.79,2.3,15.133,7.95,11.766,0.67,11.839,23.064,16.986,10.377,15.377,15.225,13.344,14.812,True
ML10,11,2026-06-03 21:00:00,2026-06-03 21:45:06,2026-06-03 22:03:19,2026-06-03 21:54:12.500,18.22,10.15,23.92,492.17,44.55,29.25,1.061,10.06,4.76,6.92,0.84,Diretto_Entrambi_Tensiometri,17.606,1.19,18.768,0.55,11.083,0.78,17.341,1.8,17.454,1.52,11.368,1.07,15.125,7.74,11.296,1.19,11.762,23.36,17.962,10.28,15.414,15.097,13.071,15.008,True
ML10,12,2026-06-03 22:00:00,2026-06-03 22:45:04,2026-06-03 23:03:08,2026-06-03 22:54:06.000,18.07,11.15,23.88,491.5,44.29,29.07,1.054,11.03,5.43,7.74,0.889,Diretto_Entrambi_Tensiometri,17.587,1.86,18.682,0.55,11.004,0.5,17.879,0.25,17.552,2.02,11.495,1.73,15.183,8.67,11.586,7.04,11.8,23.686,18.885,10.439,15.348,15.337,13.263,15.321,True
ML10,24,2026-06-04 10:00:00,2026-06-04 10:45:04,2026-06-04 11:02:31,2026-06-04 10:53:47.500,17.45,23.15,23.84,483.83,41.22,27.06,0.981,28.8,13.73,19.89,1.299,Diretto_Entrambi_Tensiometri,16.752,1.31,20.233,0.8,11.101,1.78,19.325,1.51,19.675,0.6,11.049,1.1,14.878,4.74,18.891,2.52,12.893,30.72,35.627,14.607,15.554,16.136,16.765,21.307,True
ML10,25,2026-06-04 11:00:00,2026-06-04 11:45:05,2026-06-04 12:02:35,2026-06-04 11:53:50.000,17.5,24.15,24.16,483.07,40.91,26.86,0.974,31.29,14.65,21.41,1.331,Diretto_Entrambi_Tensiometri,17.189,0.18,20.3,1.7,11.187,3.12,19.179,1.7,19.884,2.33,11.108,0.39,15.001,1.74,18.492,2.42,12.954,31.591,37.479,14.394,15.745,16.18,16.655,21.676,True
ML10,26,2026-06-04 12:00:00,2026-06-04 12:45:04,2026-06-04 13:02:31,2026-06-04 12:53:47.500,17.45,25.15,24.27,482.37,40.63,26.68,0.967,34.5,15.65,23.23,1.366,Diretto_Entrambi_Tensiometri,16.02,1.02,20.244,1.64,11.513,3.0,19.125,0.92,20.171,1.48,11.23,3.02,15.02,2.82,18.809,0.68,13.038,32.644,43.952,15.385,15.514,16.302,16.808,23.162,True
ML10,27,2026-06-04 13:00:00,2026-06-04 13:45:04,2026-06-04 14:02:29,2026-06-04 13:53:46.500,17.42,26.15,24.26,481.66,40.35,26.49,0.961,37.67,16.82,25.17,1.401,Diretto_Entrambi_Tensiometri,15.078,4.72,19.966,2.05,11.8,4.16,19.708,1.82,20.634,2.66,11.27,2.44,15.407,2.71,19.732,7.44,13.3,33.684,49.288,15.419,15.258,16.611,17.436,24.156,True
ML10,28,2026-06-04 14:00:00,2026-06-04 14:45:05,2026-06-04 15:02:17,2026-06-04 14:53:41.000,17.2,27.14,24.24,480.98,40.08,26.31,0.954,41.07,18.03,27.21,1.435,Diretto_Entrambi_Tensiometri,15.692,3.48,19.903,2.5,12.067,1.27,19.557,1.42,20.477,1.17,11.306,0.92,15.101,2.65,20.161,5.29,13.433,34.502,53.045,15.942,15.562,16.543,17.449,25.021,True
ML10,29,2026-06-04 15:00:00,2026-06-04 15:45:05,2026-06-04 16:02:06,2026-06-04 15:53:35.500,17.02,28.14,24.18,480.28,39.79,26.13,0.947,44.83,19.33,29.44,1.469,Diretto_Entrambi_Tensiometri,15.255,4.16,20.642,0.24,12.182,3.58,19.07,0.05,20.374,2.42,11.244,0.17,15.608,0.42,20.329,8.68,13.512,35.195,54.865,16.842,15.654,16.347,17.813,25.747,True
ML10,30,2026-06-04 16:00:00,2026-06-04 16:45:05,2026-06-04 17:02:25,2026-06-04 16:53:45.000,17.33,29.14,23.93,479.63,39.53,25.96,0.941,48.66,20.76,31.79,1.502,Diretto_Entrambi_Tensiometri,15.682,1.24,20.638,0.05,12.559,3.81,19.75,2.13,21.075,1.45,11.309,1.76,15.264,4.19,20.607,0.9,13.625,36.111,57.469,17.828,15.959,16.759,17.735,26.646,True
ML10,31,2026-06-04 17:00:00,2026-06-04 17:45:05,2026-06-04 18:02:26,2026-06-04 17:53:45.500,17.35,30.14,23.93,478.98,39.28,25.79,0.935,52.47,22.04,34.0,1.532,Diretto_Entrambi_Tensiometri,16.02,1.96,20.671,1.82,12.601,4.32,19.998,3.64,20.838,2.62,11.209,1.12,14.962,4.71,21.274,4.58,13.882,36.782,58.392,18.274,16.099,16.716,17.841,27.169,True
ML10,32,2026-06-04 18:00:00,2026-06-04 18:45:05,2026-06-04 19:02:27,2026-06-04 18:53:46.000,17.37,31.14,24.01,478.32,39.01,25.61,0.929,55.9,22.54,35.49,1.55,Diretto_Entrambi_Tensiometri,16.242,0.9,21.445,4.0,12.505,4.02,20.053,2.15,21.652,3.46,11.366,1.09,14.957,3.73,23.425,1.17,14.09,38.569,55.197,19.274,16.331,17.025,18.718,27.575,True
ML10,33,2026-06-04 19:00:00,2026-06-04 19:45:05,2026-06-04 20:02:29,2026-06-04 19:53:47.000,17.4,32.15,23.98,477.62,38.73,25.43,0.922,60.52,25.15,39.02,1.591,Diretto_Entrambi_Tensiometri,16.93,1.46,22.095,2.62,12.06,4.76,20.863,1.3,21.657,4.81,11.3,3.37,14.995,2.99,25.194,2.45,14.255,40.48,49.694,18.694,16.523,17.219,19.437,27.058,True
ML10,34,2026-06-04 20:00:00,2026-06-04 20:45:05,2026-06-04 21:02:25,2026-06-04 20:53:45.000,17.33,33.14,23.88,476.95,38.47,25.25,0.916,65.65,26.87,42.0,1.623,Diretto_Entrambi_Tensiometri,17.092,0.62,22.562,0.49,12.032,4.13,20.085,1.66,21.539,1.3,11.48,1.81,14.504,4.75,25.359,5.97,14.559,41.803,46.18,19.744,16.679,17.061,19.178,27.293,True
ML10,35,2026-06-04 21:00:00,2026-06-04 21:45:05,2026-06-04 22:02:31,2026-06-04 21:53:48.000,17.43,34.15,23.78,476.31,38.21,25.08,0.91,70.84,28.68,45.07,1.654,Diretto_Entrambi_Tensiometri,17.186,2.5,22.918,2.18,11.986,6.45,20.959,0.87,22.131,4.08,11.488,2.59,15.057,0.83,26.906,6.72,14.602,43.415,44.819,20.682,16.775,17.466,20.128,27.687,True
ML10,36,2026-06-04 22:00:00,2026-06-04 22:45:05,2026-06-04 23:02:11,2026-06-04 22:53:38.000,17.1,35.14,23.68,475.7,37.96,24.92,0.904,75.47,30.5,47.97,1.681,Diretto_Entrambi_Tensiometri,17.316,3.33,23.092,3.17,11.977,5.09,20.949,1.16,22.004,1.52,11.607,2.54,14.796,3.05,28.033,6.28,14.67,44.846,42.53,20.923,16.856,17.49,20.366,27.661,True
ML10,37,2026-06-04 23:00:00,2026-06-04 23:45:05,2026-06-05 00:02:14,2026-06-04 23:53:39.500,17.15,36.14,23.56,475.1,37.72,24.77,0.898,81.19,32.61,51.46,1.711,Diretto_Entrambi_Tensiometri,17.947,1.81,23.138,2.4,12.217,7.72,20.895,2.56,22.343,3.4,11.474,3.42,14.864,3.09,32.068,2.67,14.808,45.554,41.905,22.147,17.183,17.497,21.833,28.129,True
ML10,38,2026-06-05 00:00:00,2026-06-05 00:45:05,2026-06-05 01:02:14,2026-06-05 00:53:39.500,17.15,37.14,23.53,474.51,37.49,24.61,0.893,86.38,34.67,54.72,1.738,Diretto_Entrambi_Tensiometri,18.208,3.76,22.944,0.48,12.161,7.46,21.102,3.44,22.499,5.44,11.294,1.95,15.052,0.4,36.5,2.4,14.84,46.313,38.838,22.851,17.191,17.503,23.439,27.946,True
ML10,39,2026-06-05 01:00:00,2026-06-05 01:45:04,2026-06-05 02:02:04,2026-06-05 01:53:34.000,17.0,38.14,23.43,473.9,37.24,24.45,0.887,91.64,36.92,58.17,1.765,Diretto_Entrambi_Tensiometri,18.229,1.8,23.366,0.57,12.605,8.28,21.198,0.57,22.603,3.66,11.589,1.21,15.256,1.29,39.027,0.64,14.914,47.083,39.1,24.206,17.51,17.708,24.401,28.552,True
ML10,46,2026-06-05 08:00:00,2026-06-05 08:45:04,2026-06-05 09:02:47,2026-06-05 08:53:55.500,17.72,45.15,24.76,469.37,35.43,23.26,0.844,144.61,55.32,89.44,1.952,Diretto_Entrambi_Tensiometri,19.207,1.32,23.796,1.8,13.455,6.95,21.354,2.05,23.035,2.43,11.484,1.06,14.686,5.58,54.747,1.66,15.706,55.195,37.315,30.317,18.321,17.81,28.355,31.469,True
ML10,47,2026-06-05 09:00:00,2026-06-05 09:45:05,2026-06-05 10:02:43,2026-06-05 09:53:54.000,17.63,46.15,24.41,468.67,35.15,23.08,0.837,156.12,58.73,95.76,1.981,Diretto_Entrambi_Tensiometri,19.025,1.93,24.612,3.27,13.516,7.02,21.936,0.09,23.086,2.06,12.417,2.37,14.377,8.5,53.337,4.0,16.032,57.501,31.785,31.748,18.497,18.458,27.692,31.056,True
ML10,48,2026-06-05 10:00:00,2026-06-05 10:45:05,2026-06-05 11:02:46,2026-06-05 10:53:55.500,17.68,47.15,24.2,468.05,34.91,22.92,0.831,167.41,61.9,101.79,2.008,Diretto_Entrambi_Tensiometri,19.228,0.34,24.362,0.43,13.62,6.7,21.809,0.97,22.953,0.62,12.009,4.91,14.18,7.57,53.922,4.26,16.013,61.148,32.448,33.384,18.547,18.183,27.652,32.092,True
ML10,49,2026-06-05 11:00:00,2026-06-05 11:45:05,2026-06-05 12:02:50,2026-06-05 11:53:57.500,17.75,48.15,24.33,467.42,34.65,22.75,0.825,220.95,65.6,120.38,2.081,Esteso_Top_Diretto_Bottom,19.525,1.54,24.898,3.26,13.726,6.93,21.751,2.22,23.091,0.66,12.444,0.88,14.406,5.04,52.727,7.61,16.181,64.68,31.856,35.18,18.826,18.42,27.561,32.909,True
ML10,50,2026-06-05 12:00:00,2026-06-05 12:45:05,2026-06-05 13:03:00,2026-06-05 12:54:02.500,17.92,49.15,24.34,466.79,34.4,22.58,0.819,278.52,69.95,139.58,2.145,Esteso_Top_Diretto_Bottom,19.396,2.33,24.529,1.65,14.147,6.29,22.088,0.46,23.463,2.99,12.524,2.68,14.418,6.31,52.655,6.35,16.33,67.882,34.464,37.174,18.881,18.654,27.553,34.521,True
ML10,51,2026-06-05 13:00:00,2026-06-05 13:45:04,2026-06-05 14:02:38,2026-06-05 13:53:51.000,17.57,50.15,24.2,466.21,34.17,22.43,0.814,335.83,73.79,157.42,2.197,Esteso_Top_Diretto_Bottom,19.477,0.03,24.741,0.89,14.816,8.42,22.454,3.44,23.528,2.03,12.879,1.77,14.218,6.01,52.696,10.0,16.279,70.32,34.751,38.874,19.256,18.949,27.372,35.264,True
ML10,52,2026-06-05 14:00:00,2026-06-05 14:45:02,2026-06-05 15:03:23,2026-06-05 14:54:12.500,18.35,51.15,24.17,465.61,33.93,22.27,0.808,393.67,77.78,174.98,2.243,Esteso_Top_Diretto_Bottom,18.795,0.55,25.648,7.5,10.632,3.66,22.018,0.32,22.902,2.35,10.97,7.75,12.544,6.57,16.755,9.39,16.687,69.601,31.938,18.949,17.241,17.686,14.497,28.955,True
ML10,53,2026-06-05 15:00:00,2026-06-05 15:45:03,2026-06-05 16:03:04,2026-06-05 15:54:03.500,18.02,52.15,24.1,465.05,33.7,22.13,0.802,451.02,82.54,192.94,2.285,Esteso_Top_Diretto_Bottom,19.006,1.07,25.965,5.17,10.903,1.5,22.266,0.18,22.956,2.31,10.734,2.83,12.248,2.83,15.443,39.23,16.648,71.176,43.447,15.797,17.523,17.637,13.753,30.03,False
ML10,54,2026-06-05 16:00:00,2026-06-05 16:45:03,2026-06-05 17:03:19,2026-06-05 16:54:11.000,18.27,53.15,23.96,464.51,33.49,21.99,0.797,508.63,87.15,210.54,2.323,Esteso_Top_Diretto_Bottom,19.202,0.23,25.761,3.61,12.333,5.52,22.377,0.19,23.07,1.99,10.742,2.97,12.275,4.24,16.306,35.71,16.598,73.015,57.911,15.666,18.272,17.7,14.148,32.381,False
ML10,55,2026-06-05 17:00:00,2026-06-05 17:45:03,2026-06-05 18:04:09,2026-06-05 17:54:36.000,19.1,54.16,24.06,463.95,33.26,21.84,0.792,566.52,91.61,227.82,2.358,Esteso_Top_Diretto_Bottom,19.491,0.75,24.782,3.55,15.281,0.64,22.484,0.37,23.115,2.21,10.791,3.29,12.393,5.1,18.415,36.48,16.57,74.432,108.421,15.562,19.47,17.767,15.107,37.981,False
ML10,56,2026-06-05 18:00:00,2026-06-05 18:45:03,2026-06-05 19:04:01,2026-06-05 18:54:32.000,18.97,55.16,24.15,463.44,33.06,21.71,0.787,623.95,96.63,245.54,2.39,Esteso_Top_Diretto_Bottom,19.86,1.04,24.126,7.93,19.17,7.9,22.599,0.41,23.216,2.28,10.866,3.3,12.417,5.6,18.786,41.16,16.584,75.858,178.769,16.649,20.943,17.864,15.273,43.989,False
ML10,57,2026-06-05 19:00:00,2026-06-05 19:45:03,2026-06-05 20:04:04,2026-06-05 19:54:33.500,19.02,56.16,24.07,462.89,32.84,21.56,0.782,681.47,102.39,264.15,2.422,Esteso_Top_Diretto_Bottom,20.126,0.02,23.762,12.24,20.388,5.3,22.8,0.22,23.341,2.18,10.955,2.87,12.438,6.01,20.46,45.34,16.617,77.121,151.338,17.332,21.363,17.998,15.952,42.818,False
ML10,58,2026-06-05 20:00:00,2026-06-05 20:45:02,2026-06-05 21:04:06,2026-06-05 20:54:34.000,19.07,57.16,23.86,462.4,32.64,21.43,0.777,738.97,107.78,282.22,2.451,Esteso_Top_Diretto_Bottom,20.636,0.81,23.692,13.21,21.776,7.34,22.992,0.26,23.478,2.21,11.027,3.17,12.465,5.18,21.564,45.85,16.755,79.277,154.316,18.519,21.999,18.123,16.395,44.14,False
ML10,59,2026-06-05 21:00:00,2026-06-05 21:45:03,2026-06-05 22:03:57,2026-06-05 21:54:30.000,18.9,58.16,23.68,462.01,32.49,21.33,0.773,796.4,113.26,300.34,2.478,Esteso_Top_Diretto_Bottom,21.064,1.1,23.694,13.15,24.363,10.86,23.237,0.7,23.619,2.34,11.083,3.66,12.47,6.47,23.05,47.53,16.852,80.93,162.57,19.095,22.995,18.254,16.954,45.361,False
ML10,60,2026-06-05 22:00:00,2026-06-05 22:45:03,2026-06-05 23:04:31,2026-06-05 22:54:47.000,19.47,59.16,23.56,461.45,32.27,21.18,0.768,854.16,119.64,319.67,2.505,Esteso_Top_Diretto_Bottom,22.773,4.96,24.192,14.06,27.878,1.15,23.792,0.3,23.937,2.12,11.542,3.22,12.51,7.13,27.89,42.22,17.002,83.228,155.892,20.8,24.857,18.732,18.679,46.282,False
ML10,61,2026-06-05 23:00:00,2026-06-05 23:45:03,2026-06-06 00:05:08,2026-06-05 23:55:05.500,20.08,60.17,23.28,460.75,31.98,21.0,0.762,911.95,126.71,339.92,2.531,Esteso_Top_Diretto_Bottom,23.874,2.65,24.396,12.3,33.143,4.4,24.326,1.07,24.18,2.27,11.889,3.73,12.401,8.97,35.599,63.4,17.125,85.312,207.206,21.553,26.825,19.123,21.011,50.54,False
ML10,62,2026-06-06 00:00:00,2026-06-06 00:45:03,2026-06-06 01:04:52,2026-06-06 00:54:57.500,19.82,61.16,22.99,460.04,31.7,20.81,0.755,969.31,134.12,360.57,2.557,Esteso_Top_Diretto_Bottom,24.702,3.31,24.26,9.82,45.211,31.26,24.812,1.95,24.429,2.48,12.171,5.11,12.369,10.93,39.903,30.11,17.284,87.474,413.773,21.841,30.035,19.467,22.216,60.798,False
ML10,63,2026-06-06 01:00:00,2026-06-06 01:45:03,2026-06-06 02:04:42,2026-06-06 01:54:52.500,19.65,62.16,22.69,459.32,31.41,20.62,0.748,1026.73,141.55,381.23,2.581,Esteso_Top_Diretto_Bottom,24.964,2.25,24.357,11.36,47.396,39.12,25.222,2.51,24.56,2.97,12.363,5.1,12.334,12.14,42.619,22.43,17.295,88.479,437.545,22.148,30.659,19.711,22.927,62.055,False
ML10,64,2026-06-06 02:00:00,2026-06-06 02:45:03,2026-06-06 03:04:58,2026-06-06 02:55:00.500,19.92,63.17,22.39,458.6,31.12,20.43,0.741,1084.35,149.0,401.96,2.604,Esteso_Top_Diretto_Bottom,25.975,3.44,24.031,6.35,57.984,18.89,25.717,2.55,24.794,2.96,12.561,5.25,12.33,14.09,54.259,35.12,17.396,90.381,526.226,21.792,33.078,20.008,25.865,65.163,False
ML10,65,2026-06-06 03:00:00,2026-06-06 03:45:03,2026-06-06 04:05:11,2026-06-06 03:55:07.000,20.13,64.17,22.09,457.88,30.84,20.25,0.734,1141.94,156.44,422.69,2.626,Esteso_Top_Diretto_Bottom,26.374,2.97,23.385,2.88,66.713,7.53,25.978,2.8,24.886,2.93,12.786,6.3,12.18,13.06,63.32,29.22,17.402,90.668,562.985,22.872,34.523,20.219,27.771,67.137,False
ML10,66,2026-06-06 04:00:00,2026-06-06 04:45:02,2026-06-06 05:04:42,2026-06-06 04:54:52.000,19.67,65.16,21.79,457.17,30.55,20.06,0.727,1199.2,163.85,443.29,2.647,Esteso_Top_Diretto_Bottom,26.524,1.48,23.373,1.35,70.89,7.58,26.454,3.45,25.099,2.99,12.953,7.65,12.4,11.49,68.248,16.11,17.42,91.458,615.761,22.996,35.29,20.488,29.091,68.918,False
ML10,67,2026-06-06 05:00:00,2026-06-06 05:45:03,2026-06-06 06:04:53,2026-06-06 05:54:58.000,19.83,66.17,21.49,456.45,30.26,19.87,0.721,1256.79,171.29,464.01,2.667,Esteso_Top_Diretto_Bottom,26.991,0.22,25.128,12.83,56.339,29.55,26.859,2.91,25.275,2.82,12.759,9.07,12.54,13.02,84.445,26.36,17.389,92.305,477.818,23.985,33.682,20.537,32.541,65.49,False
ML10,68,2026-06-06 06:00:00,2026-06-06 06:45:03,2026-06-06 07:04:42,2026-06-06 06:54:52.500,19.65,67.16,21.19,455.73,29.98,19.68,0.714,1314.19,178.72,484.67,2.685,Esteso_Top_Diretto_Bottom,25.881,0.11,23.338,0.49,79.12,4.32,27.225,4.57,24.856,3.52,12.214,5.2,12.305,13.58,89.253,21.44,17.071,91.967,731.892,23.363,36.289,20.219,33.14,71.981,False
ML10,69,2026-06-06 07:00:00,2026-06-06 07:45:02,2026-06-06 08:05:01,2026-06-06 07:55:01.500,19.98,68.17,20.89,455.02,29.69,19.49,0.707,1371.83,186.17,505.41,2.704,Esteso_Top_Diretto_Bottom,29.796,28.45,26.032,2.19,86.452,5.36,27.439,7.41,24.539,3.74,11.94,7.22,12.06,15.06,103.082,23.21,16.849,91.256,792.343,26.333,40.627,20.033,35.259,75.26,False
ML10,70,2026-06-06 08:00:00,2026-06-06 08:45:02,2026-06-06 09:04:53,2026-06-06 08:54:57.500,19.85,69.16,20.6,454.3,29.4,19.3,0.7,1429.26,193.59,526.07,2.721,Esteso_Top_Diretto_Bottom,33.991,3.53,26.609,3.28,88.967,3.14,27.692,9.43,24.046,3.29,11.336,6.2,11.932,15.78,107.968,12.99,16.435,91.329,831.953,33.181,43.172,19.616,35.893,80.231,False
ML10,71,2026-06-06 09:00:00,2026-06-06 09:45:02,2026-06-06 10:04:52,2026-06-06 09:54:57.000,19.83,70.16,20.3,453.58,29.12,19.12,0.693,1486.74,201.03,546.76,2.738,Esteso_Top_Diretto_Bottom,34.536,1.53,27.331,2.24,91.008,3.08,28.273,10.1,23.627,3.24,10.94,4.46,11.945,19.49,113.437,14.75,16.126,91.212,901.801,31.066,44.123,19.406,36.81,80.121,False
ML10,72,2026-06-06 10:00:00,2026-06-06 10:45:02,2026-06-06 11:05:20,2026-06-06 10:55:11.000,20.3,71.17,20.0,452.86,28.83,18.93,0.686,1544.46,208.49,567.53,2.754,Esteso_Top_Diretto_Bottom,33.033,8.61,29.831,1.47,96.557,1.11,28.747,9.69,23.56,2.86,10.565,6.11,10.19,16.05,121.622,1.3,17.566,88.13,909.061,33.952,45.653,19.27,35.204,83.141,False
ML10,73,2026-06-06 11:00:00,2026-06-06 11:45:03,2026-06-06 12:04:36,2026-06-06 11:54:49.500,19.55,72.16,19.7,452.15,28.54,18.74,0.68,1601.61,215.88,588.09,2.769,Esteso_Top_Diretto_Bottom,33.619,2.8,30.987,0.88,107.281,4.05,29.799,5.91,23.577,3.0,10.42,3.4,9.521,10.34,130.167,6.65,19.055,89.672,926.402,84.8,48.168,19.417,35.204,107.638,True
ML10,74,2026-06-06 12:00:00,2026-06-06 12:45:03,2026-06-06 13:04:39,2026-06-06 12:54:51.000,19.6,73.16,19.4,451.43,28.26,18.55,0.673,1659.13,223.32,608.79,2.784,Esteso_Top_Diretto_Bottom,36.589,3.25,35.391,12.16,108.548,0.75,30.337,5.76,23.773,3.23,10.345,4.78,9.408,0.97,161.817,11.37,20.838,92.122,922.383,193.84,51.994,19.54,39.018,136.111,False
ML10,75,2026-06-06 13:00:00,2026-06-06 13:45:03,2026-06-06 14:04:32,2026-06-06 13:54:47.500,19.48,74.16,19.1,450.72,27.97,18.36,0.666,1716.56,230.74,629.46,2.799,Esteso_Top_Diretto_Bottom,40.829,0.34,35.465,11.66,112.508,3.1,30.9,5.18,23.961,3.43,10.224,2.88,9.674,3.09,167.595,15.81,21.267,93.403,946.081,282.785,54.616,19.635,40.266,151.832,False
ML10,76,2026-06-06 14:00:00,2026-06-06 14:45:03,2026-06-06 15:04:24,2026-06-06 14:54:43.500,19.35,75.16,18.8,450.0,27.68,18.18,0.659,1773.99,238.17,650.12,2.813,Esteso_Top_Diretto_Bottom,44.086,1.84,37.087,13.53,118.329,3.32,31.435,4.95,24.052,3.43,10.421,0.45,12.064,1.69,174.219,8.05,21.981,94.579,965.173,377.906,57.837,19.899,45.845,165.943,True
ML10,77,2026-06-06 15:00:00,2026-06-06 15:45:03,2026-06-06 16:04:57,2026-06-06 15:55:00.000,19.9,76.17,18.5,449.28,27.4,17.99,0.652,1831.75,245.64,670.9,2.827,Esteso_Top_Diretto_Bottom,48.243,5.19,36.935,8.89,121.858,3.53,32.333,5.02,24.239,3.46,10.546,0.01,12.136,1.7,159.75,5.37,22.178,96.273,980.325,428.066,60.105,20.219,44.031,173.012,True
ML10,78,2026-06-06 16:00:00,2026-06-06 16:45:03,2026-06-06 17:05:17,2026-06-06 16:55:10.000,20.23,77.17,18.2,448.56,27.11,17.8,0.645,1889.4,253.09,691.65,2.84,Esteso_Top_Diretto_Bottom,50.49,3.06,35.814,10.83,121.053,3.7,32.852,5.63,24.344,4.03,11.803,1.85,10.575,19.28,157.677,2.44,20.709,96.029,994.081,434.181,60.267,21.134,40.834,171.164,False
ML10,79,2026-06-06 17:00:00,2026-06-06 17:45:03,2026-06-06 18:04:49,2026-06-06 17:54:56.000,19.77,78.16,17.91,447.85,26.82,17.61,0.639,1946.67,260.5,712.26,2.853,Esteso_Top_Diretto_Bottom,52.404,1.79,38.085,6.87,122.769,4.14,33.501,5.87,24.513,4.15,11.986,1.76,10.746,15.84,156.837,0.33,21.003,97.129,986.45,446.727,62.575,21.431,41.053,173.156,False
ML10,80,2026-06-06 18:00:00,2026-06-06 18:45:03,2026-06-06 19:05:07,2026-06-06 18:55:05.000,20.07,79.17,17.61,447.13,26.53,17.42,0.632,2004.31,267.95,733.0,2.865,Esteso_Top_Diretto_Bottom,52.593,2.37,38.812,8.24,122.621,4.06,33.928,5.42,24.615,4.4,12.48,0.05,11.111,18.55,168.445,1.61,20.959,97.843,1000.394,433.022,63.021,21.844,43.262,172.642,False
ML10,81,2026-06-06 19:00:00,2026-06-06 19:45:03,2026-06-06 20:04:47,2026-06-06 19:54:55.000,19.73,80.16,17.31,446.41,26.25,17.23,0.625,2061.64,275.36,753.63,2.877,Esteso_Top_Diretto_Bottom,54.906,1.63,39.848,6.23,130.377,4.79,35.845,0.32,25.025,5.82,13.103,0.06,11.558,24.2,176.629,6.99,21.102,109.125,992.55,433.348,65.828,22.737,45.183,177.402,False
ML10,82,2026-06-06 20:00:00,2026-06-06 20:45:03,2026-06-06 21:04:22,2026-06-06 20:54:42.500,19.32,81.16,17.01,445.7,25.96,17.05,0.618,2118.93,282.77,774.24,2.889,Esteso_Top_Diretto_Bottom,56.254,0.05,41.512,7.38,140.57,3.52,37.221,0.2,25.37,7.4,13.95,4.04,12.704,20.5,191.853,14.02,21.304,107.582,997.683,439.697,68.983,23.617,49.369,178.068,False
ML10,83,2026-06-06 21:00:00,2026-06-06 21:45:03,2026-06-06 22:04:26,2026-06-06 21:54:44.500,19.38,82.16,16.71,444.98,25.68,16.86,0.611,2176.46,290.21,794.94,2.9,Esteso_Top_Diretto_Bottom,46.245,5.46,43.294,5.05,147.511,6.32,38.306,0.55,25.484,8.15,14.99,4.68,15.265,28.52,195.818,15.53,21.357,109.082,994.204,381.27,66.595,24.459,54.673,172.385,False
ML10,84,2026-06-06 22:00:00,2026-06-06 22:45:03,2026-06-06 23:04:15,2026-06-06 22:54:39.000,19.2,83.16,16.41,444.26,25.39,16.67,0.605,2233.86,297.63,815.6,2.911,Esteso_Top_Diretto_Bottom,46.229,9.83,44.827,6.26,157.027,5.39,39.39,0.82,25.65,8.62,15.914,3.14,17.297,33.67,201.397,18.26,21.612,108.734,982.561,324.736,68.782,25.24,59.022,165.477,False
ML10,85,2026-06-06 23:00:00,2026-06-06 23:45:03,2026-06-07 00:05:14,2026-06-06 23:55:08.500,20.18,84.17,16.11,443.54,25.1,16.48,0.598,2291.83,305.13,836.46,2.922,Esteso_Top_Diretto_Bottom,47.055,10.11,47.516,6.68,162.849,0.85,42.15,3.06,25.788,9.5,17.573,6.11,17.813,37.16,209.89,11.29,21.809,109.801,973.543,123.783,71.407,26.731,61.145,130.336,False
ML10,86,2026-06-07 00:00:00,2026-06-07 00:45:03,2026-06-07 01:05:46,2026-06-07 00:55:24.500,20.72,85.17,15.81,442.82,24.81,16.29,0.591,2349.58,312.59,857.24,2.933,Esteso_Top_Diretto_Bottom,50.531,1.66,47.827,9.53,170.51,1.41,43.081,2.58,25.927,10.33,19.076,12.44,17.017,46.06,208.153,17.81,20.932,110.215,959.057,94.168,74.415,27.723,59.516,120.143,False
ML10,87,2026-06-07 01:00:00,2026-06-07 01:45:03,2026-06-07 02:04:30,2026-06-07 01:54:46.500,19.45,86.16,15.52,442.11,24.53,16.1,0.584,2406.46,319.95,877.71,2.943,Esteso_Top_Diretto_Bottom,51.758,6.65,49.831,14.67,178.505,1.32,42.981,8.47,26.322,9.65,18.665,2.41,17.254,45.95,236.602,6.06,21.178,109.875,951.655,138.358,77.216,27.64,63.893,132.302,False
ML10,88,2026-06-07 02:00:00,2026-06-07 02:45:03,2026-06-07 03:05:05,2026-06-07 02:55:04.000,20.03,87.17,15.22,441.39,24.24,15.91,0.577,2464.24,327.42,898.5,2.954,Esteso_Top_Diretto_Bottom,51.808,6.7,56.996,11.65,184.315,0.78,46.348,2.32,25.936,9.08,19.014,15.17,19.521,35.29,255.141,3.15,22.397,106.792,969.63,148.659,81.646,28.379,70.573,136.264,False
ML10,89,2026-06-07 03:00:00,2026-06-07 03:45:03,2026-06-07 04:05:38,2026-06-07 03:55:20.500,20.58,88.17,14.92,440.67,23.95,15.73,0.57,2521.99,334.89,919.28,2.963,Esteso_Top_Diretto_Bottom,55.857,4.23,60.582,9.42,193.19,0.38,48.185,0.44,26.254,10.97,19.888,14.54,20.381,40.24,258.777,13.82,22.898,114.36,963.057,156.439,86.79,29.302,72.623,140.934,False
ML10,90,2026-06-07 04:00:00,2026-06-07 04:45:03,2026-06-07 05:04:39,2026-06-07 04:54:51.000,19.6,89.16,14.62,439.96,23.67,15.54,0.564,2579.01,342.26,939.8,2.973,Esteso_Top_Diretto_Bottom,58.578,4.06,59.11,13.26,195.993,2.14,50.355,1.31,26.121,10.33,19.876,11.92,19.9,43.0,274.856,4.92,21.285,114.186,957.805,189.742,87.878,29.679,73.957,144.971,False
ML10,91,2026-06-07 05:00:00,2026-06-07 05:45:03,2026-06-07 06:04:46,2026-06-07 05:54:54.500,19.72,90.16,14.32,439.24,23.38,15.35,0.557,2636.56,349.7,960.51,2.983,Esteso_Top_Diretto_Bottom,59.655,1.39,63.128,10.96,206.004,1.27,51.99,4.57,26.112,10.95,19.223,2.63,20.377,42.38,291.609,2.42,21.976,114.112,956.612,418.399,91.886,29.662,77.085,177.992,False
ML10,92,2026-06-07 06:00:00,2026-06-07 06:45:03,2026-06-07 07:04:26,2026-06-07 06:54:44.500,19.38,91.16,14.02,438.53,23.09,15.16,0.55,2693.9,357.12,981.14,2.992,Esteso_Top_Diretto_Bottom,63.387,0.97,64.261,9.54,211.658,1.35,52.114,1.17,26.005,10.21,18.856,2.96,21.743,38.14,297.777,4.66,21.249,112.669,970.66,474.263,95.176,29.455,80.465,182.204,False
ML10,93,2026-06-07 07:00:00,2026-06-07 07:45:03,2026-06-07 08:04:41,2026-06-07 07:54:52.000,19.63,92.16,13.72,437.81,22.81,14.97,0.543,2751.51,364.56,1001.87,3.001,Esteso_Top_Diretto_Bottom,66.394,4.45,71.138,8.3,213.537,2.24,52.311,0.4,25.971,10.53,18.884,5.94,24.829,32.11,313.439,4.46,21.842,110.683,973.978,475.643,100.285,29.493,88.218,182.937,False
ML10,94,2026-06-07 08:00:00,2026-06-07 08:45:03,2026-06-07 09:04:10,2026-06-07 08:54:36.500,19.12,93.16,13.43,437.09,22.52,14.79,0.536,2808.75,371.97,1022.47,3.01,Esteso_Top_Diretto_Bottom,73.036,0.36,78.475,10.64,225.333,1.72,59.838,1.58,27.485,16.09,20.64,9.81,24.763,34.47,340.476,2.15,21.931,118.482,972.8,479.93,108.901,32.379,91.822,186.629,False
ML10,95,2026-06-07 09:00:00,2026-06-07 09:45:02,2026-06-07 10:05:17,2026-06-07 09:55:09.500,20.25,94.17,13.12,436.37,22.23,14.6,0.529,2866.77,379.47,1043.35,3.018,Esteso_Top_Diretto_Bottom,71.15,7.9,76.236,14.16,229.397,1.89,60.685,0.77,27.568,16.17,21.946,11.1,23.234,54.45,364.818,4.36,21.095,109.88,970.795,505.269,107.558,33.236,92.066,183.627,False
ML10,96,2026-06-07 10:00:00,2026-06-07 10:45:02,2026-06-07 11:04:11,2026-06-07 10:54:36.500,19.15,95.16,12.83,435.66,21.95,14.41,0.523,2923.74,386.83,1063.84,3.027,Esteso_Top_Diretto_Bottom,75.135,1.01,81.05,16.2,231.715,1.94,63.102,0.19,28.976,23.76,22.8,13.54,23.182,57.83,380.33,0.14,21.349,121.989,967.518,524.845,112.163,34.674,93.898,190.698,False
ML10,97,2026-06-07 11:00:00,2026-06-07 11:45:02,2026-06-07 12:04:40,2026-06-07 11:54:51.000,19.63,96.16,12.53,434.94,21.66,14.22,0.516,2981.46,394.3,1084.62,3.035,Esteso_Top_Diretto_Bottom,77.825,3.48,82.335,9.78,239.978,2.59,62.551,1.16,27.711,18.6,22.971,11.44,25.009,53.79,323.247,25.64,21.397,123.79,981.055,536.781,115.423,34.147,89.912,193.256,False
ML10,98,2026-06-07 12:00:00,2026-06-07 12:45:03,2026-06-07 13:04:39,2026-06-07 12:54:51.000,19.6,97.16,12.23,434.22,21.37,14.03,0.509,3038.96,401.73,1105.3,3.043,Esteso_Top_Diretto_Bottom,77.713,1.82,88.564,10.19,252.238,1.44,63.522,2.13,27.167,17.0,23.103,7.6,27.553,46.13,319.103,5.43,22.065,115.913,984.245,539.041,120.186,34.162,93.767,191.929,False
ML10,99,2026-06-07 13:00:00,2026-06-07 13:45:03,2026-06-07 14:04:58,2026-06-07 13:55:00.500,19.92,98.17,11.93,433.5,21.08,13.84,0.502,3096.6,409.19,1126.05,3.052,Esteso_Top_Diretto_Bottom,84.315,2.59,78.726,15.34,245.96,1.56,63.729,2.05,27.062,15.95,24.069,14.84,24.483,74.98,327.374,0.81,18.94,124.63,977.912,570.1,117.75,34.625,89.527,190.464,False
ML10,100,2026-06-07 14:00:00,2026-06-07 14:45:03,2026-06-07 15:04:01,2026-06-07 14:54:32.000,18.97,99.16,11.63,432.79,20.8,13.66,0.495,3153.64,416.56,1146.57,3.059,Esteso_Top_Diretto_Bottom,86.885,1.61,88.205,11.21,258.807,1.78,65.234,0.91,28.091,19.74,24.967,11.02,26.762,49.47,357.762,2.47,21.038,128.157,963.568,579.543,125.643,35.766,97.849,196.983,False
ML10,101,2026-06-07 15:00:00,2026-06-07 15:45:03,2026-06-07 16:03:51,2026-06-07 15:54:27.000,18.8,100.16,11.34,432.07,20.51,13.47,0.488,3211.05,423.99,1167.23,3.067,Esteso_Top_Diretto_Bottom,88.309,1.14,97.171,8.59,273.68,0.34,68.315,0.49,28.892,23.29,26.322,10.67,32.217,34.48,379.89,7.63,22.672,130.405,949.722,585.693,132.921,37.314,110.63,201.378,False
ML10,102,2026-06-07 16:00:00,2026-06-07 16:45:05,2026-06-07 17:04:15,2026-06-07 16:54:40.000,19.17,101.16,11.04,431.36,20.23,13.28,0.482,3268.75,431.45,1187.99,3.075,Esteso_Top_Diretto_Bottom,87.359,3.16,98.827,9.19,281.682,0.18,69.907,0.36,28.428,21.01,27.787,11.45,34.23,46.93,390.269,12.41,23.087,131.81,940.045,583.517,134.477,38.081,115.581,202.129,False
ML10,103,2026-06-07 17:00:00,2026-06-07 17:45:05,2026-06-07 18:04:17,2026-06-07 17:54:41.000,19.2,102.16,10.74,430.64,19.94,13.09,0.475,3326.26,438.88,1208.69,3.082,Esteso_Top_Diretto_Bottom,89.123,2.49,98.904,7.87,292.068,5.98,72.696,0.32,28.174,19.12,30.781,3.06,35.123,42.94,400.451,7.63,22.795,132.397,927.195,588.374,137.055,39.8,118.596,201.435,False
ML10,104,2026-06-07 18:00:00,2026-06-07 18:45:05,2026-06-07 19:04:34,2026-06-07 18:54:49.500,19.48,103.16,10.44,429.92,19.65,12.9,0.468,3383.89,446.33,1229.42,3.09,Esteso_Top_Diretto_Bottom,93.656,2.09,98.046,11.92,284.934,0.89,75.287,1.61,28.612,21.49,31.696,1.82,34.025,44.2,402.444,8.7,21.223,133.031,932.917,599.447,137.796,40.872,117.018,199.337,False
ML10,105,2026-06-07 19:00:00,2026-06-07 19:45:05,2026-06-07 20:04:06,2026-06-07 19:54:35.500,19.02,104.16,10.14,429.2,19.37,12.71,0.461,3441.16,453.74,1250.03,3.097,Esteso_Top_Diretto_Bottom,94.034,4.09,105.103,9.19,299.469,1.67,75.907,0.93,29.827,13.19,32.813,1.72,38.916,28.64,405.741,11.3,22.098,134.562,925.688,567.318,143.577,42.038,125.658,198.789,False
ML10,106,2026-06-07 20:00:00,2026-06-07 20:45:06,2026-06-07 21:04:46,2026-06-07 20:54:56.000,19.67,105.16,9.84,428.48,19.08,12.52,0.454,3498.98,461.22,1270.84,3.104,Esteso_Top_Diretto_Bottom,96.494,5.26,87.809,14.14,294.57,4.91,77.45,0.17,30.105,14.71,34.335,8.23,33.118,82.64,422.971,3.03,20.319,134.731,920.052,568.989,135.647,43.099,118.355,194.568,False
ML10,107,2026-06-07 21:00:00,2026-06-07 21:45:05,2026-06-07 22:03:59,2026-06-07 21:54:32.000,18.9,106.16,9.54,427.77,18.79,12.34,0.447,3556.09,468.6,1291.39,3.111,Esteso_Top_Diretto_Bottom,100.475,3.59,98.563,10.11,311.945,2.69,78.835,0.27,30.138,10.63,35.334,5.14,32.285,51.31,418.166,3.5,23.011,137.599,917.801,571.925,145.641,43.787,116.192,201.911,False
ML10,108,2026-06-07 22:00:00,2026-06-07 22:45:05,2026-06-07 23:03:43,2026-06-07 22:54:24.000,18.63,107.16,9.24,427.06,18.51,12.15,0.441,3613.46,476.02,1312.03,3.118,Esteso_Top_Diretto_Bottom,103.258,2.11,109.689,8.78,324.796,2.83,81.045,1.27,30.991,9.13,36.312,6.81,39.927,46.1,425.936,5.92,25.751,142.305,912.21,585.584,154.371,45.013,130.408,210.341,False
ML10,109,2026-06-07 23:00:00,2026-06-07 23:45:06,2026-06-08 00:04:13,2026-06-07 23:54:39.500,19.12,108.16,8.94,426.34,18.22,11.96,0.434,3671.2,483.48,1332.81,3.125,Esteso_Top_Diretto_Bottom,104.063,6.24,103.74,13.3,307.634,2.84,83.084,0.99,30.947,12.96,37.717,3.72,40.162,60.87,453.533,6.53,22.304,143.208,909.003,596.538,149.197,45.944,134.962,204.004,False
ML10,110,2026-06-08 00:00:00,2026-06-08 00:45:05,2026-06-08 01:03:24,2026-06-08 00:54:14.500,18.32,109.15,8.65,425.62,17.93,11.77,0.427,3728.29,490.87,1353.35,3.131,Esteso_Top_Diretto_Bottom,108.476,6.55,112.799,13.32,335.002,4.28,85.97,1.67,31.317,12.15,38.175,0.76,43.218,46.34,442.428,4.92,25.001,146.944,897.371,584.757,160.04,46.842,138.278,209.539,False
ML10,111,2026-06-08 01:00:00,2026-06-08 01:45:05,2026-06-08 02:04:41,2026-06-08 01:54:53.000,19.6,110.16,8.35,424.9,17.64,11.58,0.42,3786.4,498.38,1374.26,3.138,Esteso_Top_Diretto_Bottom,111.955,6.81,101.983,9.64,318.899,7.72,89.377,3.5,31.382,10.69,38.956,2.8,41.861,83.34,469.913,2.68,25.55,154.983,892.001,599.431,153.842,47.807,140.253,214.509,False
ML10,112,2026-06-08 02:00:00,2026-06-08 02:45:05,2026-06-08 03:03:32,2026-06-08 02:54:18.500,18.45,111.15,8.05,424.19,17.36,11.4,0.413,3843.34,505.74,1394.75,3.144,Esteso_Top_Diretto_Bottom,120.605,4.86,116.161,8.05,319.785,2.32,93.002,2.06,32.67,17.02,40.792,2.23,48.586,28.22,476.286,2.3,27.972,155.36,886.026,626.921,164.852,49.858,152.121,221.657,False
ML10,113,2026-06-08 03:00:00,2026-06-08 03:45:05,2026-06-08 04:03:57,2026-06-08 03:54:31.000,18.87,112.16,7.75,423.47,17.07,11.21,0.406,3901.03,513.2,1415.51,3.151,Esteso_Top_Diretto_Bottom,126.285,4.48,119.238,6.52,319.051,3.76,96.106,2.25,32.51,14.62,41.516,1.77,46.552,51.69,488.921,5.64,26.481,160.285,888.875,627.296,168.736,50.621,150.865,220.564,False
ML10,114,2026-06-08 04:00:00,2026-06-08 04:45:06,2026-06-08 05:03:20,2026-06-08 04:54:13.000,18.23,113.15,7.45,422.76,16.79,11.02,0.4,3958.24,520.6,1436.1,3.157,Esteso_Top_Diretto_Bottom,129.689,5.22,126.176,10.86,328.655,6.71,97.169,1.7,33.121,9.09,43.05,3.37,49.008,48.72,482.271,6.25,30.292,163.416,889.9,373.849,175.202,51.745,153.737,201.449,False
ML10,115,2026-06-08 05:00:00,2026-06-08 05:45:05,2026-06-08 06:03:14,2026-06-08 05:54:09.500,18.15,114.15,7.15,422.04,16.5,10.83,0.393,4015.68,528.03,1456.76,3.163,Esteso_Top_Diretto_Bottom,132.096,1.47,125.854,11.2,331.193,3.36,96.413,4.49,31.739,15.26,41.885,2.44,46.259,71.01,510.673,0.99,29.975,169.757,907.461,407.516,176.582,50.419,153.698,208.276,False
ML10,116,2026-06-08 06:00:00,2026-06-08 06:45:06,2026-06-08 07:03:36,2026-06-08 06:54:21.000,18.5,115.15,6.85,421.32,16.21,10.64,0.386,4073.35,535.48,1477.52,3.17,Esteso_Top_Diretto_Bottom,160.217,9.96,133.514,8.05,342.37,1.15,90.831,1.91,28.554,15.73,41.244,3.15,52.858,41.1,470.699,9.9,30.335,167.744,969.51,919.916,194.198,47.47,157.735,259.551,False
ML10,117,2026-06-08 07:00:00,2026-06-08 07:45:05,2026-06-08 08:03:19,2026-06-08 07:54:12.000,18.23,116.15,6.56,420.6,15.93,10.46,0.379,4130.7,542.9,1498.15,3.176,Esteso_Top_Diretto_Bottom,142.309,1.31,148.027,4.35,361.686,2.55,94.531,1.51,28.939,14.81,40.326,1.36,59.898,16.98,457.455,10.95,34.188,162.391,918.991,683.369,196.774,47.96,165.531,242.997,False
ML10,118,2026-06-08 08:00:00,2026-06-08 08:45:05,2026-06-08 09:04:15,2026-06-08 08:54:40.000,19.17,117.16,6.25,419.88,15.64,10.27,0.372,4188.64,550.39,1519.0,3.182,Esteso_Top_Diretto_Bottom,143.715,2.46,108.534,7.45,281.16,20.73,96.525,0.64,27.577,11.33,42.02,6.37,45.012,99.8,514.773,9.4,21.758,165.046,931.085,427.392,163.684,48.182,152.22,194.428,False
ML3,1,2025-07-16 12:00:00,2025-07-16 12:25:05,2025-07-16 12:38:13,2025-07-16 12:31:39.000,13.13,0.11,23.69,464.8,46.52,33.37,0.969,2.53,0.61,1.25,0.095,Diretto_Entrambi_Tensiometri,19.783,0.31,21.485,0.12,17.64,0.05,23.161,0.01,26.343,0.32,17.158,0.03,25.27,1.45,17.917,0.01,20.777,18.772,21.219,25.806,19.572,21.876,21.278,21.497,True
ML3,2,2025-07-16 13:00:00,2025-07-16 13:25:05,2025-07-16 13:38:36,2025-07-16 13:31:50.500,13.52,1.11,24.48,464.05,46.22,33.16,0.963,2.17,0.72,1.25,0.096,Diretto_Entrambi_Tensiometri,19.794,0.36,21.517,0.14,17.712,0.3,23.166,0.06,26.183,0.53,17.192,0.23,26.702,2.85,18.008,0.06,20.756,18.827,21.271,25.829,19.612,21.847,21.928,21.526,True
ML3,3,2025-07-16 14:00:00,2025-07-16 14:25:05,2025-07-16 14:38:35,2025-07-16 14:31:50.000,13.5,2.11,24.95,463.35,45.94,32.96,0.957,2.24,1.09,1.56,0.192,Diretto_Entrambi_Tensiometri,19.808,0.31,21.594,0.23,17.676,0.19,23.16,0.14,26.135,0.67,17.183,0.18,26.419,2.35,18.085,0.17,20.941,18.845,22.945,25.762,19.627,21.828,21.858,21.977,True
ML3,4,2025-07-16 15:00:00,2025-07-16 15:25:05,2025-07-16 15:38:36,2025-07-16 15:31:50.500,13.52,3.11,25.14,462.62,45.65,32.74,0.951,2.74,0.64,1.33,0.122,Diretto_Entrambi_Tensiometri,19.763,0.11,21.646,0.1,17.73,0.26,23.185,0.01,26.051,0.66,17.205,0.08,26.28,2.76,18.074,0.87,21.07,18.927,23.255,25.686,19.648,21.822,21.794,22.092,True
ML3,5,2025-07-16 16:00:00,2025-07-16 16:25:05,2025-07-16 16:38:40,2025-07-16 16:31:52.500,13.58,4.11,25.28,461.88,45.35,32.53,0.945,3.37,0.67,1.5,0.177,Diretto_Entrambi_Tensiometri,19.817,0.28,21.641,0.3,17.721,0.27,23.209,0.18,26.013,0.67,17.233,0.24,26.468,2.78,18.048,0.82,20.922,18.93,23.229,25.626,19.661,21.831,21.856,22.035,True
ML3,6,2025-07-16 17:00:00,2025-07-16 17:25:05,2025-07-16 17:38:29,2025-07-16 17:31:47.000,13.4,5.11,25.29,461.24,45.1,32.35,0.94,4.28,0.8,1.85,0.267,Diretto_Entrambi_Tensiometri,19.873,0.2,21.729,0.06,17.813,0.2,23.26,0.02,26.11,0.67,17.263,0.12,26.581,2.67,18.067,0.88,20.926,18.957,23.484,25.598,19.74,21.887,21.914,22.098,True
ML3,7,2025-07-16 18:00:00,2025-07-16 18:25:05,2025-07-16 18:38:29,2025-07-16 18:31:47.000,13.4,6.11,25.34,460.61,44.84,32.17,0.934,5.21,1.03,2.31,0.365,Diretto_Entrambi_Tensiometri,19.948,0.18,21.801,0.01,17.853,0.23,23.329,0.16,26.142,0.7,17.303,0.19,26.1,2.63,18.253,1.25,21.105,18.953,23.689,25.539,19.801,21.934,21.827,22.18,True
ML3,8,2025-07-16 19:00:00,2025-07-16 19:25:05,2025-07-16 19:38:26,2025-07-16 19:31:45.500,13.35,7.11,25.26,459.98,44.59,31.99,0.929,6.46,1.2,2.78,0.444,Diretto_Entrambi_Tensiometri,20.074,0.13,21.874,0.08,17.964,0.09,23.423,0.03,26.266,0.88,17.333,0.1,26.253,2.95,18.192,1.08,21.002,18.987,23.856,25.517,19.906,22.011,21.854,22.197,True
ML3,9,2025-07-16 20:00:00,2025-07-16 20:25:05,2025-07-16 20:38:22,2025-07-16 20:31:43.500,13.28,8.11,25.2,459.41,44.36,31.82,0.924,7.55,1.34,3.18,0.503,Diretto_Entrambi_Tensiometri,20.166,0.03,21.939,0.12,17.994,0.08,23.41,0.15,26.35,0.85,17.395,0.0,26.89,2.73,18.336,1.16,21.029,18.994,23.969,25.943,19.967,22.056,22.205,22.324,True
ML3,10,2025-07-16 21:00:00,2025-07-16 21:25:05,2025-07-16 21:38:21,2025-07-16 21:31:43.000,13.27,9.11,25.09,458.81,44.13,31.65,0.919,8.92,1.66,3.85,0.585,Diretto_Entrambi_Tensiometri,20.268,0.09,22.046,0.08,18.058,0.22,23.515,0.08,26.464,0.83,17.459,0.06,26.62,2.63,18.359,1.11,21.207,19.048,24.067,26.628,20.057,22.148,22.107,22.557,True
ML3,11,2025-07-16 22:00:00,2025-07-16 22:25:05,2025-07-16 22:38:21,2025-07-16 22:31:43.000,13.27,10.11,24.98,458.26,43.9,31.5,0.915,10.41,1.64,4.13,0.616,Diretto_Entrambi_Tensiometri,20.368,0.07,22.098,0.03,18.097,0.08,23.54,0.24,26.545,1.02,17.498,0.07,27.004,2.26,18.427,0.86,21.228,19.052,24.237,26.831,20.12,22.195,22.307,22.646,True
ML3,12,2025-07-16 23:00:00,2025-07-16 23:25:05,2025-07-16 23:38:25,2025-07-16 23:31:45.000,13.33,11.11,24.91,457.73,43.69,31.34,0.91,11.82,1.68,4.46,0.649,Diretto_Entrambi_Tensiometri,20.449,0.0,22.15,0.25,18.115,0.26,23.601,0.1,26.626,0.99,17.549,0.04,27.499,2.25,18.239,0.76,21.164,19.141,24.425,27.297,20.169,22.259,22.395,22.797,True
ML3,13,2025-07-17 00:00:00,2025-07-17 00:25:05,2025-07-17 00:38:23,2025-07-17 00:31:44.000,13.3,12.11,24.83,457.23,43.49,31.2,0.906,13.44,1.87,5.02,0.7,Diretto_Entrambi_Tensiometri,20.566,0.06,22.269,0.1,18.164,0.22,23.719,0.26,26.701,0.88,17.541,0.04,27.124,2.16,18.369,0.73,21.189,19.146,24.541,27.527,20.262,22.313,22.321,22.88,True
ML3,14,2025-07-17 01:00:00,2025-07-17 01:25:05,2025-07-17 01:38:22,2025-07-17 01:31:43.500,13.28,13.11,24.77,456.72,43.29,31.05,0.902,15.34,1.92,5.43,0.735,Diretto_Entrambi_Tensiometri,20.695,0.11,22.354,0.0,18.198,0.19,23.832,0.14,26.829,0.92,17.541,0.01,26.918,2.21,17.721,0.2,21.369,19.304,24.651,27.665,20.343,22.384,21.841,23.03,True
ML3,15,2025-07-17 02:00:00,2025-07-17 02:25:05,2025-07-17 02:38:28,2025-07-17 02:31:46.500,13.38,14.11,24.71,456.22,43.09,30.91,0.898,17.34,2.27,6.27,0.797,Diretto_Entrambi_Tensiometri,20.859,0.16,22.466,0.08,18.195,0.24,23.904,0.12,26.922,1.04,17.598,0.02,27.034,2.2,17.829,1.21,21.562,19.295,24.834,27.864,20.429,22.457,21.954,23.164,True
ML3,16,2025-07-17 03:00:00,2025-07-17 03:25:05,2025-07-17 03:38:27,2025-07-17 03:31:46.000,13.37,15.11,24.63,455.72,42.89,30.76,0.893,19.4,2.07,6.34,0.802,Diretto_Entrambi_Tensiometri,21.037,0.2,22.578,0.0,18.23,0.15,23.997,0.05,26.998,1.01,17.603,0.03,27.449,1.5,17.811,1.99,21.302,19.314,24.959,28.12,20.535,22.509,22.111,23.181,True
ML3,17,2025-07-17 04:00:00,2025-07-17 04:25:05,2025-07-17 04:38:30,2025-07-17 04:31:47.500,13.42,16.11,24.56,455.21,42.69,30.62,0.889,21.41,2.43,7.22,0.858,Diretto_Entrambi_Tensiometri,21.27,0.08,22.681,0.03,18.247,0.25,24.087,0.01,27.088,1.14,17.643,0.02,27.53,1.75,17.894,2.39,21.312,19.334,25.023,28.476,20.648,22.579,22.195,23.278,True
ML3,18,2025-07-17 05:00:00,2025-07-17 05:25:05,2025-07-17 05:38:51,2025-07-17 05:31:58.000,13.77,17.11,24.49,454.71,42.48,30.48,0.885,23.49,2.87,8.21,0.914,Diretto_Entrambi_Tensiometri,21.467,0.11,22.786,0.11,18.248,0.19,24.173,0.02,27.165,1.23,17.67,0.17,27.834,1.24,17.893,2.68,21.302,19.285,25.127,28.845,20.744,22.639,22.317,23.359,True
ML3,19,2025-07-17 06:00:00,2025-07-17 06:25:05,2025-07-17 06:38:40,2025-07-17 06:31:52.500,13.58,18.11,24.45,454.21,42.28,30.33,0.881,25.6,3.33,9.23,0.965,Diretto_Entrambi_Tensiometri,21.717,0.02,22.882,0.1,18.268,0.09,24.254,0.03,27.31,0.54,17.68,0.1,27.887,1.25,17.872,3.11,21.338,19.299,25.363,29.246,20.861,22.709,22.325,23.509,True
ML3,20,2025-07-17 07:00:00,2025-07-17 07:25:05,2025-07-17 07:38:55,2025-07-17 07:32:00.000,13.83,19.12,24.5,453.73,42.09,30.2,0.877,27.78,3.74,10.19,1.008,Diretto_Entrambi_Tensiometri,21.939,0.19,22.956,0.16,18.243,0.21,24.311,0.06,27.253,1.46,17.688,0.14,27.845,0.85,17.893,3.46,21.314,19.29,25.695,29.601,20.944,22.714,22.321,23.648,True
ML3,21,2025-07-17 08:00:00,2025-07-17 08:25:05,2025-07-17 08:38:48,2025-07-17 08:31:56.500,13.72,20.11,24.82,453.25,41.9,30.06,0.873,29.8,3.86,10.73,1.03,Diretto_Entrambi_Tensiometri,22.139,1.17,23.004,0.06,18.211,0.18,24.352,0.04,27.332,1.49,17.667,0.13,27.648,0.6,17.934,3.35,21.349,19.242,26.095,29.933,21.01,22.74,22.267,23.8,True
ML3,22,2025-07-17 09:00:00,2025-07-17 09:25:05,2025-07-17 09:38:46,2025-07-17 09:31:55.500,13.68,21.11,25.01,452.78,41.71,29.92,0.869,32.22,4.36,11.85,1.074,Diretto_Entrambi_Tensiometri,22.421,1.11,23.079,0.09,18.183,0.01,24.433,0.02,27.452,0.8,17.683,0.05,27.598,0.87,17.908,3.79,21.446,19.302,26.561,30.242,21.111,22.805,22.231,24.013,True
ML3,23,2025-07-17 10:00:00,2025-07-17 10:25:05,2025-07-17 10:38:42,2025-07-17 10:31:53.500,13.62,22.11,25.03,452.35,41.54,29.8,0.865,34.86,4.83,12.98,1.113,Diretto_Entrambi_Tensiometri,22.677,1.05,23.126,0.03,18.195,0.17,24.477,0.08,27.526,0.91,17.677,0.07,28.206,0.76,18.003,3.83,21.412,19.249,27.191,30.425,21.21,22.837,22.534,24.165,True
ML3,24,2025-07-17 11:00:00,2025-07-17 11:25:05,2025-07-17 11:38:48,2025-07-17 11:31:56.500,13.72,23.11,25.02,451.92,41.37,29.68,0.862,37.29,5.29,14.05,1.148,Diretto_Entrambi_Tensiometri,23.021,1.12,23.268,0.17,18.131,0.02,24.548,0.0,27.555,1.11,17.697,0.08,28.629,1.03,18.05,3.89,21.286,19.268,27.857,30.668,21.335,22.876,22.732,24.33,True
ML3,25,2025-07-17 12:00:00,2025-07-17 12:25:05,2025-07-17 12:39:10,2025-07-17 12:32:07.500,14.08,24.12,25.05,451.5,41.2,29.56,0.858,39.72,5.68,15.02,1.177,Diretto_Entrambi_Tensiometri,23.254,1.78,23.405,0.07,18.07,0.12,24.612,0.06,27.728,0.6,17.694,0.16,28.931,1.49,17.975,3.69,21.167,19.275,28.706,30.889,21.425,22.942,22.804,24.525,True
ML3,26,2025-07-17 13:00:00,2025-07-17 13:25:05,2025-07-17 13:39:06,2025-07-17 13:32:05.500,14.02,25.12,25.06,451.11,41.05,29.44,0.855,42.06,6.1,16.02,1.205,Diretto_Entrambi_Tensiometri,23.706,1.8,23.549,0.07,18.013,0.18,24.664,0.02,27.621,1.58,17.696,0.01,29.038,1.49,18.03,3.58,21.104,19.248,29.723,31.172,21.584,22.929,22.881,24.769,True
ML3,27,2025-07-17 14:00:00,2025-07-17 14:25:05,2025-07-17 14:39:11,2025-07-17 14:32:08.000,14.1,26.12,25.1,450.72,40.89,29.33,0.852,44.28,6.52,16.98,1.23,Diretto_Entrambi_Tensiometri,23.817,1.7,23.652,0.08,17.969,0.26,24.715,0.03,27.768,1.06,17.707,0.02,29.391,1.94,18.003,4.42,21.067,19.26,30.837,31.462,21.632,22.991,23.003,25.048,True
ML3,28,2025-07-17 15:00:00,2025-07-17 15:25:05,2025-07-17 15:39:06,2025-07-17 15:32:05.500,14.02,27.12,25.11,450.32,40.73,29.22,0.849,46.29,6.95,17.94,1.254,Diretto_Entrambi_Tensiometri,23.807,1.29,23.815,0.11,17.894,0.34,24.786,0.11,27.86,1.1,17.727,0.0,29.993,1.58,18.112,4.57,20.869,19.293,32.358,31.614,21.648,23.047,23.307,25.333,True
ML3,29,2025-07-17 16:00:00,2025-07-17 16:25:05,2025-07-17 16:39:08,2025-07-17 16:32:06.500,14.05,28.12,25.17,449.89,40.56,29.09,0.845,49.07,7.38,19.03,1.28,Diretto_Entrambi_Tensiometri,24.012,1.16,23.934,0.01,17.89,0.05,24.846,0.11,27.929,1.12,17.742,0.01,30.416,1.85,18.059,4.88,20.797,19.348,33.74,31.839,21.745,23.091,23.437,25.641,True
ML3,30,2025-07-17 17:00:00,2025-07-17 17:25:05,2025-07-17 17:39:15,2025-07-17 17:32:10.000,14.17,29.12,25.21,449.49,40.4,28.98,0.842,52.05,7.88,20.25,1.306,Diretto_Entrambi_Tensiometri,24.058,0.53,24.04,0.14,17.827,0.15,24.92,0.08,28.02,1.09,17.754,0.01,30.95,2.03,18.108,4.26,20.617,19.444,34.989,32.016,21.765,23.144,23.674,25.887,True
ML3,31,2025-07-17 18:00:00,2025-07-17 18:25:05,2025-07-17 18:39:16,2025-07-17 18:32:10.500,14.18,30.12,25.2,449.07,40.23,28.86,0.838,55.45,8.36,21.53,1.333,Diretto_Entrambi_Tensiometri,24.171,0.56,24.135,0.1,17.806,0.21,24.992,0.11,28.144,1.36,17.778,0.05,31.455,1.93,18.215,4.01,20.491,19.569,36.194,32.19,21.819,23.211,23.936,26.144,True
ML3,32,2025-07-17 19:00:00,2025-07-17 19:25:05,2025-07-17 19:39:05,2025-07-17 19:32:05.000,14.0,31.12,25.2,448.68,40.07,28.75,0.835,57.84,8.79,22.54,1.353,Diretto_Entrambi_Tensiometri,24.26,0.35,24.242,0.04,17.774,0.02,25.046,0.06,28.215,1.12,17.806,0.05,32.016,2.12,18.143,5.19,20.323,19.672,37.446,32.368,21.865,23.259,24.101,26.384,True
ML3,33,2025-07-17 20:00:00,2025-07-17 20:25:05,2025-07-17 20:39:05,2025-07-17 20:32:05.000,14.0,32.12,25.18,448.27,39.91,28.63,0.831,60.71,9.33,23.8,1.377,Diretto_Entrambi_Tensiometri,24.365,0.19,24.371,0.08,17.747,0.19,25.124,0.1,28.33,1.21,17.839,0.04,32.78,1.64,18.26,4.9,20.266,19.802,38.735,32.559,21.924,23.329,24.466,26.672,True
ML3,34,2025-07-17 21:00:00,2025-07-17 21:25:05,2025-07-17 21:39:06,2025-07-17 21:32:05.500,14.02,33.12,25.1,447.87,39.75,28.51,0.828,66.87,9.84,25.65,1.409,Diretto_Entrambi_Tensiometri,24.457,0.44,24.49,0.06,17.73,0.08,25.205,0.07,28.463,1.07,17.897,0.03,33.37,1.65,18.352,4.94,20.147,19.948,39.97,32.78,21.98,23.416,24.747,26.938,True
ML3,35,2025-07-17 22:00:00,2025-07-17 22:25:05,2025-07-17 22:38:55,2025-07-17 22:32:00.000,13.83,34.12,25.02,447.46,39.58,28.4,0.825,72.11,10.36,27.33,1.437,Diretto_Entrambi_Tensiometri,24.512,0.07,24.597,0.03,17.7,0.24,25.269,0.05,28.574,1.03,17.928,0.03,34.25,1.6,18.449,5.09,20.001,20.044,40.942,33.029,22.016,23.48,25.137,27.135,True
ML3,36,2025-07-17 23:00:00,2025-07-17 23:25:05,2025-07-17 23:38:51,2025-07-17 23:31:58.000,13.77,35.11,24.97,447.05,39.42,28.28,0.821,77.6,10.8,28.95,1.462,Diretto_Entrambi_Tensiometri,24.77,0.11,24.693,0.07,17.665,0.18,25.338,0.11,28.679,1.01,17.966,0.05,34.63,1.34,18.369,4.73,19.977,20.185,42.103,33.2,22.107,23.547,25.221,27.4,True
ML3,37,2025-07-18 00:00:00,2025-07-18 00:25:05,2025-07-18 00:38:50,2025-07-18 00:31:57.500,13.75,36.11,24.93,446.65,39.26,28.16,0.818,82.35,11.03,30.14,1.479,Diretto_Entrambi_Tensiometri,24.96,0.03,24.79,0.19,17.643,0.13,25.409,0.05,28.782,1.12,18.023,0.02,35.282,0.89,18.588,4.51,19.991,20.252,43.147,33.499,22.184,23.622,25.609,27.658,True
ML3,38,2025-07-18 01:00:00,2025-07-18 01:25:05,2025-07-18 01:38:40,2025-07-18 01:31:52.500,13.58,37.11,24.9,446.24,39.1,28.05,0.815,87.31,11.94,32.28,1.509,Diretto_Entrambi_Tensiometri,25.065,0.09,24.866,0.12,17.634,0.03,25.471,0.04,28.873,0.89,18.053,0.03,35.766,1.12,18.686,4.41,19.907,20.364,44.021,33.697,22.234,23.679,25.852,27.847,True
ML3,39,2025-07-18 02:00:00,2025-07-18 02:25:05,2025-07-18 02:38:41,2025-07-18 02:31:53.000,13.6,38.11,24.88,445.84,38.94,27.93,0.811,92.42,12.36,33.79,1.529,Diretto_Entrambi_Tensiometri,25.105,0.5,24.978,0.22,17.584,0.11,25.537,0.07,28.985,0.88,18.116,0.14,36.56,0.93,18.919,3.71,19.808,20.428,44.854,33.975,22.258,23.758,26.3,28.022,True
ML3,40,2025-07-18 03:00:00,2025-07-18 03:25:05,2025-07-18 03:38:52,2025-07-18 03:31:58.500,13.78,39.11,24.86,445.46,38.79,27.82,0.808,97.76,12.95,35.58,1.551,Diretto_Entrambi_Tensiometri,25.254,0.45,25.068,0.11,17.553,0.26,25.587,0.14,29.13,1.01,18.161,0.05,37.108,0.76,18.908,4.58,19.812,20.615,45.709,34.14,22.315,23.832,26.488,28.255,True
ML3,41,2025-07-18 04:00:00,2025-07-18 04:25:05,2025-07-18 04:38:43,2025-07-18 04:31:54.000,13.63,40.11,24.84,445.08,38.63,27.71,0.805,103.21,13.2,36.91,1.567,Diretto_Entrambi_Tensiometri,25.22,0.19,25.193,0.08,17.502,0.35,25.651,0.18,29.24,1.05,18.235,0.01,38.194,0.74,18.996,4.47,19.63,20.718,47.007,34.382,22.321,23.915,26.936,28.473,True
ML3,42,2025-07-18 05:00:00,2025-07-18 05:25:05,2025-07-18 05:38:44,2025-07-18 05:31:54.500,13.65,41.11,24.84,444.68,38.47,27.6,0.801,108.83,14.24,39.37,1.595,Diretto_Entrambi_Tensiometri,25.248,0.02,25.296,0.01,17.466,0.28,25.697,0.08,29.314,0.83,18.305,0.01,39.283,0.72,19.067,4.18,19.473,20.925,48.259,34.56,22.344,23.98,27.368,28.712,True
ML3,43,2025-07-18 06:00:00,2025-07-18 06:25:05,2025-07-18 06:38:41,2025-07-18 06:31:53.000,13.6,42.11,24.83,444.31,38.32,27.49,0.798,114.56,14.91,41.33,1.616,Diretto_Entrambi_Tensiometri,25.357,0.14,25.369,0.08,17.43,0.53,25.736,0.13,29.398,0.87,18.403,0.1,40.114,0.87,19.119,3.71,19.445,21.122,49.055,34.807,22.382,24.057,27.694,28.938,True
ML3,44,2025-07-18 07:00:00,2025-07-18 07:25:05,2025-07-18 07:38:45,2025-07-18 07:31:55.000,13.67,43.11,24.87,443.93,38.17,27.38,0.795,120.13,15.63,43.33,1.637,Diretto_Entrambi_Tensiometri,25.557,0.43,25.457,0.04,17.405,0.59,25.76,0.13,29.483,0.89,18.51,0.02,40.916,0.87,19.033,4.35,19.392,21.424,49.819,35.021,22.456,24.135,27.906,29.178,True
ML3,45,2025-07-18 08:00:00,2025-07-18 08:25:05,2025-07-18 08:38:39,2025-07-18 08:31:52.000,13.57,44.11,24.93,443.57,38.03,27.28,0.792,125.83,16.25,45.21,1.655,Diretto_Entrambi_Tensiometri,25.726,0.72,25.584,0.09,17.317,0.65,25.783,0.13,29.544,0.96,18.631,0.16,41.662,1.13,18.909,3.52,19.432,21.742,50.904,35.201,22.505,24.211,28.068,29.497,True
ML3,46,2025-07-18 09:00:00,2025-07-18 09:25:05,2025-07-18 09:38:49,2025-07-18 09:31:57.000,13.73,45.11,25.1,443.17,37.87,27.16,0.789,132.47,17.03,47.5,1.677,Diretto_Entrambi_Tensiometri,25.836,0.64,25.697,0.05,17.318,0.7,25.821,0.17,29.618,1.06,18.76,0.04,42.387,1.1,18.883,4.09,19.466,22.271,51.772,35.502,22.57,24.299,28.291,29.877,True
ML3,47,2025-07-18 10:00:00,2025-07-18 10:25:05,2025-07-18 10:38:56,2025-07-18 10:32:00.500,13.85,46.12,25.24,442.76,37.71,27.05,0.786,139.57,17.8,49.84,1.698,Diretto_Entrambi_Tensiometri,25.832,0.61,25.748,0.11,17.284,1.12,25.809,0.11,29.649,0.96,18.914,0.11,43.316,0.62,18.777,3.6,19.462,22.825,52.862,35.683,22.569,24.37,28.519,30.255,True
ML3,48,2025-07-18 11:00:00,2025-07-18 11:25:05,2025-07-18 11:38:44,2025-07-18 11:31:54.500,13.65,47.11,25.41,442.31,37.53,26.92,0.782,147.67,18.51,52.28,1.718,Diretto_Entrambi_Tensiometri,25.595,0.83,25.906,0.2,17.223,1.2,25.799,0.07,29.67,1.07,19.099,0.05,44.188,0.73,18.837,3.52,19.363,23.595,53.787,35.909,22.519,24.452,28.851,30.649,True
ML3,49,2025-07-18 12:00:00,2025-07-18 12:25:05,2025-07-18 12:38:49,2025-07-18 12:31:57.000,13.73,48.11,25.64,441.86,37.34,26.79,0.778,155.8,19.08,54.52,1.737,Diretto_Entrambi_Tensiometri,24.952,0.08,26.038,0.46,17.163,0.69,25.773,0.03,29.68,1.03,19.255,0.11,45.109,0.86,18.738,2.92,19.25,24.446,54.728,36.1,22.341,24.513,29.073,31.052,True
ML3,50,2025-07-18 13:00:00,2025-07-18 13:25:05,2025-07-18 13:38:47,2025-07-18 13:31:56.000,13.7,49.11,25.75,441.43,37.17,26.67,0.774,164.58,19.94,57.29,1.758,Diretto_Entrambi_Tensiometri,24.952,1.13,26.184,0.0,17.093,0.75,25.775,0.11,29.786,1.02,19.443,0.09,46.185,1.23,18.712,2.6,19.203,24.977,55.333,36.405,22.352,24.622,29.398,31.352,True
ML3,51,2025-07-18 14:00:00,2025-07-18 14:25:05,2025-07-18 14:39:02,2025-07-18 14:32:03.500,13.95,50.12,25.81,441.01,37.01,26.55,0.771,173.58,20.9,60.23,1.78,Diretto_Entrambi_Tensiometri,24.695,0.99,26.303,0.25,17.028,0.78,25.756,0.1,29.801,1.07,19.609,0.03,46.86,0.25,18.487,1.39,19.104,25.656,56.001,36.591,22.281,24.69,29.433,31.657,True
ML3,52,2025-07-18 15:00:00,2025-07-18 15:25:06,2025-07-18 15:39:09,2025-07-18 15:32:07.500,14.05,51.12,25.84,440.6,36.84,26.43,0.767,183.68,21.86,63.36,1.802,Diretto_Entrambi_Tensiometri,24.365,2.07,26.464,0.15,17.044,1.08,25.79,0.21,29.866,1.07,19.824,0.16,47.64,3.04,18.205,1.71,19.058,26.544,56.934,37.101,22.233,24.809,29.45,32.151,True
ML3,53,2025-07-18 16:00:00,2025-07-18 16:25:05,2025-07-18 16:38:59,2025-07-18 16:32:02.000,13.9,52.12,25.8,440.15,36.66,26.3,0.764,193.9,22.79,66.47,1.823,Diretto_Entrambi_Tensiometri,24.256,1.54,26.625,0.05,16.996,0.81,25.792,0.11,29.906,0.97,20.009,0.01,49.574,3.36,17.835,3.49,18.898,27.211,57.182,37.418,22.224,24.898,29.735,32.387,True
ML3,54,2025-07-18 17:00:00,2025-07-18 17:25:05,2025-07-18 17:38:59,2025-07-18 17:32:02.000,13.9,53.12,25.8,439.73,36.49,26.18,0.76,207.75,23.79,70.3,1.847,Esteso_Top_Diretto_Bottom,23.953,2.03,26.77,0.25,16.982,0.25,25.797,0.2,29.922,0.98,20.181,0.09,49.54,2.55,17.513,3.14,18.876,27.795,57.723,37.741,22.165,24.975,29.455,32.697,True
ML3,55,2025-07-18 18:00:00,2025-07-18 18:25:05,2025-07-18 18:38:55,2025-07-18 18:32:00.000,13.83,54.12,25.81,439.32,36.33,26.06,0.757,225.8,25.02,75.17,1.876,Esteso_Top_Diretto_Bottom,23.144,2.74,26.803,0.27,16.951,0.81,25.792,0.2,29.977,0.95,20.356,0.16,52.111,2.3,17.253,2.42,18.681,28.715,58.384,37.967,21.908,25.06,29.985,33.022,True
ML3,56,2025-07-18 19:00:00,2025-07-18 19:25:05,2025-07-18 19:39:02,2025-07-18 19:32:03.500,13.95,55.12,25.81,438.86,36.14,25.93,0.753,243.88,26.15,79.86,1.902,Esteso_Top_Diretto_Bottom,22.898,2.76,26.973,0.23,16.96,0.68,25.83,0.22,30.075,1.06,20.572,0.09,52.418,2.73,17.421,0.04,18.583,29.983,59.238,38.241,21.88,25.188,30.219,33.518,True
ML3,57,2025-07-18 20:00:00,2025-07-18 20:25:05,2025-07-18 20:39:10,2025-07-18 20:32:07.500,14.08,56.12,25.75,438.45,35.98,25.81,0.75,261.96,27.29,84.56,1.927,Esteso_Top_Diretto_Bottom,22.766,2.24,26.964,0.5,17.003,0.88,25.812,0.16,30.08,0.93,20.752,0.15,54.818,1.0,16.703,1.07,18.516,30.98,59.869,38.304,21.854,25.257,30.259,33.866,True
ML3,58,2025-07-18 21:00:00,2025-07-18 21:25:05,2025-07-18 21:39:20,2025-07-18 21:32:12.500,14.25,57.12,25.69,438.03,35.81,25.69,0.746,280.05,28.53,89.39,1.951,Esteso_Top_Diretto_Bottom,22.222,3.56,27.17,0.42,16.991,0.41,25.826,0.27,30.179,1.37,20.965,0.11,55.365,1.28,16.097,0.3,18.554,32.314,61.236,38.478,21.729,25.376,29.853,34.476,True
ML3,59,2025-07-18 22:00:00,2025-07-18 22:25:05,2025-07-18 22:39:12,2025-07-18 22:32:08.500,14.12,58.12,25.6,437.63,35.65,25.58,0.743,298.09,29.85,94.33,1.975,Esteso_Top_Diretto_Bottom,21.706,4.09,27.322,0.18,17.037,0.98,25.83,0.3,30.182,1.09,21.156,0.06,57.244,3.64,15.772,0.32,18.535,33.604,61.928,38.6,21.619,25.455,30.048,34.931,True
ML3,60,2025-07-18 23:00:00,2025-07-18 23:25:05,2025-07-18 23:39:26,2025-07-18 23:32:15.500,14.35,59.12,25.51,437.24,35.49,25.46,0.739,316.19,31.18,99.3,1.997,Esteso_Top_Diretto_Bottom,21.016,6.06,27.487,0.94,17.039,2.03,25.863,0.23,30.334,1.33,21.397,0.7,57.559,0.74,15.228,1.03,18.552,35.025,63.473,38.717,21.431,25.605,29.606,35.548,True
ML3,61,2025-07-19 00:00:00,2025-07-19 00:25:05,2025-07-19 00:39:49,2025-07-19 00:32:27.000,14.73,60.12,25.43,436.85,35.34,25.35,0.736,334.31,32.57,104.34,2.018,Esteso_Top_Diretto_Bottom,20.5,6.99,27.584,0.97,17.238,0.37,25.854,0.28,30.408,1.25,21.468,0.01,58.707,4.38,14.97,0.75,18.513,37.055,64.953,38.778,21.362,25.651,29.645,36.256,True
ML3,62,2025-07-19 01:00:00,2025-07-19 01:25:05,2025-07-19 01:39:47,2025-07-19 01:32:26.000,14.7,61.12,25.36,436.46,35.19,25.24,0.733,352.36,34.07,109.57,2.04,Esteso_Top_Diretto_Bottom,20.234,9.49,27.706,1.02,17.291,0.06,25.903,0.14,30.388,0.8,21.61,0.61,60.187,1.8,15.006,2.34,18.57,39.931,65.823,38.984,21.322,25.718,30.053,37.14,True
ML3,63,2025-07-19 02:00:00,2025-07-19 02:25:05,2025-07-19 02:39:18,2025-07-19 02:32:11.500,14.22,62.12,25.29,436.07,35.03,25.13,0.73,370.35,35.71,115.0,2.061,Esteso_Top_Diretto_Bottom,19.869,9.37,27.956,1.53,17.338,0.81,25.93,0.37,30.536,1.28,21.657,0.03,60.669,4.14,14.734,0.45,18.575,43.838,66.189,39.132,21.276,25.787,29.898,38.109,True
ML3,64,2025-07-19 03:00:00,2025-07-19 03:25:05,2025-07-19 03:39:45,2025-07-19 03:32:25.000,14.67,63.12,25.22,435.69,34.88,25.02,0.727,388.48,37.37,120.49,2.081,Esteso_Top_Diretto_Bottom,19.749,10.38,28.13,2.06,17.403,0.12,25.94,0.24,30.345,1.32,21.819,0.23,61.687,1.75,14.362,0.13,18.669,48.759,67.214,39.225,21.303,25.801,29.765,39.36,True
ML3,65,2025-07-19 04:00:00,2025-07-19 04:25:05,2025-07-19 04:39:46,2025-07-19 04:32:25.500,14.68,64.12,25.15,435.31,34.72,24.91,0.723,406.54,39.12,126.11,2.101,Esteso_Top_Diretto_Bottom,19.07,9.91,28.253,1.61,17.527,0.13,25.966,0.25,30.44,1.47,21.937,0.26,63.12,3.73,13.995,1.02,18.669,55.217,68.177,39.422,21.137,25.883,29.721,40.798,True
ML3,66,2025-07-19 05:00:00,2025-07-19 05:25:05,2025-07-19 05:40:21,2025-07-19 05:32:43.000,15.27,65.13,25.11,434.92,34.57,24.8,0.72,424.69,40.95,131.87,2.12,Esteso_Top_Diretto_Bottom,18.814,13.66,28.481,0.92,17.681,0.65,26.007,0.18,30.467,1.85,22.02,0.26,65.412,2.04,13.94,1.64,18.71,59.6,69.523,39.619,21.16,25.937,30.197,41.864,True
ML3,67,2025-07-19 06:00:00,2025-07-19 06:25:05,2025-07-19 06:40:26,2025-07-19 06:32:45.500,15.35,66.13,25.03,434.53,34.41,24.69,0.717,442.76,42.88,137.79,2.139,Esteso_Top_Diretto_Bottom,18.331,11.17,28.765,2.15,17.717,0.08,26.01,0.49,30.475,1.76,22.055,1.01,66.478,0.8,13.723,4.23,18.662,64.794,70.264,39.808,21.061,25.954,30.204,42.884,True
ML3,68,2025-07-19 07:00:00,2025-07-19 07:25:05,2025-07-19 07:40:04,2025-07-19 07:32:34.500,14.98,67.12,25.07,434.16,34.26,24.58,0.714,460.77,44.81,143.69,2.157,Esteso_Top_Diretto_Bottom,19.052,5.65,28.928,1.98,18.028,0.99,26.021,0.27,30.536,1.89,22.331,0.17,68.548,3.4,13.966,0.12,18.601,66.447,71.301,39.927,21.498,26.082,30.941,43.311,True
ML3,69,2025-07-19 08:00:00,2025-07-19 08:25:05,2025-07-19 08:39:58,2025-07-19 08:32:31.500,14.88,68.12,25.19,433.77,34.11,24.47,0.711,478.82,46.86,149.8,2.175,Esteso_Top_Diretto_Bottom,18.062,8.55,29.114,1.97,18.221,2.35,26.025,0.29,30.501,1.72,22.453,0.26,68.635,1.11,13.647,2.39,18.577,67.497,72.043,40.069,21.24,26.121,30.605,43.618,True
ML3,70,2025-07-19 09:00:00,2025-07-19 09:25:05,2025-07-19 09:40:23,2025-07-19 09:32:44.000,15.3,69.13,25.41,433.37,33.95,24.35,0.707,496.94,49.04,156.11,2.193,Esteso_Top_Diretto_Bottom,20.705,1.65,29.17,1.07,18.407,1.87,26.023,0.35,30.557,1.85,22.546,0.56,71.363,0.77,14.92,2.31,18.4,58.789,72.972,40.195,22.318,26.173,32.63,42.205,True
ML3,71,2025-07-19 10:00:00,2025-07-19 10:25:05,2025-07-19 10:39:59,2025-07-19 10:32:32.000,14.9,70.12,26.44,432.85,33.74,24.2,0.703,514.94,50.76,161.67,2.209,Esteso_Top_Diretto_Bottom,17.916,4.15,29.2,1.66,18.063,1.54,25.839,0.15,30.419,1.92,22.483,0.69,70.82,1.83,13.827,1.15,18.209,61.933,73.546,40.205,21.142,26.047,31.293,42.733,True
ML3,72,2025-07-19 11:00:00,2025-07-19 11:25:05,2025-07-19 11:39:56,2025-07-19 11:32:30.500,14.85,71.12,27.78,432.32,33.53,24.05,0.698,532.99,52.68,167.57,2.224,Esteso_Top_Diretto_Bottom,16.473,14.28,29.32,2.3,18.254,0.47,25.785,0.4,30.362,2.54,22.645,0.12,74.314,0.18,12.497,3.68,18.327,68.282,76.652,40.462,20.658,26.075,30.475,44.386,True
ML3,73,2025-07-19 12:00:00,2025-07-19 12:25:05,2025-07-19 12:40:37,2025-07-19 12:32:51.000,15.53,72.13,27.27,431.96,33.38,23.95,0.695,551.16,55.85,175.45,2.244,Esteso_Top_Diretto_Bottom,17.035,12.03,29.501,2.06,18.51,0.52,25.846,0.39,30.586,2.12,22.945,1.1,74.757,2.6,11.816,0.8,18.385,67.71,77.473,40.572,21.031,26.275,29.721,44.476,True
ML3,74,2025-07-19 13:00:00,2025-07-19 13:25:05,2025-07-19 13:40:45,2025-07-19 13:32:55.000,15.67,73.13,26.87,431.56,33.22,23.83,0.692,569.24,58.69,182.78,2.262,Esteso_Top_Diretto_Bottom,17.448,9.29,29.941,0.97,19.101,1.65,25.867,0.44,30.7,2.28,23.105,0.3,76.236,2.28,11.399,1.28,18.46,67.933,77.03,40.713,21.529,26.375,29.479,44.532,True
ML3,75,2025-07-19 14:00:00,2025-07-19 14:25:05,2025-07-19 14:40:35,2025-07-19 14:32:50.000,15.5,74.13,26.6,431.16,33.06,23.72,0.689,587.27,61.68,190.33,2.279,Esteso_Top_Diretto_Bottom,19.02,2.65,30.393,0.91,19.464,2.95,25.897,0.38,30.614,2.39,23.417,0.7,78.758,1.04,12.204,0.27,18.822,67.679,77.847,40.817,22.408,26.479,31.003,44.854,True
ML3,76,2025-07-19 15:00:00,2025-07-19 15:25:05,2025-07-19 15:40:05,2025-07-19 15:32:35.000,15.0,75.12,26.43,430.76,32.91,23.61,0.686,605.26,64.55,197.66,2.296,Esteso_Top_Diretto_Bottom,17.917,11.66,30.846,1.13,19.575,2.38,25.888,0.36,30.502,2.68,23.541,0.2,81.433,0.19,11.37,2.19,18.634,75.86,79.528,40.768,22.117,26.49,30.428,46.269,True
ML3,77,2025-07-19 16:00:00,2025-07-19 16:25:05,2025-07-19 16:40:09,2025-07-19 16:32:37.000,15.07,76.13,26.3,430.35,32.74,23.49,0.682,623.33,67.55,205.2,2.312,Esteso_Top_Diretto_Bottom,17.229,12.58,31.317,0.74,19.968,3.54,25.913,0.23,30.497,2.34,23.771,0.32,82.227,1.58,11.116,2.39,18.726,76.871,80.982,40.863,22.086,26.583,30.233,46.718,True
ML3,78,2025-07-19 17:00:00,2025-07-19 17:25:05,2025-07-19 17:40:16,2025-07-19 17:32:40.500,15.18,77.13,26.22,429.95,32.58,23.37,0.679,641.41,70.69,212.94,2.328,Esteso_Top_Diretto_Bottom,15.951,7.57,31.696,0.51,20.456,3.36,25.897,0.15,30.527,2.15,23.966,0.38,84.081,0.2,10.26,5.89,18.768,79.089,82.402,40.941,21.787,26.659,29.371,47.305,True
ML3,79,2025-07-19 18:00:00,2025-07-19 18:25:05,2025-07-19 18:40:13,2025-07-19 18:32:39.000,15.13,78.13,26.16,429.54,32.42,23.25,0.675,659.46,74.28,221.33,2.345,Esteso_Top_Diretto_Bottom,13.442,37.07,32.145,0.27,20.864,4.82,25.904,0.31,30.545,2.41,24.25,0.51,86.885,0.13,9.732,2.05,18.89,80.582,83.009,41.143,20.813,26.772,29.079,47.75,False
ML3,80,2025-07-19 19:00:00,2025-07-19 19:25:05,2025-07-19 19:40:11,2025-07-19 19:32:38.000,15.1,79.13,26.08,429.13,32.25,23.14,0.672,677.52,77.93,229.79,2.361,Esteso_Top_Diretto_Bottom,10.952,78.54,32.58,0.29,21.187,4.09,25.898,0.29,30.457,2.39,24.439,0.48,86.647,2.83,8.945,0.94,19.058,82.954,84.257,41.288,19.626,26.813,27.84,48.427,False
ML3,81,2025-07-19 20:00:00,2025-07-19 20:25:05,2025-07-19 20:40:26,2025-07-19 20:32:45.500,15.35,80.13,26.03,428.73,32.09,23.02,0.669,695.62,81.64,238.31,2.377,Esteso_Top_Diretto_Bottom,12.317,49.23,33.163,0.28,21.686,5.32,25.888,0.48,30.125,2.78,24.53,0.23,87.243,0.41,9.031,8.74,19.276,84.155,84.799,41.422,20.691,26.745,28.069,48.857,False
ML3,82,2025-07-19 21:00:00,2025-07-19 21:25:05,2025-07-19 21:40:21,2025-07-19 21:32:43.000,15.27,81.13,25.93,428.31,31.92,22.9,0.665,713.66,85.67,247.27,2.393,Esteso_Top_Diretto_Bottom,12.838,22.07,31.829,13.14,22.021,0.8,25.902,0.32,30.546,1.84,24.874,0.31,89.163,3.18,6.664,2.94,19.148,52.833,85.032,41.581,20.799,26.999,24.376,43.489,False
ML3,83,2025-07-19 22:00:00,2025-07-19 22:25:05,2025-07-19 22:40:30,2025-07-19 22:32:47.500,15.42,82.13,25.88,427.89,31.76,22.78,0.662,731.75,89.86,256.42,2.409,Esteso_Top_Diretto_Bottom,10.237,58.92,33.895,2.32,22.731,7.28,25.925,0.35,30.291,2.02,25.129,0.56,90.868,1.28,7.317,11.15,19.403,83.085,85.067,41.728,19.906,27.023,25.785,48.91,False
ML3,84,2025-07-19 23:00:00,2025-07-19 23:25:05,2025-07-19 23:40:33,2025-07-19 23:32:49.000,15.47,83.13,25.78,427.44,31.57,22.65,0.658,749.82,94.43,266.1,2.425,Esteso_Top_Diretto_Bottom,7.778,107.25,34.538,1.92,23.383,7.83,25.97,0.28,30.416,2.69,25.304,0.37,94.454,0.14,6.982,4.44,19.565,84.008,86.44,41.863,18.451,27.139,25.68,49.384,False
ML3,85,2025-07-20 00:00:00,2025-07-20 00:25:05,2025-07-20 00:40:21,2025-07-20 00:32:43.000,15.27,84.13,25.78,426.98,31.39,22.52,0.654,767.85,99.02,275.73,2.44,Esteso_Top_Diretto_Bottom,9.838,31.98,35.532,3.86,24.041,8.94,25.973,0.2,30.371,3.53,25.584,0.05,96.566,0.76,7.238,2.98,19.719,84.486,86.755,42.023,20.331,27.226,26.438,49.644,False
ML3,86,2025-07-20 01:00:00,2025-07-20 01:25:05,2025-07-20 01:40:21,2025-07-20 01:32:43.000,15.27,85.13,25.75,426.53,31.21,22.39,0.65,785.91,103.85,285.69,2.456,Esteso_Top_Diretto_Bottom,6.745,95.56,36.225,4.0,24.562,8.82,25.985,0.19,30.251,3.24,25.809,0.12,98.943,1.17,6.825,1.28,19.936,90.681,87.438,42.298,18.173,27.274,25.986,50.85,False
ML3,87,2025-07-20 02:00:00,2025-07-20 02:25:05,2025-07-20 02:40:05,2025-07-20 02:32:35.000,15.0,86.12,25.71,426.1,31.04,22.27,0.647,803.93,108.87,295.85,2.471,Esteso_Top_Diretto_Bottom,6.333,126.66,37.051,3.98,25.517,10.27,25.946,0.33,30.271,3.61,25.973,0.31,100.19,2.56,6.472,3.13,20.123,91.505,88.745,42.416,18.158,27.324,25.464,51.31,False
ML3,88,2025-07-20 03:00:00,2025-07-20 03:25:05,2025-07-20 03:40:28,2025-07-20 03:32:46.500,15.38,87.13,25.69,425.67,30.87,22.14,0.643,822.05,114.29,306.51,2.486,Esteso_Top_Diretto_Bottom,5.723,99.6,36.504,3.24,24.972,10.23,25.975,0.07,30.267,3.97,26.249,0.25,101.997,0.61,5.898,7.05,20.199,94.355,89.952,42.604,17.344,27.429,24.527,51.986,False
ML3,89,2025-07-20 04:00:00,2025-07-20 04:25:05,2025-07-20 04:40:21,2025-07-20 04:32:43.000,15.27,88.13,25.65,425.25,30.7,22.02,0.64,840.09,119.64,317.03,2.501,Esteso_Top_Diretto_Bottom,6.615,98.11,36.777,3.42,25.156,9.22,25.973,0.14,30.296,4.82,26.392,0.55,105.296,0.33,6.238,15.29,20.425,92.963,91.485,42.766,18.291,27.487,25.629,52.207,False
ML3,90,2025-07-20 05:00:00,2025-07-20 05:25:05,2025-07-20 05:40:34,2025-07-20 05:32:49.500,15.48,89.13,25.64,424.85,30.54,21.91,0.636,858.18,125.51,328.19,2.516,Esteso_Top_Diretto_Bottom,5.19,185.45,37.729,3.87,26.071,11.92,25.97,0.27,30.35,5.69,26.599,0.42,105.295,0.59,6.626,21.54,20.427,91.411,92.5,42.919,17.219,27.574,26.414,52.179,False
ML3,91,2025-07-20 06:00:00,2025-07-20 06:25:05,2025-07-20 06:40:35,2025-07-20 06:32:50.000,15.5,90.13,25.66,424.44,30.38,21.79,0.633,876.25,131.56,339.52,2.531,Esteso_Top_Diretto_Bottom,4.894,98.72,38.734,3.52,26.918,13.53,25.959,0.3,30.355,6.55,26.815,0.27,109.054,1.08,5.736,28.94,20.944,96.497,93.742,43.038,17.216,27.646,25.011,53.437,False
ML3,92,2025-07-20 07:00:00,2025-07-20 07:25:05,2025-07-20 07:40:26,2025-07-20 07:32:45.500,15.35,91.13,25.73,424.05,30.22,21.68,0.63,894.29,137.98,350.65,2.545,Oltre_Air_Entry_Top,4.55,75.31,39.597,5.0,27.488,13.42,25.944,0.3,30.311,5.88,26.957,0.26,110.297,0.98,5.299,12.49,21.251,101.963,94.527,43.182,17.045,27.676,24.176,54.534,False
ML3,93,2025-07-20 08:00:00,2025-07-20 08:25:05,2025-07-20 08:40:26,2025-07-20 08:32:45.500,15.35,92.13,25.75,423.68,30.07,21.57,0.627,912.35,144.85,361.79,2.558,Oltre_Air_Entry_Top,7.86,1.39,40.569,6.33,28.104,14.54,25.917,0.28,30.322,6.29,27.15,0.14,110.933,1.1,4.259,8.63,21.597,107.716,95.492,43.301,20.771,27.736,21.736,55.691,True
ML3,94,2025-07-20 09:00:00,2025-07-20 09:25:05,2025-07-20 09:40:32,2025-07-20 09:32:48.500,15.45,93.13,26.5,423.29,29.92,21.46,0.623,930.42,150.93,372.94,2.572,Oltre_Air_Entry_Top,8.233,89.82,40.389,6.48,28.711,16.29,25.705,0.05,30.052,5.97,27.155,0.69,110.061,0.71,1.558,100.89,21.716,100.998,94.69,43.395,21.214,27.579,13.095,54.791,False
ML3,95,2025-07-20 10:00:00,2025-07-20 10:25:05,2025-07-20 10:40:27,2025-07-20 10:32:46.000,15.37,94.13,27.99,422.78,29.71,21.32,0.619,948.47,156.14,384.07,2.584,Oltre_Air_Entry_Top,12.22,108.16,40.667,4.23,28.4,12.5,25.536,0.07,30.327,3.82,27.236,0.31,113.734,0.13,1.757,171.16,21.626,104.778,94.385,43.513,24.166,27.63,14.136,55.232,False
ML3,96,2025-07-20 11:00:00,2025-07-20 11:25:08,2025-07-20 11:40:53,2025-07-20 11:33:00.500,15.75,95.13,28.26,422.36,29.55,21.19,0.616,966.61,164.57,395.26,2.597,Oltre_Air_Entry_Top,12.022,180.4,41.494,3.69,28.804,13.08,25.569,0.26,30.645,2.75,27.459,0.39,112.799,1.84,7.003,57.39,21.844,122.944,95.728,43.739,24.311,27.813,28.106,57.908,False
ML3,97,2025-07-20 12:00:00,2025-07-20 12:25:08,2025-07-20 12:40:37,2025-07-20 12:32:52.500,15.48,96.13,27.72,422.03,29.41,21.1,0.613,984.63,174.33,406.38,2.609,Oltre_Air_Entry_Top,12.422,153.33,42.36,9.04,30.083,16.69,25.627,0.41,31.062,0.98,27.696,0.3,114.312,1.13,7.73,62.07,22.136,128.829,97.79,43.998,25.109,28.04,29.726,59.185,False
ML3,98,2025-07-20 13:00:00,2025-07-20 13:25:08,2025-07-20 13:41:20,2025-07-20 13:33:14.000,16.2,97.14,27.34,421.7,29.28,21.0,0.61,1002.79,183.92,417.59,2.621,Oltre_Air_Entry_Top,12.083,144.03,43.513,9.37,31.316,17.43,25.717,0.25,30.979,1.99,27.878,0.27,116.162,1.74,7.292,62.29,22.528,134.998,100.513,44.131,25.44,28.109,29.104,60.604,False
ML3,99,2025-07-20 14:00:00,2025-07-20 14:25:08,2025-07-20 14:41:21,2025-07-20 14:33:14.500,16.22,98.14,27.09,421.32,29.13,20.9,0.607,1020.86,193.77,428.73,2.632,Oltre_Air_Entry_Top,11.181,177.11,46.397,1.41,31.924,18.31,25.745,0.15,30.793,2.67,28.012,0.07,119.161,0.68,7.892,45.5,22.964,135.407,101.433,44.406,25.49,28.108,30.666,61.175,False
ML3,100,2025-07-20 15:00:00,2025-07-20 15:25:08,2025-07-20 15:41:08,2025-07-20 15:33:08.000,16.0,99.13,26.96,420.97,28.99,20.8,0.604,1038.89,203.78,439.85,2.643,Oltre_Air_Entry_Top,12.371,163.28,47.32,0.49,33.231,20.24,25.778,0.18,30.694,3.66,28.295,0.5,121.468,0.17,5.3,27.69,23.532,129.775,102.839,44.621,26.895,28.184,25.373,61.184,False
ML3,101,2025-07-20 16:00:00,2025-07-20 16:25:08,2025-07-20 16:41:25,2025-07-20 16:33:16.500,16.28,100.14,26.84,420.6,28.84,20.69,0.601,1056.99,214.31,451.02,2.654,Oltre_Air_Entry_Top,4.372,77.1,47.189,6.24,34.23,21.57,25.853,0.04,30.7,4.33,28.455,0.46,121.482,0.4,1.24,47.24,23.948,113.831,102.488,44.903,19.186,28.266,12.273,59.514,False
ML3,102,2025-07-20 17:00:00,2025-07-20 17:25:08,2025-07-20 17:41:10,2025-07-20 17:33:09.000,16.03,101.13,26.74,420.23,28.69,20.58,0.598,1075.01,225.54,462.14,2.665,Oltre_Air_Entry_Top,7.485,129.16,49.703,2.17,35.196,26.17,25.91,0.13,30.636,4.85,28.535,0.44,125.629,0.43,1.817,32.98,24.247,138.57,102.955,45.115,23.57,28.294,15.109,62.853,False
ML3,103,2025-07-20 18:00:00,2025-07-20 18:25:08,2025-07-20 18:41:23,2025-07-20 18:33:15.500,16.25,102.14,26.69,419.88,28.55,20.48,0.595,1093.11,237.0,473.3,2.675,Oltre_Air_Entry_Top,4.792,177.05,49.317,2.21,42.224,10.9,25.924,0.1,30.611,5.16,28.779,0.51,126.906,1.09,2.34,96.9,24.778,145.67,102.807,45.292,21.529,28.372,17.233,64.028,False
ML3,104,2025-07-20 19:00:00,2025-07-20 19:25:08,2025-07-20 19:41:15,2025-07-20 19:33:11.500,16.12,103.14,26.68,419.54,28.41,20.38,0.592,1111.15,249.26,484.43,2.685,Oltre_Air_Entry_Top,6.075,154.55,49.01,1.31,35.69,23.99,25.99,0.09,30.657,5.59,28.986,0.67,127.9,0.97,3.19,21.4,25.047,146.775,102.908,45.551,21.985,28.478,20.199,64.43,False
ML3,105,2025-07-20 20:00:00,2025-07-20 20:25:08,2025-07-20 20:41:36,2025-07-20 20:33:22.000,16.47,104.14,26.61,419.19,28.28,20.28,0.589,1129.26,262.2,495.61,2.695,Oltre_Air_Entry_Top,2.149,4.06,49.209,1.52,43.757,6.8,26.023,0.1,30.841,6.19,29.028,0.2,131.638,0.8,8.898,54.5,26.024,147.75,104.342,45.698,16.664,28.561,34.224,65.436,False
ML3,106,2025-07-20 21:00:00,2025-07-20 21:25:08,2025-07-20 21:41:13,2025-07-20 21:33:10.500,16.08,105.13,26.57,418.84,28.14,20.18,0.586,1147.26,277.48,506.72,2.705,Oltre_Air_Entry_Top,3.219,40.24,50.568,0.1,45.986,9.0,26.055,0.03,31.162,6.62,29.201,0.09,133.098,0.92,9.791,66.68,26.778,162.961,105.276,45.837,19.562,28.728,36.099,67.741,False
ML3,107,2025-07-20 22:00:00,2025-07-20 22:25:08,2025-07-20 22:41:41,2025-07-20 22:33:24.500,16.55,106.14,26.48,418.48,27.99,20.08,0.583,1165.4,299.05,517.9,2.714,Oltre_Air_Entry_Top,9.621,125.92,52.006,1.5,25.875,110.72,26.156,0.17,30.521,15.46,29.452,0.84,136.926,0.49,5.793,100.51,27.274,176.292,112.405,46.0,23.481,28.648,28.164,70.612,False
ML3,108,2025-07-20 23:00:00,2025-07-20 23:25:08,2025-07-20 23:41:52,2025-07-20 23:33:30.000,16.73,107.14,26.46,418.13,27.85,19.98,0.58,1183.48,320.57,529.06,2.724,Oltre_Air_Entry_Top,7.926,95.29,51.553,2.14,26.996,91.84,26.247,0.25,31.54,20.43,29.606,0.76,138.525,0.25,5.423,103.16,28.88,186.971,115.401,46.156,22.261,29.047,27.408,73.232,False
ML3,109,2025-07-21 00:00:00,2025-07-21 00:25:08,2025-07-21 00:41:44,2025-07-21 00:33:26.000,16.6,108.14,26.36,417.79,27.72,19.88,0.577,1201.53,342.03,540.19,2.733,Oltre_Air_Entry_Top,9.758,74.45,45.958,27.19,25.807,93.83,26.463,0.34,30.041,32.58,29.675,1.04,141.122,1.96,12.581,63.66,30.28,173.026,118.151,46.354,22.62,28.68,42.136,73.189,False
ML3,110,2025-07-21 01:00:00,2025-07-21 01:25:08,2025-07-21 01:41:52,2025-07-21 01:33:30.000,16.73,109.14,26.4,417.46,27.58,19.79,0.575,1219.61,363.54,551.35,2.741,Oltre_Air_Entry_Top,11.734,164.49,48.987,28.49,41.437,8.65,26.556,0.59,29.917,34.32,29.764,1.73,141.501,2.31,5.466,124.45,30.953,181.112,118.444,46.292,28.772,28.703,27.811,74.459,False
ML3,111,2025-07-21 02:00:00,2025-07-21 02:25:08,2025-07-21 02:42:03,2025-07-21 02:33:35.500,16.92,110.14,26.43,417.14,27.45,19.69,0.572,1237.69,385.05,562.5,2.75,Oltre_Air_Entry_Top,5.725,151.96,54.802,1.8,42.648,3.84,26.712,0.41,32.954,14.6,29.772,1.77,142.737,1.37,5.644,128.95,32.546,200.846,124.954,46.445,23.741,29.703,28.383,78.481,False
ML3,112,2025-07-21 03:00:00,2025-07-21 03:25:08,2025-07-21 03:42:32,2025-07-21 03:33:50.000,17.4,111.15,26.42,416.83,27.33,19.61,0.569,1255.83,406.63,573.69,2.759,Oltre_Air_Entry_Top,2.684,110.97,60.727,4.34,49.863,0.33,26.788,0.54,32.126,20.29,29.806,1.18,155.69,0.9,9.293,21.31,33.217,225.437,130.553,46.326,20.105,29.492,38.037,82.035,False
ML3,113,2025-07-21 04:00:00,2025-07-21 04:25:08,2025-07-21 04:41:29,2025-07-21 04:33:18.500,16.35,112.14,26.38,416.51,27.2,19.51,0.567,1273.73,427.92,584.74,2.767,Oltre_Air_Entry_Top,33.374,47.36,65.304,3.03,52.191,7.48,26.862,0.62,29.433,43.45,29.978,1.44,149.185,1.76,10.591,42.76,35.558,246.486,136.335,46.921,48.452,28.725,39.749,86.532,False
ML3,114,2025-07-21 05:00:00,2025-07-21 05:25:10,2025-07-21 05:41:50,2025-07-21 05:33:30.000,16.67,113.14,26.3,416.21,27.08,19.43,0.564,1291.85,449.48,595.91,2.775,Oltre_Air_Entry_Top,17.16,44.35,74.198,3.06,64.36,5.85,26.96,0.82,31.215,30.03,30.022,1.43,155.809,1.42,9.959,169.48,38.556,277.838,154.387,47.596,43.435,29.343,39.392,94.192,False
ML3,115,2025-07-21 06:00:00,2025-07-21 06:25:08,2025-07-21 06:41:35,2025-07-21 06:33:21.500,16.45,114.14,26.25,415.92,26.97,19.35,0.562,1309.87,470.91,607.03,2.783,Oltre_Air_Entry_Top,18.056,67.2,81.776,6.08,70.646,1.62,27.043,1.14,29.961,37.04,30.214,1.5,149.562,1.91,13.905,185.16,37.487,294.344,165.425,48.356,47.074,29.036,45.603,96.927,False
ML3,116,2025-07-21 07:00:00,2025-07-21 07:25:08,2025-07-21 07:42:11,2025-07-21 07:33:39.500,17.05,115.14,26.29,415.64,26.85,19.26,0.559,1328.02,492.5,618.23,2.791,Oltre_Air_Entry_Top,30.194,69.65,82.215,2.55,72.569,3.14,27.179,1.0,28.944,50.48,30.291,1.41,159.575,0.49,18.524,166.74,43.037,298.41,155.811,48.685,56.477,28.776,54.369,99.349,False
ML3,117,2025-07-21 08:00:00,2025-07-21 08:25:08,2025-07-21 08:42:32,2025-07-21 08:33:50.000,17.4,116.15,26.42,415.35,26.74,19.18,0.557,1346.13,514.05,629.4,2.799,Oltre_Air_Entry_Top,17.452,27.26,66.59,65.04,78.743,1.79,27.183,1.16,32.01,28.64,30.397,1.64,158.972,0.59,15.963,149.84,45.063,293.181,158.937,49.173,45.063,29.795,50.375,100.804,False
ML3,118,2025-07-21 09:00:00,2025-07-21 09:25:08,2025-07-21 09:43:07,2025-07-21 09:34:07.500,17.98,117.15,26.45,415.04,26.62,19.09,0.554,1364.28,535.64,640.6,2.807,Oltre_Air_Entry_Top,25.271,40.18,90.841,1.46,85.218,0.27,27.324,1.17,32.309,27.22,30.577,1.66,167.137,1.45,14.185,187.88,48.332,298.633,168.577,49.633,58.051,29.998,48.691,104.83,False
ML3,119,2025-07-21 10:00:00,2025-07-21 10:25:08,2025-07-21 10:43:18,2025-07-21 10:34:13.000,18.17,118.15,26.51,414.73,26.49,19.0,0.552,1382.37,557.16,651.76,2.814,Oltre_Air_Entry_Top,30.814,26.62,98.956,1.36,99.185,4.26,27.377,1.57,28.714,56.96,30.604,1.44,176.349,1.06,16.029,199.47,53.435,319.692,157.814,50.102,67.124,28.868,53.167,107.805,False
ML3,120,2025-07-21 11:00:00,2025-07-21 11:25:08,2025-07-21 11:43:17,2025-07-21 11:34:12.500,18.15,119.15,26.59,414.41,26.37,18.91,0.549,1400.43,578.64,662.9,2.821,Oltre_Air_Entry_Top,19.949,24.16,104.407,2.93,107.705,5.09,27.54,1.04,27.58,68.67,30.73,1.36,175.017,2.51,13.492,101.22,56.533,328.868,170.391,50.071,60.762,28.579,48.594,112.225,False
ML3,121,2025-07-21 12:00:00,2025-07-21 12:25:08,2025-07-21 12:43:16,2025-07-21 12:34:12.000,18.13,120.15,26.62,414.1,26.24,18.82,0.547,1418.49,600.12,674.04,2.829,Oltre_Air_Entry_Top,10.604,96.87,107.224,8.65,126.153,18.8,27.693,1.4,27.703,66.66,30.794,1.16,181.684,2.76,13.087,71.11,61.077,354.856,177.785,50.475,52.346,28.694,48.762,118.093,False
ML3,122,2025-07-21 13:00:00,2025-07-21 13:25:08,2025-07-21 13:43:25,2025-07-21 13:34:16.500,18.28,121.15,26.76,413.75,26.1,18.72,0.544,1436.57,621.63,685.2,2.836,Oltre_Air_Entry_Top,11.603,104.63,117.164,9.72,137.6,24.81,27.751,1.65,33.858,15.3,30.952,1.48,168.602,0.25,12.126,53.48,56.003,366.498,169.836,51.609,57.191,30.752,45.216,115.814,False
ML3,123,2025-07-21 14:00:00,2025-07-21 14:25:08,2025-07-21 14:43:13,2025-07-21 14:34:10.500,18.08,122.15,26.74,413.42,25.97,18.63,0.541,1454.6,643.08,696.32,2.843,Oltre_Air_Entry_Top,14.104,81.43,124.743,2.14,141.407,13.8,27.943,2.18,34.337,14.57,31.054,1.48,171.319,0.94,7.057,3.37,60.084,378.857,172.045,51.685,62.894,31.002,34.771,119.278,False
ML3,124,2025-07-21 15:00:00,2025-07-21 15:25:08,2025-07-21 15:43:03,2025-07-21 15:34:05.500,17.92,123.15,26.81,413.1,25.84,18.54,0.538,1472.64,664.54,707.45,2.85,Oltre_Air_Entry_Top,3.062,143.89,128.478,1.04,152.149,11.48,28.008,2.25,32.277,29.05,31.293,1.54,173.828,0.13,58.171,9.78,66.242,345.099,165.394,52.537,39.117,30.47,100.557,118.718,False
ML3,125,2025-07-21 16:00:00,2025-07-21 16:25:08,2025-07-21 16:43:12,2025-07-21 16:34:10.000,18.07,124.15,26.84,412.78,25.71,18.44,0.536,1490.72,686.05,718.6,2.856,Oltre_Air_Entry_Top,12.544,5.6,134.81,5.92,154.174,10.77,28.119,1.6,31.669,35.01,31.554,1.89,177.184,0.72,75.19,11.14,68.447,328.335,162.56,52.919,63.884,30.402,115.423,117.916,False
ML3,126,2025-07-21 17:00:00,2025-07-21 17:25:08,2025-07-21 17:43:27,2025-07-21 17:34:17.500,18.32,125.15,26.91,412.44,25.58,18.35,0.533,1508.82,707.58,729.77,2.863,Oltre_Air_Entry_Top,36.02,20.73,135.904,6.28,167.846,19.11,28.214,1.73,31.446,39.37,31.8,2.1,184.693,1.3,88.753,7.49,73.185,324.947,164.263,52.6,93.662,30.443,128.031,119.726,False
ML3,127,2025-07-21 18:00:00,2025-07-21 18:25:08,2025-07-21 18:43:04,2025-07-21 18:34:06.000,17.93,126.15,26.94,412.11,25.44,18.25,0.53,1526.82,729.0,740.88,2.87,Oltre_Air_Entry_Top,10.187,166.2,150.933,1.95,172.221,13.43,28.296,1.82,35.496,13.53,32.083,1.82,189.718,0.41,80.497,9.87,76.648,358.506,162.342,53.305,64.215,31.822,123.579,124.179,False
ML3,128,2025-07-21 19:00:00,2025-07-21 19:25:08,2025-07-21 19:43:10,2025-07-21 19:34:09.000,18.03,127.15,26.85,411.82,25.33,18.17,0.528,1544.9,750.5,752.03,2.876,Oltre_Air_Entry_Top,15.375,116.01,147.812,3.8,171.794,11.17,28.452,1.96,31.155,42.97,32.308,1.77,196.922,1.34,78.825,7.18,82.646,403.522,155.572,53.915,73.088,30.595,124.589,129.325,False
ML3,129,2025-07-21 20:00:00,2025-07-21 20:25:08,2025-07-21 20:42:56,2025-07-21 20:34:02.000,17.8,128.15,26.75,411.51,25.21,18.08,0.525,1562.92,771.94,763.15,2.883,Oltre_Air_Entry_Top,24.0,88.98,143.182,3.94,168.018,7.92,28.646,1.97,30.67,49.98,32.538,2.26,201.123,1.32,68.378,8.93,91.678,459.16,155.699,54.613,83.269,30.577,117.271,137.548,False
ML3,130,2025-07-21 21:00:00,2025-07-21 21:25:08,2025-07-21 21:43:03,2025-07-21 21:34:05.500,17.92,129.15,26.57,411.17,25.07,17.98,0.522,1581.0,793.45,774.3,2.889,Oltre_Air_Entry_Top,3.693,78.25,146.627,4.44,181.952,12.83,28.803,2.32,27.531,81.82,32.891,2.2,221.682,1.79,72.597,10.5,106.868,478.688,157.435,54.473,46.187,29.656,126.86,144.726,False
ML3,131,2025-07-21 22:00:00,2025-07-21 22:25:08,2025-07-21 22:43:11,2025-07-21 22:34:09.500,18.05,130.15,26.44,410.88,24.95,17.9,0.52,1599.08,814.96,785.46,2.895,Oltre_Air_Entry_Top,13.433,4.25,153.212,1.04,195.585,21.32,29.008,1.8,29.246,67.07,33.162,2.15,238.621,2.87,78.278,10.66,113.847,513.734,155.81,55.306,73.836,30.414,136.67,149.833,False
ML3,132,2025-07-21 23:00:00,2025-07-21 23:25:08,2025-07-21 23:42:54,2025-07-21 23:34:01.000,17.77,131.15,26.33,410.59,24.83,17.81,0.517,1617.1,836.39,796.57,2.901,Oltre_Air_Entry_Top,23.29,97.46,161.04,2.62,192.872,9.82,29.111,2.6,26.616,95.44,33.425,2.04,234.062,0.83,86.848,7.49,131.032,538.966,149.615,55.838,89.769,29.586,142.576,155.851,False
ML3,133,2025-07-22 00:00:00,2025-07-22 00:25:08,2025-07-22 00:43:28,2025-07-22 00:34:18.000,18.33,132.15,26.28,410.3,24.72,17.73,0.515,1635.25,857.98,807.77,2.907,Oltre_Air_Entry_Top,12.147,21.46,160.56,2.57,197.084,13.09,29.301,2.3,29.664,65.03,33.709,2.26,240.011,1.8,94.544,4.16,135.612,557.442,152.44,56.843,72.709,30.829,150.637,159.981,False
ML3,134,2025-07-22 01:00:00,2025-07-22 01:25:08,2025-07-22 01:43:13,2025-07-22 01:34:10.500,18.08,133.15,26.22,410.03,24.61,17.66,0.513,1653.27,879.42,818.89,2.913,Oltre_Air_Entry_Top,17.986,103.95,164.992,4.77,195.516,5.74,29.439,2.46,25.141,114.65,33.996,2.67,247.054,3.38,104.644,3.15,147.345,586.257,154.814,57.831,83.405,29.303,160.788,166.763,False
ML3,135,2025-07-22 02:00:00,2025-07-22 02:25:08,2025-07-22 02:43:14,2025-07-22 02:34:11.000,18.1,134.15,26.14,409.76,24.5,17.58,0.51,1671.33,900.91,830.03,2.919,Oltre_Air_Entry_Top,19.602,64.66,150.61,3.51,193.655,6.95,29.645,2.66,25.031,120.93,34.381,2.93,251.506,2.15,139.709,0.71,154.861,627.952,157.208,60.479,82.997,29.439,187.45,174.376,False
ML3,136,2025-07-22 03:00:00,2025-07-22 03:25:08,2025-07-22 03:43:07,2025-07-22 03:34:07.500,17.98,135.15,26.03,409.5,24.4,17.5,0.508,1689.38,922.37,841.16,2.925,Oltre_Air_Entry_Top,19.259,139.68,147.765,5.8,189.371,4.72,29.894,2.91,24.694,129.55,34.79,3.32,254.45,3.21,160.146,0.79,162.765,665.805,152.248,62.039,81.378,29.504,201.864,178.867,False
ML3,137,2025-07-22 04:00:00,2025-07-22 04:25:08,2025-07-22 04:43:30,2025-07-22 04:34:19.000,18.37,136.15,25.96,409.23,24.29,17.43,0.506,1707.5,943.93,852.34,2.931,Oltre_Air_Entry_Top,19.427,159.2,145.795,9.62,183.419,5.92,30.188,2.61,21.87,173.54,35.155,3.61,258.013,0.73,179.193,2.15,168.684,676.617,161.375,62.7,80.389,28.525,215.021,184.344,False
ML3,138,2025-07-22 05:00:00,2025-07-22 05:25:08,2025-07-22 05:42:47,2025-07-22 05:33:57.500,17.65,137.15,25.92,408.98,24.19,17.35,0.504,1725.45,965.28,863.42,2.936,Oltre_Air_Entry_Top,28.047,87.77,145.299,0.34,171.791,13.85,30.342,2.8,31.671,57.48,35.547,3.51,237.615,0.23,194.955,1.42,151.953,709.363,167.202,62.615,88.794,32.447,215.231,183.284,False
ML3,139,2025-07-22 06:00:00,2025-07-22 06:25:08,2025-07-22 06:42:15,2025-07-22 06:33:41.500,17.12,138.14,25.94,408.73,24.09,17.28,0.502,1743.43,986.67,874.51,2.942,Oltre_Air_Entry_Top,13.953,42.63,136.036,3.35,157.517,9.39,30.52,2.9,32.278,50.01,35.905,3.85,217.292,0.23,208.164,4.01,135.477,729.72,176.983,63.606,66.868,32.826,212.679,182.647,False
ML3,140,2025-07-22 07:00:00,2025-07-22 07:25:08,2025-07-22 07:42:28,2025-07-22 07:33:48.000,17.33,139.15,25.93,408.49,24.0,17.21,0.5,1761.52,1008.2,885.67,2.947,Oltre_Air_Entry_Top,26.217,112.0,124.977,2.03,153.908,14.19,30.651,3.46,34.991,32.08,36.231,4.04,220.601,1.57,228.29,3.21,137.859,781.318,177.036,65.088,79.596,33.871,224.413,187.697,False
ML3,141,2025-07-22 08:00:00,2025-07-22 08:25:08,2025-07-22 08:43:08,2025-07-22 08:34:08.000,18.0,140.15,26.01,408.25,23.9,17.14,0.498,1779.69,1029.8,896.88,2.953,Oltre_Air_Entry_Top,23.0,123.81,118.899,1.59,145.466,10.6,30.963,3.56,32.865,49.23,36.478,4.51,221.179,1.7,223.865,2.67,140.932,814.111,179.989,65.14,73.545,33.358,222.518,191.512,False
ML4,1,2025-06-25 16:00:00,2025-06-25 16:35:05,2025-06-25 16:47:22,2025-06-25 16:41:13.500,12.28,0.1,25.43,424.61,43.47,34.4,0.836,0.01,-0.32,0.0,,Diretto_Entrambi_Tensiometri,46.593,0.13,45.979,0.11,44.913,1.43,47.347,1.31,51.114,0.38,47.427,0.34,50.047,0.25,52.53,1.82,36.949,41.607,47.664,59.113,45.823,48.598,51.273,45.621,True
ML4,2,2025-06-25 17:00:00,2025-06-25 17:35:05,2025-06-25 17:47:32,2025-06-25 17:41:18.500,12.45,1.1,26.07,423.79,43.15,34.14,0.83,0.16,-0.12,0.0,,Diretto_Entrambi_Tensiometri,46.638,0.0,45.772,0.13,44.593,1.45,46.697,0.25,50.526,0.04,47.255,0.28,49.842,0.56,51.697,0.73,36.937,41.903,47.203,59.431,45.66,48.13,50.761,45.648,True
ML4,3,2025-06-25 18:00:00,2025-06-25 18:35:05,2025-06-25 18:47:36,2025-06-25 18:41:20.500,12.52,2.1,26.25,422.99,42.82,33.89,0.824,0.39,0.11,0.21,-0.675,Diretto_Entrambi_Tensiometri,46.689,0.08,45.435,0.44,44.582,1.67,46.429,0.12,50.25,0.12,47.161,0.16,49.789,0.4,51.781,0.68,36.892,41.248,46.827,59.17,45.56,47.918,50.775,45.314,True
ML4,4,2025-06-25 19:00:00,2025-06-25 19:35:05,2025-06-25 19:47:36,2025-06-25 19:41:20.500,12.52,3.1,26.19,422.18,42.5,33.63,0.817,0.6,0.3,0.42,-0.374,Diretto_Entrambi_Tensiometri,46.836,0.1,45.293,0.6,44.369,0.84,46.258,0.18,50.166,0.22,47.32,0.17,49.921,0.89,51.732,1.55,36.488,41.367,46.565,58.801,45.488,47.887,50.818,45.088,True
ML4,5,2025-06-25 20:00:00,2025-06-25 20:35:05,2025-06-25 20:47:36,2025-06-25 20:41:20.500,12.52,4.1,26.13,421.4,42.19,33.38,0.811,0.5,0.22,0.33,-0.478,Diretto_Entrambi_Tensiometri,46.942,0.18,45.762,0.4,44.065,2.2,46.328,0.06,50.263,0.26,47.373,0.19,49.246,0.31,50.478,0.28,36.562,41.508,48.619,56.585,45.574,47.959,49.858,45.203,True
ML4,6,2025-06-25 21:00:00,2025-06-25 21:35:05,2025-06-25 21:47:46,2025-06-25 21:41:25.500,12.68,5.11,26.08,420.62,41.88,33.14,0.805,0.77,0.49,0.61,-0.212,Diretto_Entrambi_Tensiometri,47.889,0.06,46.209,0.58,43.736,1.38,46.383,0.18,50.268,0.16,47.611,0.26,49.75,0.1,50.01,1.64,36.291,41.368,50.078,57.88,45.913,48.06,49.88,45.673,True
ML4,7,2025-06-25 22:00:00,2025-06-25 22:35:05,2025-06-25 22:47:53,2025-06-25 22:41:29.000,12.8,6.11,26.06,419.94,41.6,32.92,0.8,0.97,0.68,0.81,-0.09,Diretto_Entrambi_Tensiometri,48.257,0.08,46.281,0.57,43.474,0.28,46.527,0.07,50.172,0.22,47.629,0.5,50.907,1.12,50.942,1.1,35.679,41.071,50.768,57.895,45.962,48.085,50.924,45.556,True
ML4,8,2025-06-25 23:00:00,2025-06-25 23:35:05,2025-06-25 23:47:55,2025-06-25 23:41:30.000,12.83,7.11,26.05,419.24,41.32,32.7,0.795,1.03,0.75,0.88,-0.056,Diretto_Entrambi_Tensiometri,48.521,0.04,46.435,0.33,43.156,0.18,46.791,0.3,50.169,0.23,47.456,0.41,52.345,1.16,51.382,0.01,34.877,40.245,51.157,57.017,45.984,48.117,51.861,44.982,True
ML4,9,2025-06-26 00:00:00,2025-06-26 00:35:05,2025-06-26 00:47:55,2025-06-26 00:41:30.000,12.83,8.11,26.04,418.52,41.04,32.47,0.789,1.25,0.97,1.1,0.042,Diretto_Entrambi_Tensiometri,48.752,0.04,46.889,0.55,42.873,0.09,46.981,0.18,49.987,0.17,47.547,0.39,52.799,1.17,51.422,0.61,34.439,40.289,51.273,56.646,46.105,48.154,52.106,44.805,True
ML4,10,2025-06-26 01:00:00,2025-06-26 01:35:05,2025-06-26 01:48:00,2025-06-26 01:41:32.500,12.92,9.11,26.03,417.82,40.76,32.25,0.784,1.44,1.15,1.29,0.11,Diretto_Entrambi_Tensiometri,48.931,0.03,46.979,0.28,42.615,0.04,46.984,0.18,49.899,0.12,48.082,0.55,53.724,0.58,50.84,0.58,34.027,39.94,51.611,56.304,46.098,48.307,52.262,44.579,True
ML4,11,2025-06-26 02:00:00,2025-06-26 02:35:05,2025-06-26 02:47:55,2025-06-26 02:41:30.000,12.83,10.11,25.96,417.13,40.48,32.03,0.778,1.6,1.31,1.45,0.161,Diretto_Entrambi_Tensiometri,49.064,0.03,47.093,0.43,42.462,0.04,47.161,0.28,49.875,0.23,48.768,0.56,54.341,0.73,51.369,1.63,33.228,39.803,52.652,55.331,46.122,48.589,52.834,44.305,True
ML4,12,2025-06-26 03:00:00,2025-06-26 03:35:05,2025-06-26 03:48:00,2025-06-26 03:41:32.500,12.92,11.11,25.91,416.45,40.21,31.82,0.773,1.75,1.48,1.61,0.206,Diretto_Entrambi_Tensiometri,49.08,0.04,47.146,0.19,42.475,0.23,47.141,0.31,49.891,0.25,50.868,1.21,54.646,0.84,43.16,1.89,32.861,42.221,53.001,54.76,46.149,49.274,48.565,44.796,True
ML4,13,2025-06-26 04:00:00,2025-06-26 04:35:05,2025-06-26 04:48:04,2025-06-26 04:41:34.500,12.98,12.11,25.82,415.76,39.93,31.6,0.768,1.94,1.64,1.78,0.252,Diretto_Entrambi_Tensiometri,49.164,0.0,47.342,0.17,42.536,0.38,47.043,0.07,49.956,0.22,51.814,1.55,55.026,1.35,43.953,2.06,32.528,41.764,53.878,54.275,46.261,49.565,49.179,44.644,True
ML4,14,2025-06-26 05:00:00,2025-06-26 05:35:05,2025-06-26 05:47:55,2025-06-26 05:41:30.000,12.83,13.11,25.79,415.07,39.66,31.38,0.763,2.07,1.74,1.9,0.279,Diretto_Entrambi_Tensiometri,49.165,0.1,47.56,0.03,42.482,0.29,47.187,0.03,50.357,0.16,52.94,1.98,55.267,1.42,43.474,1.88,32.462,41.827,54.175,53.736,46.313,50.106,49.017,44.589,True
ML4,15,2025-06-26 06:00:00,2025-06-26 06:35:06,2025-06-26 06:48:05,2025-06-26 06:41:35.500,12.98,14.11,26.0,414.39,39.39,31.17,0.757,2.23,1.92,2.07,0.316,Diretto_Entrambi_Tensiometri,49.397,0.04,47.835,0.21,42.513,0.32,47.245,0.01,50.539,0.16,52.498,2.12,55.416,1.01,44.134,2.2,32.587,41.54,54.327,53.662,46.486,50.047,49.454,44.571,True
ML4,16,2025-06-26 07:00:00,2025-06-26 07:35:05,2025-06-26 07:48:04,2025-06-26 07:41:34.500,12.98,15.11,27.12,413.55,39.05,30.9,0.751,2.46,2.12,2.28,0.359,Diretto_Entrambi_Tensiometri,49.486,0.15,48.248,0.44,42.294,0.35,47.213,0.03,50.506,0.21,50.13,0.81,55.502,2.3,44.034,2.71,32.282,41.446,54.57,52.781,46.567,49.261,49.437,44.307,True
ML4,17,2025-06-26 08:00:00,2025-06-26 08:35:05,2025-06-26 08:48:15,2025-06-26 08:41:40.000,13.17,16.11,26.92,412.91,38.79,30.7,0.746,2.64,2.31,2.47,0.393,Diretto_Entrambi_Tensiometri,49.619,0.17,48.44,0.04,42.384,0.55,47.331,0.2,50.735,0.34,49.973,0.51,56.371,1.11,44.4,2.94,32.456,41.684,54.805,52.534,46.704,49.325,50.029,44.425,True
ML4,18,2025-06-26 09:00:00,2025-06-26 09:35:05,2025-06-26 09:48:04,2025-06-26 09:41:34.500,12.98,17.11,26.51,412.31,38.55,30.51,0.741,2.87,2.52,2.69,0.43,Diretto_Entrambi_Tensiometri,49.681,0.1,48.742,0.49,42.481,0.43,47.512,0.11,50.89,0.24,49.708,0.62,58.478,0.46,44.282,3.0,31.687,41.689,55.082,52.251,46.856,49.35,50.887,44.157,True
ML4,19,2025-06-26 10:00:00,2025-06-26 10:35:05,2025-06-26 10:47:59,2025-06-26 10:41:32.000,12.9,18.11,26.49,411.71,38.31,30.32,0.737,3.09,2.71,2.9,0.462,Diretto_Entrambi_Tensiometri,49.774,0.24,48.458,0.01,42.287,0.36,47.48,0.04,50.84,0.06,49.279,0.57,58.642,1.1,43.123,2.99,31.4,42.048,55.286,51.981,46.722,49.18,50.287,44.135,True
ML4,20,2025-06-26 11:00:00,2025-06-26 11:35:05,2025-06-26 11:48:08,2025-06-26 11:41:36.500,13.05,19.11,26.64,411.15,38.09,30.14,0.732,3.26,2.86,3.06,0.485,Diretto_Entrambi_Tensiometri,49.819,0.05,48.521,0.16,42.24,0.45,47.598,0.2,50.952,0.24,48.92,0.43,59.059,0.53,42.656,2.71,31.215,42.692,55.555,51.927,46.739,49.137,50.192,44.28,True
ML4,21,2025-06-26 12:00:00,2025-06-26 12:35:05,2025-06-26 12:48:08,2025-06-26 12:41:36.500,13.05,20.11,26.66,410.6,37.87,29.96,0.728,3.47,3.04,3.25,0.512,Diretto_Entrambi_Tensiometri,50.025,0.16,48.548,0.28,42.327,0.49,47.633,0.13,51.185,0.27,48.705,0.24,60.008,0.66,42.582,2.6,30.855,43.039,55.65,51.765,46.845,49.152,50.55,44.225,True
ML4,22,2025-06-26 13:00:00,2025-06-26 13:35:05,2025-06-26 13:48:03,2025-06-26 13:41:34.000,12.97,21.11,26.55,410.04,37.64,29.79,0.724,3.68,3.23,3.45,0.538,Diretto_Entrambi_Tensiometri,50.268,0.31,48.59,0.16,42.525,0.63,47.772,0.2,51.396,0.25,48.88,0.46,60.223,0.63,45.454,3.07,30.608,42.569,55.738,51.656,47.007,49.326,52.32,44.01,True
ML4,23,2025-06-26 14:00:00,2025-06-26 14:35:05,2025-06-26 14:47:52,2025-06-26 14:41:28.500,12.78,22.11,26.69,409.51,37.43,29.62,0.72,3.91,3.37,3.63,0.56,Diretto_Entrambi_Tensiometri,50.284,0.27,48.686,0.0,42.712,0.61,47.824,0.14,51.529,0.22,48.84,0.45,60.659,0.58,49.984,2.29,30.378,41.793,55.784,51.447,47.112,49.373,55.063,43.69,True
ML4,24,2025-06-26 15:00:00,2025-06-26 15:35:05,2025-06-26 15:47:57,2025-06-26 15:41:31.000,12.87,23.11,26.75,408.99,37.22,29.45,0.716,4.13,3.58,3.85,0.585,Diretto_Entrambi_Tensiometri,50.387,0.08,49.005,0.64,42.707,0.84,47.961,0.19,51.767,0.22,48.868,0.41,61.142,0.54,50.441,3.63,30.166,42.044,55.988,51.516,47.245,49.506,55.534,43.734,True
ML4,25,2025-06-26 16:00:00,2025-06-26 16:35:05,2025-06-26 16:48:02,2025-06-26 16:41:33.500,12.95,24.11,26.75,408.45,37.01,29.28,0.712,4.44,3.81,4.11,0.614,Diretto_Entrambi_Tensiometri,50.55,0.11,49.116,0.15,42.942,1.04,48.081,0.27,51.993,0.19,48.961,0.33,61.26,0.46,50.128,2.88,29.912,41.562,56.203,51.661,47.418,49.65,55.415,43.588,True
ML4,26,2025-06-26 17:00:00,2025-06-26 17:35:05,2025-06-26 17:48:02,2025-06-26 17:41:33.500,12.95,25.11,26.65,407.88,36.78,29.1,0.707,4.73,4.0,4.35,0.638,Diretto_Entrambi_Tensiometri,50.735,0.05,49.608,0.55,43.163,0.9,48.262,0.3,52.313,0.29,49.018,0.36,61.017,0.65,51.211,3.5,29.727,41.852,56.377,51.766,47.715,49.834,55.899,43.652,True
ML4,27,2025-06-26 18:00:00,2025-06-26 18:35:05,2025-06-26 18:47:59,2025-06-26 18:41:32.000,12.9,26.11,26.62,407.3,36.55,28.92,0.703,5.1,4.18,4.62,0.664,Diretto_Entrambi_Tensiometri,50.907,0.02,49.754,0.37,43.232,1.21,48.478,0.3,52.603,0.34,48.947,0.29,61.256,0.32,51.534,3.12,29.469,42.876,56.55,51.353,47.841,49.976,56.185,43.767,True
ML4,28,2025-06-26 19:00:00,2025-06-26 19:35:05,2025-06-26 19:47:59,2025-06-26 19:41:32.000,12.9,27.11,26.48,406.73,36.32,28.74,0.698,5.5,4.44,4.94,0.694,Diretto_Entrambi_Tensiometri,51.516,0.11,50.238,0.12,43.611,1.6,48.718,0.24,53.0,0.43,48.874,0.36,61.177,0.36,50.311,4.36,29.373,45.573,56.625,51.294,48.327,50.159,55.479,44.405,True
ML4,29,2025-06-26 20:00:00,2025-06-26 20:35:05,2025-06-26 20:47:58,2025-06-26 20:41:31.500,12.88,28.11,26.45,406.14,36.09,28.56,0.694,5.89,4.68,5.25,0.72,Diretto_Entrambi_Tensiometri,50.731,0.28,50.702,0.17,44.04,1.72,48.509,0.36,53.294,0.35,48.795,0.39,60.946,0.24,52.122,4.69,29.394,48.397,56.503,51.094,48.386,50.152,56.362,45.017,True
ML4,30,2025-06-26 21:00:00,2025-06-26 21:35:05,2025-06-26 21:47:54,2025-06-26 21:41:29.500,12.82,29.11,26.31,405.6,35.87,28.38,0.69,6.28,4.92,5.56,0.745,Diretto_Entrambi_Tensiometri,50.898,0.32,50.884,0.67,44.438,1.87,48.575,0.39,53.608,0.38,48.965,0.41,60.889,0.39,54.726,4.56,29.38,51.001,56.68,51.341,48.642,50.332,57.725,45.696,True
ML4,31,2025-06-26 22:00:00,2025-06-26 22:35:05,2025-06-26 22:47:55,2025-06-26 22:41:30.000,12.83,30.11,26.21,405.02,35.64,28.2,0.685,6.72,5.15,5.88,0.769,Diretto_Entrambi_Tensiometri,51.279,0.19,51.205,0.14,44.909,2.32,48.634,0.41,53.954,0.4,49.054,0.48,61.005,0.37,59.519,4.68,29.215,53.896,56.779,51.528,49.038,50.491,60.257,46.329,True
ML4,32,2025-06-26 23:00:00,2025-06-26 23:35:05,2025-06-26 23:47:55,2025-06-26 23:41:30.000,12.83,31.11,26.11,404.49,35.42,28.03,0.681,7.15,5.4,6.21,0.793,Diretto_Entrambi_Tensiometri,51.597,0.27,51.924,0.07,45.015,2.65,48.755,0.5,54.3,0.41,49.162,0.41,61.254,0.33,65.018,2.58,28.986,57.199,56.873,51.825,49.406,50.678,63.108,47.017,True
ML4,33,2025-06-27 00:00:00,2025-06-27 00:35:05,2025-06-27 00:47:50,2025-06-27 00:41:27.500,12.75,32.11,26.04,403.95,35.21,27.86,0.677,7.66,5.65,6.58,0.818,Diretto_Entrambi_Tensiometri,51.713,0.27,51.894,0.68,44.428,2.56,48.895,0.41,54.464,0.2,49.161,0.49,61.338,0.37,70.242,5.74,28.85,59.979,56.806,51.786,49.218,50.777,65.639,47.499,True
ML4,34,2025-06-27 01:00:00,2025-06-27 01:35:05,2025-06-27 01:47:55,2025-06-27 01:41:30.000,12.83,33.11,26.02,403.44,35.01,27.7,0.673,8.11,5.9,6.92,0.84,Diretto_Entrambi_Tensiometri,51.645,0.2,52.099,0.51,44.348,2.57,48.999,0.38,54.713,0.5,49.113,0.48,61.179,0.5,72.62,5.6,28.83,62.013,56.833,51.709,49.232,50.873,66.654,47.877,True
ML4,35,2025-06-27 02:00:00,2025-06-27 02:35:05,2025-06-27 02:47:55,2025-06-27 02:41:30.000,12.83,34.11,26.0,402.94,34.8,27.54,0.669,8.59,6.16,7.28,0.862,Diretto_Entrambi_Tensiometri,51.783,0.34,52.232,0.5,44.04,2.52,49.111,0.41,54.945,0.55,49.228,0.43,61.365,0.32,77.728,4.35,28.845,64.191,56.752,51.565,49.203,51.024,69.064,48.247,True
ML4,36,2025-06-27 03:00:00,2025-06-27 03:35:05,2025-06-27 03:47:55,2025-06-27 03:41:30.000,12.83,35.11,25.94,402.43,34.6,27.38,0.665,9.16,6.44,7.68,0.885,Diretto_Entrambi_Tensiometri,51.893,0.44,52.81,0.16,44.023,2.61,49.272,0.36,55.019,0.16,49.288,0.38,61.289,0.34,91.277,4.91,28.817,67.365,56.946,51.572,49.412,51.123,74.795,48.864,True
ML4,37,2025-06-27 04:00:00,2025-06-27 04:35:05,2025-06-27 04:48:04,2025-06-27 04:41:34.500,12.98,36.11,25.87,401.9,34.39,27.21,0.661,9.82,6.74,8.13,0.91,Diretto_Entrambi_Tensiometri,52.106,0.43,53.279,0.58,44.017,2.82,49.967,0.03,55.246,0.22,49.739,1.6,61.488,0.3,105.91,4.24,28.957,76.142,56.92,51.577,49.624,51.589,80.698,50.44,True
ML4,38,2025-06-27 05:00:00,2025-06-27 05:35:05,2025-06-27 05:48:07,2025-06-27 05:41:36.000,13.03,37.11,25.77,401.36,34.17,27.04,0.657,10.52,7.03,8.6,0.934,Diretto_Entrambi_Tensiometri,52.094,0.56,53.854,0.33,44.211,2.97,50.068,0.18,55.407,0.27,50.098,0.14,61.423,0.26,119.253,0.27,28.972,87.328,56.9,51.869,49.871,51.798,85.585,52.274,True
ML4,39,2025-06-27 06:00:00,2025-06-27 06:35:05,2025-06-27 06:48:12,2025-06-27 06:41:38.500,13.12,38.11,25.79,400.81,33.95,26.87,0.653,11.34,7.34,9.12,0.96,Diretto_Entrambi_Tensiometri,52.165,0.46,54.278,0.77,44.324,2.74,50.191,0.6,55.551,0.35,50.361,0.31,61.603,0.4,139.02,2.91,29.052,95.47,56.834,51.861,50.067,51.976,92.542,53.472,True
ML4,40,2025-06-27 07:00:00,2025-06-27 07:35:05,2025-06-27 07:48:14,2025-06-27 07:41:39.500,13.15,39.11,25.71,400.28,33.74,26.7,0.649,12.12,7.67,9.64,0.984,Diretto_Entrambi_Tensiometri,52.177,0.51,54.148,0.39,44.293,2.49,50.34,0.35,55.677,0.58,50.332,0.34,61.581,0.34,151.534,3.15,29.007,97.937,56.576,51.883,50.019,52.057,96.6,53.737,True
ML4,41,2025-06-27 08:00:00,2025-06-27 08:35:05,2025-06-27 08:48:16,2025-06-27 08:41:40.500,13.18,40.11,25.62,399.72,33.52,26.52,0.645,13.03,8.02,10.22,1.01,Diretto_Entrambi_Tensiometri,52.195,0.42,54.724,0.06,44.639,2.39,50.696,0.29,55.725,0.15,50.482,0.28,61.634,0.6,158.711,1.79,29.126,101.159,56.537,51.945,50.332,52.246,98.904,54.236,True
ML4,42,2025-06-27 09:00:00,2025-06-27 09:35:08,2025-06-27 09:48:22,2025-06-27 09:41:45.000,13.23,41.11,25.49,399.18,33.3,26.35,0.64,14.06,8.4,10.87,1.036,Diretto_Entrambi_Tensiometri,52.171,0.74,55.368,1.57,44.957,2.24,50.738,0.3,55.837,0.11,50.381,0.47,61.506,0.03,169.545,1.55,29.257,102.998,56.527,51.932,50.64,52.261,102.118,54.537,True
ML4,43,2025-06-27 10:00:00,2025-06-27 10:35:08,2025-06-27 10:48:30,2025-06-27 10:41:49.000,13.37,42.11,25.56,398.61,33.07,26.17,0.636,15.21,8.76,11.54,1.062,Diretto_Entrambi_Tensiometri,52.044,0.61,55.492,0.46,45.154,2.14,50.868,0.15,55.926,0.31,50.468,0.23,61.337,0.17,186.853,4.54,29.259,119.637,56.488,52.225,50.711,52.363,107.056,56.688,True
ML4,44,2025-06-27 11:00:00,2025-06-27 11:35:08,2025-06-27 11:48:39,2025-06-27 11:41:53.500,13.52,43.11,25.96,397.94,32.81,25.96,0.631,16.56,9.1,12.28,1.089,Diretto_Entrambi_Tensiometri,51.873,0.59,55.119,0.26,44.808,1.51,50.857,0.08,55.962,0.03,50.543,0.62,61.158,0.1,194.294,10.58,29.222,128.845,56.474,52.361,50.412,52.396,109.007,57.764,True
ML4,45,2025-06-27 12:00:00,2025-06-27 12:35:08,2025-06-27 12:48:32,2025-06-27 12:41:50.000,13.4,44.11,26.33,397.33,32.56,25.77,0.626,17.87,9.52,13.04,1.115,Diretto_Entrambi_Tensiometri,51.497,0.71,55.44,0.91,44.715,1.29,51.048,0.56,55.992,0.42,49.66,0.37,60.887,0.52,217.571,3.96,29.32,133.594,56.442,52.266,50.352,52.164,115.097,58.303,True
ML4,46,2025-06-27 13:00:00,2025-06-27 13:35:08,2025-06-27 13:48:35,2025-06-27 13:41:51.500,13.45,45.11,26.43,396.72,32.32,25.57,0.621,19.51,9.98,13.95,1.145,Diretto_Entrambi_Tensiometri,51.361,0.67,55.583,0.8,44.414,1.14,51.296,0.34,56.057,0.06,49.7,0.28,60.835,0.06,230.036,4.21,29.502,142.631,56.664,52.623,50.238,52.283,118.297,59.516,True
ML4,47,2025-06-27 14:00:00,2025-06-27 14:35:08,2025-06-27 14:48:54,2025-06-27 14:42:01.000,13.77,46.12,26.43,396.08,32.06,25.37,0.617,21.55,10.48,15.02,1.177,Diretto_Entrambi_Tensiometri,51.293,0.98,56.012,0.17,44.483,1.04,51.256,0.59,56.112,0.12,49.799,0.3,60.764,0.15,248.339,7.01,29.594,150.21,56.688,52.795,50.371,52.321,122.842,60.394,True
ML4,48,2025-06-27 15:00:00,2025-06-27 15:35:08,2025-06-27 15:49:01,2025-06-27 15:42:04.500,13.88,47.12,26.19,395.38,31.78,25.15,0.611,24.13,11.08,16.35,1.213,Diretto_Entrambi_Tensiometri,51.62,0.52,55.735,0.09,44.642,1.11,51.892,0.08,56.385,0.2,50.46,0.61,61.187,0.2,272.527,8.02,29.735,163.931,57.308,53.422,50.454,52.853,129.132,62.154,True
ML4,49,2025-06-27 16:00:00,2025-06-27 16:35:08,2025-06-27 16:49:05,2025-06-27 16:42:06.500,13.95,48.12,26.12,394.75,31.53,24.95,0.606,26.79,11.66,17.67,1.247,Diretto_Entrambi_Tensiometri,51.629,0.77,56.601,1.11,44.365,1.11,52.003,0.33,56.566,0.69,50.489,0.3,61.528,0.07,305.718,12.2,29.728,167.516,57.515,54.202,50.612,52.957,137.15,62.77,True
ML4,50,2025-06-27 17:00:00,2025-06-27 17:35:08,2025-06-27 17:49:40,2025-06-27 17:42:24.000,14.53,49.12,25.94,394.06,31.25,24.73,0.601,29.91,12.33,19.2,1.283,Diretto_Entrambi_Tensiometri,51.669,1.2,57.029,0.25,44.33,0.38,52.364,0.39,56.831,0.61,50.695,0.05,62.037,0.09,347.947,13.18,29.72,171.845,57.982,54.696,50.739,53.235,146.92,63.439,True
ML4,51,2025-06-27 18:00:00,2025-06-27 18:35:08,2025-06-27 18:49:14,2025-06-27 18:42:11.000,14.1,50.12,25.81,393.43,31.0,24.53,0.596,33.13,13.02,20.77,1.317,Diretto_Entrambi_Tensiometri,51.521,1.3,58.306,1.11,44.007,0.14,52.469,0.19,57.002,0.66,50.751,0.05,62.576,0.01,402.807,12.79,29.741,175.872,58.344,55.611,50.942,53.343,158.764,64.184,True
ML4,52,2025-06-27 19:00:00,2025-06-27 19:35:08,2025-06-27 19:49:45,2025-06-27 19:42:26.500,14.62,51.12,25.71,392.74,30.72,24.31,0.591,37.03,13.7,22.53,1.353,Diretto_Entrambi_Tensiometri,51.1,1.82,59.086,0.71,44.248,1.29,53.158,0.88,57.133,0.1,51.033,0.38,62.682,0.06,707.443,2.16,29.696,218.207,59.066,56.336,51.121,53.716,210.58,68.143,True
ML4,53,2025-06-27 20:00:00,2025-06-27 20:35:08,2025-06-27 20:49:52,2025-06-27 20:42:30.000,14.73,52.12,25.59,392.13,30.48,24.12,0.586,41.09,14.51,24.42,1.388,Diretto_Entrambi_Tensiometri,50.333,3.37,58.913,0.43,43.968,0.94,53.744,0.69,57.418,0.3,51.422,0.69,63.264,0.22,1048.253,2.59,29.715,291.648,59.52,56.599,50.707,54.139,257.52,73.507,True
ML4,54,2025-06-27 21:00:00,2025-06-27 21:35:08,2025-06-27 21:49:42,2025-06-27 21:42:25.000,14.57,53.12,25.48,391.54,30.24,23.93,0.582,45.13,15.3,26.27,1.42,Diretto_Entrambi_Tensiometri,47.887,6.12,59.795,2.06,43.838,1.24,54.464,0.72,57.944,0.93,51.716,0.23,63.71,0.06,1408.535,0.17,29.573,622.411,60.194,56.824,50.07,54.649,299.563,89.077,True
ML4,55,2025-06-27 22:00:00,2025-06-27 22:35:08,2025-06-27 22:49:21,2025-06-27 22:42:14.500,14.22,54.12,25.42,390.99,30.02,23.76,0.577,49.08,16.17,28.17,1.45,Diretto_Entrambi_Tensiometri,45.655,12.68,59.771,2.29,43.483,0.52,55.651,1.32,58.352,0.95,51.71,0.27,64.058,0.15,1832.517,0.18,29.62,1025.052,60.775,56.879,49.14,55.17,342.618,101.217,True
ML4,56,2025-06-27 23:00:00,2025-06-27 23:35:09,2025-06-27 23:49:22,2025-06-27 23:42:15.500,14.22,55.12,25.36,390.44,29.8,23.58,0.573,53.45,17.04,30.18,1.48,Diretto_Entrambi_Tensiometri,43.109,16.52,60.003,2.26,43.341,0.73,56.829,1.7,58.818,0.48,52.479,0.5,64.549,0.12,2463.174,0.04,29.593,1593.826,61.256,56.522,48.218,55.979,398.742,113.044,True
ML4,57,2025-06-28 00:00:00,2025-06-28 00:35:09,2025-06-28 00:49:24,2025-06-28 00:42:16.500,14.25,56.12,25.3,389.89,29.59,23.41,0.569,57.85,17.95,32.22,1.508,Diretto_Entrambi_Tensiometri,44.329,8.14,60.636,1.16,43.132,0.98,58.572,2.38,59.34,0.7,52.847,0.89,64.855,0.16,3033.596,0.58,29.485,1819.896,61.784,57.453,48.761,56.844,443.558,117.479,True
ML4,58,2025-06-28 01:00:00,2025-06-28 01:35:09,2025-06-28 01:49:21,2025-06-28 01:42:15.000,14.2,57.12,25.26,389.37,29.37,23.24,0.565,62.51,19.05,34.51,1.538,Diretto_Entrambi_Tensiometri,42.68,10.97,60.641,0.99,43.153,1.84,59.808,1.44,59.825,1.06,52.763,1.53,65.073,0.15,3128.4,0.97,29.523,2229.312,62.39,58.442,48.158,57.366,451.192,124.464,True
ML4,59,2025-06-28 02:00:00,2025-06-28 02:35:09,2025-06-28 02:49:13,2025-06-28 02:42:11.000,14.07,58.12,25.23,388.82,29.16,23.07,0.561,67.22,20.15,36.81,1.566,Diretto_Entrambi_Tensiometri,37.999,21.75,60.539,0.7,43.212,1.94,60.698,0.94,60.153,0.87,53.4,0.6,65.025,0.02,2921.865,1.61,29.46,2446.664,63.077,60.484,46.324,57.986,435.883,128.774,True
ML4,60,2025-06-28 03:00:00,2025-06-28 03:35:09,2025-06-28 03:49:03,2025-06-28 03:42:06.000,13.9,59.12,25.25,388.28,28.94,22.9,0.557,72.2,21.34,39.26,1.594,Diretto_Entrambi_Tensiometri,34.192,47.49,60.504,0.58,43.334,1.5,60.065,5.09,60.499,1.08,53.468,0.82,65.025,0.11,3208.528,1.87,29.502,2564.849,63.87,62.232,44.755,57.919,456.765,131.691,False
ML4,61,2025-06-28 04:00:00,2025-06-28 04:35:09,2025-06-28 04:49:00,2025-06-28 04:42:04.500,13.85,60.12,25.2,387.73,28.72,22.73,0.552,77.41,22.63,41.86,1.622,Diretto_Entrambi_Tensiometri,35.214,62.81,60.055,1.16,42.707,0.96,60.388,3.71,60.855,1.16,53.3,0.41,65.041,0.06,3129.688,3.76,29.571,2787.553,64.507,62.993,44.866,58.075,451.174,135.284,False
ML4,62,2025-06-28 05:00:00,2025-06-28 05:35:09,2025-06-28 05:48:58,2025-06-28 05:42:03.500,13.82,61.12,25.25,387.2,28.51,22.56,0.548,82.18,23.97,44.39,1.647,Diretto_Entrambi_Tensiometri,30.716,77.58,60.663,2.43,42.104,3.67,60.697,3.75,61.069,0.53,53.634,0.28,64.938,0.07,2826.927,2.08,29.514,3082.955,64.766,64.357,42.809,58.364,428.457,139.552,False
ML4,63,2025-06-28 06:00:00,2025-06-28 06:35:09,2025-06-28 06:48:55,2025-06-28 06:42:02.000,13.77,62.12,25.52,386.67,28.3,22.39,0.544,86.47,25.41,46.88,1.671,Diretto_Entrambi_Tensiometri,25.644,119.97,60.566,2.28,41.021,1.57,60.272,2.72,61.671,0.84,53.632,0.86,65.299,0.03,2443.711,2.91,29.76,3480.527,65.186,66.265,39.94,58.417,399.464,145.438,False
ML4,64,2025-06-28 07:00:00,2025-06-28 07:35:09,2025-06-28 07:49:10,2025-06-28 07:42:09.500,14.02,63.12,25.64,386.17,28.1,22.23,0.54,88.98,26.86,48.88,1.689,Diretto_Entrambi_Tensiometri,22.401,168.91,59.034,1.63,40.389,2.74,60.287,4.99,61.964,0.53,52.896,0.54,64.596,0.28,2187.36,2.89,29.617,3864.477,65.395,67.886,37.66,58.245,375.892,150.137,False
ML4,65,2025-06-28 08:00:00,2025-06-28 08:35:09,2025-06-28 08:49:26,2025-06-28 08:42:17.500,14.28,64.12,26.7,385.58,27.86,22.05,0.536,88.5,28.35,50.09,1.7,Diretto_Entrambi_Tensiometri,30.432,54.33,58.04,2.31,40.279,2.7,59.627,5.19,62.598,1.53,53.101,0.71,64.065,0.08,1543.637,2.35,29.771,4799.404,66.105,68.443,41.436,58.304,314.473,159.454,False
ML4,66,2025-06-28 09:00:00,2025-06-28 09:35:09,2025-06-28 09:49:39,2025-06-28 09:42:24.000,14.5,65.12,27.56,384.92,27.6,21.84,0.531,89.45,29.93,51.74,1.714,Diretto_Entrambi_Tensiometri,37.19,34.27,54.681,1.61,39.911,6.9,58.441,3.18,62.504,0.07,53.276,0.8,62.931,0.04,1664.899,4.41,29.493,6398.206,66.18,72.078,43.296,57.95,323.688,173.211,False
ML4,67,2025-06-28 10:00:00,2025-06-28 10:35:09,2025-06-28 10:49:18,2025-06-28 10:42:13.500,14.15,66.12,28.94,384.1,27.27,21.58,0.524,90.62,31.65,53.56,1.729,Diretto_Entrambi_Tensiometri,37.976,5.47,53.134,6.32,39.534,10.29,57.393,4.91,62.618,1.92,52.984,0.57,63.483,0.15,1442.483,6.8,30.001,7352.537,67.552,74.239,43.048,57.531,302.611,182.373,True
ML4,68,2025-06-28 11:00:00,2025-06-28 11:35:09,2025-06-28 11:50:01,2025-06-28 11:42:35.000,14.87,67.12,28.93,383.45,27.01,21.37,0.519,91.71,34.33,56.11,1.749,Diretto_Entrambi_Tensiometri,37.819,66.02,54.128,1.61,39.328,6.07,57.645,5.33,63.307,2.45,53.307,0.31,63.634,0.13,1188.347,2.22,30.547,6192.297,69.126,74.379,43.18,57.943,274.99,176.595,False
ML4,69,2025-06-28 12:00:00,2025-06-28 12:35:09,2025-06-28 12:49:56,2025-06-28 12:42:32.500,14.78,68.12,28.08,382.93,26.8,21.21,0.515,117.3,37.21,66.06,1.82,Esteso_Top_Diretto_Bottom,49.446,84.64,55.576,3.01,39.381,4.95,57.657,4.31,63.715,2.35,53.369,0.92,63.956,0.41,1095.477,2.09,31.002,5814.338,70.37,73.959,47.654,58.094,264.693,175.012,False
ML4,70,2025-06-28 13:00:00,2025-06-28 13:35:09,2025-06-28 13:49:51,2025-06-28 13:42:30.000,14.7,69.12,27.5,382.44,26.6,21.05,0.512,142.9,40.11,75.71,1.879,Esteso_Top_Diretto_Bottom,76.966,4.0,55.115,2.49,39.895,4.62,57.904,3.77,64.374,2.48,53.866,0.82,64.379,0.32,1165.477,2.69,31.188,4498.045,71.714,74.579,55.313,58.557,273.92,165.504,True
ML4,71,2025-06-28 14:00:00,2025-06-28 14:35:09,2025-06-28 14:49:27,2025-06-28 14:42:18.000,14.3,70.12,27.15,381.93,26.4,20.89,0.508,168.43,43.11,85.21,1.931,Esteso_Top_Diretto_Bottom,89.179,5.95,52.528,5.8,39.817,6.15,57.464,3.45,64.647,2.31,54.335,0.28,65.365,0.3,864.097,0.76,31.458,5293.386,73.535,78.309,57.136,58.66,237.659,175.972,True
ML4,72,2025-06-28 15:00:00,2025-06-28 15:35:09,2025-06-28 15:49:57,2025-06-28 15:42:33.000,14.8,71.12,27.0,381.47,26.22,20.75,0.504,194.15,46.22,94.73,1.976,Esteso_Top_Diretto_Bottom,90.799,16.58,48.379,4.4,39.516,7.72,57.236,3.62,65.073,2.21,54.697,0.82,66.577,0.69,972.786,2.96,31.811,4370.167,74.454,79.787,55.783,58.841,254.49,169.521,True
ML4,73,2025-06-28 16:00:00,2025-06-28 16:35:09,2025-06-28 16:49:27,2025-06-28 16:42:18.000,14.3,72.12,26.89,380.98,26.02,20.59,0.5,219.66,49.6,104.38,2.019,Esteso_Top_Diretto_Bottom,94.867,21.99,43.051,5.55,39.343,8.02,57.164,2.21,65.452,2.12,55.136,0.69,68.201,0.17,941.481,2.56,32.245,4123.72,75.951,81.611,54.365,59.087,253.397,169.437,False
ML4,74,2025-06-28 17:00:00,2025-06-28 17:35:09,2025-06-28 17:49:25,2025-06-28 17:42:17.000,14.27,73.12,26.86,380.53,25.84,20.45,0.497,245.27,53.11,114.13,2.057,Esteso_Top_Diretto_Bottom,104.014,30.47,42.001,12.34,39.144,9.54,57.193,3.4,65.915,2.47,55.205,0.18,69.398,0.65,965.044,4.37,32.535,4385.522,76.262,81.947,55.506,59.261,258.79,172.804,False
ML4,75,2025-06-28 18:00:00,2025-06-28 18:35:09,2025-06-28 18:49:37,2025-06-28 18:42:23.000,14.47,74.12,26.83,380.08,25.66,20.3,0.493,270.92,56.96,124.22,2.094,Esteso_Top_Diretto_Bottom,113.934,38.71,35.314,0.99,39.12,11.07,57.571,3.29,66.134,2.67,55.709,0.75,70.963,0.65,973.895,2.43,32.935,4866.87,77.629,84.17,53.992,59.637,262.889,179.896,False
ML4,76,2025-06-28 19:00:00,2025-06-28 19:35:09,2025-06-28 19:49:36,2025-06-28 19:42:22.500,14.45,75.12,26.68,379.62,25.48,20.16,0.49,296.54,61.09,134.59,2.129,Esteso_Top_Diretto_Bottom,122.502,36.29,32.417,0.82,39.337,10.91,57.729,2.74,66.522,2.25,56.186,0.31,72.734,0.79,852.991,0.77,33.361,5286.467,78.737,85.646,53.857,59.979,249.081,185.705,False
ML4,77,2025-06-28 20:00:00,2025-06-28 20:35:09,2025-06-28 20:49:44,2025-06-28 20:42:26.500,14.58,76.12,26.58,379.19,25.3,20.02,0.487,322.18,65.47,145.23,2.162,Esteso_Top_Diretto_Bottom,126.79,35.08,30.689,0.25,39.343,11.22,58.205,2.66,66.823,2.41,56.055,1.37,74.433,0.38,835.916,3.9,33.684,5645.989,80.159,87.447,53.495,60.187,249.439,191.08,False
ML4,78,2025-06-28 21:00:00,2025-06-28 21:35:09,2025-06-28 21:49:34,2025-06-28 21:42:21.500,14.42,77.12,26.49,378.73,25.12,19.88,0.483,347.76,70.16,156.2,2.194,Esteso_Top_Diretto_Bottom,135.878,41.94,24.948,5.38,39.494,12.41,58.288,2.0,67.114,2.56,56.791,0.86,75.496,0.44,780.865,0.91,33.904,6169.351,81.335,87.254,51.157,60.565,242.801,196.286,False
ML4,79,2025-06-28 22:00:00,2025-06-28 22:35:09,2025-06-28 22:49:34,2025-06-28 22:42:21.500,14.42,78.12,26.37,378.3,24.95,19.74,0.48,373.37,75.16,167.51,2.224,Esteso_Top_Diretto_Bottom,134.991,36.92,26.499,6.63,39.571,12.89,58.917,3.12,67.427,2.47,57.046,1.25,77.166,0.62,917.215,4.08,34.129,6300.822,82.413,87.492,52.116,60.968,266.041,198.436,False
ML4,80,2025-06-28 23:00:00,2025-06-28 23:35:09,2025-06-28 23:49:24,2025-06-28 23:42:16.500,14.25,79.12,26.33,377.82,24.75,19.59,0.476,398.95,80.37,179.06,2.253,Esteso_Top_Diretto_Bottom,137.551,38.75,15.604,10.26,39.216,16.7,58.907,2.69,67.841,2.41,57.474,0.87,78.257,0.26,862.426,4.24,34.386,6690.16,84.082,87.401,43.825,61.241,259.79,202.773,False
ML4,81,2025-06-29 00:00:00,2025-06-29 00:35:09,2025-06-29 00:49:32,2025-06-29 00:42:20.500,14.38,80.12,26.26,377.36,24.57,19.44,0.473,424.6,86.11,191.21,2.282,Esteso_Top_Diretto_Bottom,127.064,21.07,9.631,52.91,39.562,15.99,59.396,2.65,68.136,2.56,58.143,0.92,80.938,0.15,922.822,1.59,34.679,6468.994,85.774,89.307,36.447,61.737,273.297,203.604,False
ML4,82,2025-06-29 01:00:00,2025-06-29 01:35:09,2025-06-29 01:49:43,2025-06-29 01:42:26.000,14.57,81.12,26.21,376.89,24.38,19.29,0.469,450.25,92.24,203.8,2.309,Esteso_Top_Diretto_Bottom,129.972,29.36,24.343,197.88,39.55,17.56,59.592,3.1,68.451,2.51,58.426,1.26,86.673,0.14,963.033,3.41,35.013,6314.836,87.441,89.551,50.018,62.0,288.91,203.983,False
ML4,83,2025-06-29 02:00:00,2025-06-29 02:35:09,2025-06-29 02:49:42,2025-06-29 02:42:25.500,14.55,82.12,26.2,376.44,24.2,19.15,0.465,475.86,98.7,216.72,2.336,Esteso_Top_Diretto_Bottom,135.252,31.48,24.996,193.59,41.006,17.75,60.123,2.14,68.625,2.46,58.729,1.6,88.748,0.92,926.948,2.65,35.365,6477.572,90.982,91.991,51.755,62.344,286.818,209.253,False
ML4,84,2025-06-29 03:00:00,2025-06-29 03:35:09,2025-06-29 03:49:14,2025-06-29 03:42:11.500,14.08,83.12,26.17,375.98,24.02,19.01,0.462,501.38,105.45,229.94,2.362,Esteso_Top_Diretto_Bottom,136.993,32.73,7.519,39.59,41.356,20.77,60.697,2.22,69.132,2.41,59.383,0.57,92.343,1.13,957.379,0.7,35.678,6757.939,93.087,91.586,34.925,62.927,297.334,212.928,False
ML4,85,2025-06-29 04:00:00,2025-06-29 04:35:09,2025-06-29 04:49:38,2025-06-29 04:42:23.500,14.48,84.12,26.17,375.56,23.85,18.87,0.459,527.08,112.93,243.97,2.387,Esteso_Top_Diretto_Bottom,134.285,26.19,17.503,34.74,41.572,23.15,61.01,3.32,69.488,2.48,59.856,1.54,95.832,0.11,1137.831,0.31,36.226,6926.313,95.005,91.081,46.059,63.31,330.213,215.861,False
ML4,86,2025-06-29 05:00:00,2025-06-29 05:35:09,2025-06-29 05:49:49,2025-06-29 05:42:29.000,14.67,85.12,26.12,375.09,23.66,18.73,0.455,552.73,121.16,258.78,2.413,Esteso_Top_Diretto_Bottom,126.891,28.07,28.175,39.08,42.1,23.33,61.665,3.56,70.091,2.56,60.271,1.83,99.025,1.43,1196.76,5.57,36.612,6991.695,97.237,89.909,53.194,63.866,344.252,217.5,False
ML4,87,2025-06-29 06:00:00,2025-06-29 06:35:09,2025-06-29 06:49:42,2025-06-29 06:42:25.500,14.55,86.12,26.11,374.66,23.49,18.59,0.452,578.32,129.81,273.99,2.438,Esteso_Top_Diretto_Bottom,127.111,26.41,31.333,21.03,42.701,22.0,62.108,3.2,70.589,2.34,60.655,2.17,101.132,1.03,1297.536,0.3,37.174,7081.444,99.241,89.397,55.404,64.306,362.246,219.833,False
ML4,88,2025-06-29 07:00:00,2025-06-29 07:35:09,2025-06-29 07:49:40,2025-06-29 07:42:24.500,14.52,87.12,26.12,374.2,23.31,18.45,0.448,603.93,139.09,289.83,2.462,Esteso_Top_Diretto_Bottom,122.595,24.58,45.3,37.17,43.747,23.39,62.755,2.99,71.08,2.22,61.325,1.69,105.631,1.88,1358.042,1.73,37.835,7183.446,103.517,77.608,62.398,64.915,378.75,216.165,False
ML4,89,2025-06-29 08:00:00,2025-06-29 08:35:09,2025-06-29 08:49:32,2025-06-29 08:42:20.500,14.38,88.12,26.16,373.79,23.14,18.31,0.445,629.51,148.92,306.18,2.486,Esteso_Top_Diretto_Bottom,122.019,25.21,41.345,30.31,44.535,21.4,63.496,3.5,71.585,2.3,61.814,1.63,109.119,2.62,1402.895,1.65,38.697,7208.221,103.987,86.935,60.793,65.497,391.258,224.089,False
ML4,90,2025-06-29 09:00:00,2025-06-29 09:35:09,2025-06-29 09:49:39,2025-06-29 09:42:24.000,14.5,89.12,26.66,373.32,22.96,18.17,0.441,655.15,174.0,321.91,2.508,Oltre_Air_Entry_Top,107.572,17.39,23.745,0.18,40.7,10.69,61.03,1.05,71.624,1.62,60.65,0.73,113.442,2.18,1477.251,5.75,38.649,9149.804,105.99,83.831,47.021,64.241,409.368,236.758,True
ML4,91,2025-06-29 10:00:00,2025-06-29 10:35:09,2025-06-29 10:49:43,2025-06-29 10:42:26.000,14.57,90.12,27.56,372.82,22.76,18.01,0.438,680.78,200.31,337.63,2.528,Oltre_Air_Entry_Top,102.14,2.19,20.14,17.09,44.005,3.22,61.104,4.44,71.784,1.96,61.045,0.25,117.811,2.71,1640.369,3.36,39.791,8349.491,106.589,83.576,44.901,64.454,439.606,233.244,True
ML4,92,2025-06-29 11:00:00,2025-06-29 11:35:09,2025-06-29 11:49:46,2025-06-29 11:42:27.500,14.62,91.12,27.33,372.39,22.58,17.87,0.434,706.41,226.62,353.36,2.548,Oltre_Air_Entry_Top,104.346,0.84,5.261,40.65,46.44,3.42,61.859,5.22,72.893,2.23,61.487,1.31,117.491,2.32,1804.483,3.33,40.604,7747.328,107.954,85.902,29.431,65.206,460.446,232.402,False
ML4,93,2025-06-29 12:00:00,2025-06-29 12:35:09,2025-06-29 12:50:19,2025-06-29 12:42:44.000,15.17,92.13,27.1,371.94,22.4,17.73,0.431,732.14,253.03,369.14,2.567,Oltre_Air_Entry_Top,103.873,1.87,14.526,49.45,47.609,7.3,62.033,4.86,73.236,2.32,62.051,1.09,118.253,2.35,1773.261,3.2,41.093,7903.298,111.063,85.782,41.57,65.569,457.923,235.85,False
ML4,94,2025-06-29 13:00:00,2025-06-29 13:35:09,2025-06-29 13:49:54,2025-06-29 13:42:31.500,14.75,93.12,27.1,371.48,22.22,17.58,0.427,757.67,279.24,384.8,2.585,Oltre_Air_Entry_Top,105.142,8.65,16.634,67.04,46.356,0.91,62.312,4.99,73.785,2.56,62.1,1.35,122.795,3.54,1749.984,4.27,41.655,7952.429,113.032,87.585,43.281,65.848,463.562,239.304,False
ML4,95,2025-06-29 14:00:00,2025-06-29 14:35:09,2025-06-29 14:49:36,2025-06-29 14:42:22.500,14.45,94.12,26.99,371.02,22.04,17.44,0.424,783.22,305.47,400.48,2.603,Oltre_Air_Entry_Top,106.976,8.56,19.816,63.54,48.261,4.93,63.185,5.15,74.534,2.6,63.079,0.91,120.518,2.65,1794.748,7.93,41.193,8036.519,115.472,90.163,46.77,66.724,465.08,242.298,False
ML4,96,2025-06-29 15:00:00,2025-06-29 15:35:09,2025-06-29 15:50:11,2025-06-29 15:42:40.000,15.03,95.13,27.0,370.57,21.86,17.3,0.42,808.96,331.89,416.27,2.619,Oltre_Air_Entry_Top,107.873,11.42,21.674,54.36,48.642,4.53,64.613,5.04,75.307,2.74,63.734,0.46,121.621,2.31,1929.448,3.68,41.436,8046.659,116.927,91.522,48.449,67.688,484.419,244.404,False
ML4,97,2025-06-29 16:00:00,2025-06-29 16:35:09,2025-06-29 16:49:54,2025-06-29 16:42:31.500,14.75,96.12,26.93,370.1,21.67,17.15,0.417,834.51,358.13,431.95,2.635,Oltre_Air_Entry_Top,108.96,8.05,19.27,85.22,47.344,0.04,67.022,6.87,76.296,2.59,63.74,0.59,128.344,2.77,2168.429,2.65,42.035,8104.757,120.872,94.563,46.324,68.819,527.546,249.804,False
ML4,98,2025-06-29 17:00:00,2025-06-29 17:35:09,2025-06-29 17:50:13,2025-06-29 17:42:41.000,15.07,97.13,26.87,369.61,21.47,16.99,0.413,860.19,384.49,447.71,2.651,Oltre_Air_Entry_Top,110.982,9.75,24.889,78.92,49.376,5.57,69.628,8.3,77.359,2.67,63.394,1.93,132.848,3.66,2734.156,2.3,42.498,8233.563,123.207,85.554,51.474,69.895,602.683,246.438,False
ML4,99,2025-06-29 18:00:00,2025-06-29 18:35:09,2025-06-29 18:49:42,2025-06-29 18:42:25.500,14.55,98.12,26.71,369.1,21.27,16.83,0.409,885.7,410.67,463.36,2.666,Oltre_Air_Entry_Top,106.784,8.77,21.391,91.89,48.76,1.63,70.125,6.75,78.068,2.61,63.725,2.22,140.837,3.46,2937.236,2.86,43.595,8111.153,126.252,95.701,48.114,70.397,643.173,255.663,False
ML4,100,2025-06-29 19:00:00,2025-06-29 19:35:09,2025-06-29 19:50:14,2025-06-29 19:42:41.500,15.08,99.13,26.52,368.57,21.06,16.66,0.405,911.43,437.09,479.14,2.68,Oltre_Air_Entry_Top,116.011,12.39,42.831,39.29,50.223,2.52,72.923,8.87,79.074,2.9,63.632,4.68,146.769,3.15,3387.584,1.89,44.018,8256.699,128.297,99.188,62.958,71.591,705.119,260.782,False
ML4,101,2025-06-29 20:00:00,2025-06-29 20:35:09,2025-06-29 20:49:35,2025-06-29 20:42:22.000,14.43,100.12,26.36,368.0,20.83,16.48,0.401,936.9,463.24,494.77,2.694,Oltre_Air_Entry_Top,119.548,17.0,30.915,79.14,49.096,1.83,72.57,9.78,80.446,2.68,63.487,4.18,155.662,3.16,3445.324,2.3,44.857,8478.096,130.811,100.513,56.613,71.832,732.329,265.919,False
ML4,102,2025-06-29 21:00:00,2025-06-29 21:35:09,2025-06-29 21:50:03,2025-06-29 21:42:36.000,14.9,101.13,26.21,367.45,20.61,16.31,0.396,962.62,489.64,510.55,2.708,Oltre_Air_Entry_Top,121.185,17.39,58.426,43.51,51.533,2.27,74.247,10.59,81.507,3.24,62.758,5.55,161.288,4.08,3586.2,2.64,45.874,8560.337,134.662,102.099,71.457,72.418,760.533,271.07,False
ML4,103,2025-06-29 22:00:00,2025-06-29 22:35:09,2025-06-29 22:49:49,2025-06-29 22:42:29.000,14.67,102.12,26.07,366.94,20.4,16.15,0.392,988.18,515.88,526.23,2.721,Oltre_Air_Entry_Top,124.472,16.74,30.585,85.77,50.585,0.25,74.97,10.45,82.504,2.94,63.079,7.08,162.027,3.15,3598.175,1.98,46.635,8570.624,136.367,103.888,57.748,73.072,763.545,274.315,False
ML4,104,2025-06-29 23:00:00,2025-06-29 23:35:09,2025-06-29 23:49:35,2025-06-29 23:42:22.000,14.43,103.12,25.95,366.48,20.22,16.0,0.389,1013.75,542.13,541.92,2.734,Oltre_Air_Entry_Top,127.598,15.98,26.915,94.05,51.826,2.76,76.329,10.76,83.326,3.27,62.783,5.88,168.123,3.89,3691.765,2.52,47.462,8470.99,137.754,105.768,56.251,73.638,787.827,276.653,False
ML4,105,2025-06-30 00:00:00,2025-06-30 00:35:09,2025-06-30 00:50:34,2025-06-30 00:42:51.500,15.42,104.13,25.85,365.98,20.02,15.84,0.385,1039.57,568.64,557.76,2.746,Oltre_Air_Entry_Top,133.217,16.82,50.972,40.01,51.91,1.85,76.935,10.23,84.055,2.98,62.36,8.06,175.766,4.55,3728.418,2.77,48.68,8626.54,140.529,109.956,70.639,73.881,809.524,283.82,False
ML4,106,2025-06-30 01:00:00,2025-06-30 01:35:09,2025-06-30 01:50:33,2025-06-30 01:42:51.000,15.4,105.13,25.75,365.49,19.83,15.69,0.381,1065.18,594.93,573.48,2.759,Oltre_Air_Entry_Top,137.59,15.23,51.673,41.45,50.615,2.16,78.486,9.67,85.141,2.63,61.879,8.95,184.334,3.87,3842.905,1.89,49.667,8795.483,141.237,115.11,71.128,74.5,841.652,290.3,False
ML4,107,2025-06-30 02:00:00,2025-06-30 02:35:09,2025-06-30 02:50:39,2025-06-30 02:42:54.000,15.5,106.13,25.65,365.0,19.63,15.53,0.377,1090.82,621.25,589.2,2.77,Oltre_Air_Entry_Top,147.501,16.61,51.927,51.0,51.234,4.51,79.517,11.45,86.154,2.77,61.66,9.65,189.636,3.59,3934.317,1.97,51.341,8802.344,146.069,123.36,73.212,75.032,863.764,300.399,False
ML4,108,2025-06-30 03:00:00,2025-06-30 03:35:09,2025-06-30 03:51:07,2025-06-30 03:43:08.000,15.97,107.13,25.56,364.49,19.42,15.37,0.374,1116.53,647.65,604.98,2.782,Oltre_Air_Entry_Top,157.146,17.9,55.927,44.0,52.154,4.01,80.973,13.32,87.477,2.87,59.855,11.73,198.419,4.07,4123.463,1.97,53.299,8957.871,149.252,129.768,77.103,75.124,904.529,310.101,False
ML4,109,2025-06-30 04:00:00,2025-06-30 04:35:09,2025-06-30 04:51:01,2025-06-30 04:43:05.000,15.87,108.13,25.49,364.0,19.23,15.22,0.37,1142.13,673.92,620.68,2.793,Oltre_Air_Entry_Top,166.359,12.38,43.56,39.83,52.003,1.89,80.851,14.47,88.826,2.94,59.031,12.17,202.448,4.58,4222.263,1.62,54.539,8971.491,152.64,133.447,72.231,75.122,924.548,315.964,False
ML4,110,2025-06-30 05:00:00,2025-06-30 05:35:09,2025-06-30 05:50:54,2025-06-30 05:43:01.500,15.75,109.13,25.52,363.53,19.04,15.07,0.366,1167.71,700.2,636.38,2.804,Oltre_Air_Entry_Top,178.114,10.5,44.02,50.87,50.953,5.93,80.011,14.02,89.992,3.12,59.324,16.53,192.603,5.98,4191.604,2.02,54.654,9230.847,154.649,109.277,73.65,75.312,898.507,303.868,False
ML4,111,2025-06-30 06:00:00,2025-06-30 06:35:09,2025-06-30 06:51:21,2025-06-30 06:43:15.000,16.2,110.14,27.12,362.85,18.77,14.85,0.361,1193.43,726.59,652.16,2.814,Oltre_Air_Entry_Top,194.247,20.4,81.169,50.41,36.528,26.65,80.697,12.16,90.217,2.73,52.59,22.83,155.167,4.27,4931.016,1.87,52.879,13231.842,155.834,138.044,83.2,72.613,874.718,350.264,False
ML4,112,2025-06-30 07:00:00,2025-06-30 07:35:09,2025-06-30 07:50:10,2025-06-30 07:42:39.500,15.02,111.13,28.9,362.15,18.49,14.63,0.356,1218.79,752.63,667.72,2.825,Oltre_Air_Entry_Top,203.993,13.81,15.183,31.42,58.915,0.23,86.52,12.89,92.118,3.92,60.608,9.55,221.153,4.84,5097.507,1.83,58.806,10357.302,159.871,120.159,56.72,78.463,1061.757,328.888,False
ML4,113,2025-06-30 08:00:00,2025-06-30 08:35:09,2025-06-30 08:50:48,2025-06-30 08:42:58.500,15.65,112.13,28.31,361.64,18.28,14.47,0.352,1244.54,779.06,683.52,2.835,Oltre_Air_Entry_Top,210.853,6.44,11.687,6.88,60.382,1.14,82.92,13.42,93.523,3.65,60.109,7.63,237.32,6.62,4739.235,2.23,61.151,11025.202,169.79,151.838,52.99,77.536,1060.526,363.095,False
ML5,1,2025-10-08 20:00:00,2025-10-08 20:10:05,2025-10-08 20:22:55,2025-10-08 20:16:30.000,12.83,0.11,21.95,490.25,40.24,25.82,0.982,1.32,0.94,1.11,0.047,Diretto_Entrambi_Tensiometri,10.091,0.92,10.637,0.61,9.537,0.92,11.213,0.22,10.305,0.08,8.677,0.42,12.423,0.03,10.39,0.36,19.235,6.89,11.737,6.79,10.078,10.009,11.361,10.138,True
ML5,2,2025-10-08 21:00:00,2025-10-08 21:10:05,2025-10-08 21:22:53,2025-10-08 21:16:29.000,12.8,1.11,22.25,489.67,40.01,25.67,0.976,3.15,0.5,1.26,0.1,Diretto_Entrambi_Tensiometri,10.065,0.41,10.624,0.64,9.451,0.68,11.21,0.05,10.257,0.11,8.644,0.8,14.195,0.26,9.582,0.33,17.57,6.93,11.594,6.81,10.035,9.98,11.663,9.902,True
ML5,3,2025-10-08 22:00:00,2025-10-08 22:10:05,2025-10-08 22:22:50,2025-10-08 22:16:27.500,12.75,2.11,22.15,489.16,39.81,25.54,0.971,4.72,0.58,1.66,0.219,Diretto_Entrambi_Tensiometri,10.071,0.38,10.655,0.08,9.412,0.6,11.264,0.49,10.259,0.38,8.653,0.49,14.608,1.45,9.662,0.44,17.103,6.903,11.488,6.841,10.033,10.0,11.88,9.815,True
ML5,4,2025-10-08 23:00:00,2025-10-08 23:10:05,2025-10-08 23:22:51,2025-10-08 23:16:28.000,12.77,3.11,22.07,488.64,39.6,25.41,0.966,5.83,0.61,1.89,0.275,Diretto_Entrambi_Tensiometri,10.093,0.57,10.702,0.54,9.457,0.24,11.271,0.08,10.269,0.3,8.655,0.37,14.71,1.02,9.742,1.29,17.118,6.907,11.394,6.856,10.071,10.006,11.971,9.803,True
ML5,5,2025-10-09 00:00:00,2025-10-09 00:10:05,2025-10-09 00:22:57,2025-10-09 00:16:31.000,12.87,4.11,21.97,488.13,39.39,25.28,0.961,7.3,0.6,2.09,0.32,Diretto_Entrambi_Tensiometri,10.121,0.52,10.689,0.32,9.45,0.01,11.304,0.31,10.632,2.3,8.655,0.58,14.813,1.17,9.838,0.37,17.195,6.898,11.312,6.547,10.074,10.132,12.072,9.681,True
ML5,6,2025-10-09 01:00:00,2025-10-09 01:10:05,2025-10-09 01:23:03,2025-10-09 01:16:34.000,12.97,5.11,21.92,487.61,39.19,25.14,0.956,6.71,0.93,2.5,0.398,Diretto_Entrambi_Tensiometri,10.147,0.32,10.73,0.62,9.489,0.39,11.335,0.37,10.702,1.88,8.657,0.49,14.964,1.11,10.036,1.29,17.309,6.906,11.305,6.466,10.109,10.164,12.255,9.668,True
ML5,7,2025-10-09 02:00:00,2025-10-09 02:10:05,2025-10-09 02:23:12,2025-10-09 02:16:38.500,13.12,6.11,21.88,487.12,38.99,25.02,0.951,7.38,1.15,2.91,0.464,Diretto_Entrambi_Tensiometri,10.195,0.23,10.697,0.29,9.529,0.43,11.361,0.21,10.738,2.09,8.681,0.68,15.055,1.11,10.107,2.17,17.371,6.901,11.425,6.437,10.129,10.193,12.335,9.69,True
ML5,8,2025-10-09 03:00:00,2025-10-09 03:10:05,2025-10-09 03:23:23,2025-10-09 03:16:44.000,13.3,7.11,21.85,486.61,38.79,24.89,0.946,7.58,1.43,3.29,0.518,Diretto_Entrambi_Tensiometri,10.259,0.32,10.748,0.34,9.554,0.68,11.471,0.01,10.751,1.42,8.647,0.97,15.145,1.74,10.181,2.2,17.533,6.896,11.39,6.141,10.175,10.217,12.417,9.59,True
ML5,9,2025-10-09 04:00:00,2025-10-09 04:10:05,2025-10-09 04:23:14,2025-10-09 04:16:39.500,13.15,8.11,21.83,486.12,38.59,24.76,0.941,8.58,2.2,4.34,0.637,Diretto_Entrambi_Tensiometri,10.322,0.2,10.796,0.43,9.575,0.68,11.536,0.01,10.754,1.44,8.648,0.9,15.248,2.05,10.209,2.36,17.615,6.894,11.292,6.108,10.219,10.237,12.477,9.567,True
ML5,10,2025-10-09 05:00:00,2025-10-09 05:10:05,2025-10-09 05:23:02,2025-10-09 05:16:33.500,12.95,9.11,21.79,485.61,38.39,24.63,0.936,9.91,3.03,5.48,0.739,Diretto_Entrambi_Tensiometri,10.391,0.05,10.841,0.53,9.594,0.91,11.593,0.07,10.765,1.39,8.645,1.06,15.321,2.18,10.251,2.52,17.779,6.925,11.252,6.091,10.262,10.256,12.532,9.584,True
ML5,11,2025-10-09 06:00:00,2025-10-09 06:10:05,2025-10-09 06:23:08,2025-10-09 06:16:36.500,13.05,10.11,21.78,485.1,38.18,24.5,0.931,14.55,3.94,7.57,0.879,Diretto_Entrambi_Tensiometri,10.47,0.1,10.875,0.24,9.627,0.83,11.647,0.08,10.797,1.36,8.66,0.99,15.318,3.06,10.266,2.27,18.026,6.915,11.222,6.07,10.311,10.288,12.54,9.599,True
ML5,12,2025-10-09 07:00:00,2025-10-09 07:10:05,2025-10-09 07:23:14,2025-10-09 07:16:39.500,13.15,11.11,21.76,484.6,37.98,24.37,0.926,16.81,5.56,9.67,0.985,Diretto_Entrambi_Tensiometri,10.567,0.07,10.919,0.12,9.644,1.17,11.695,0.05,10.824,1.24,8.678,0.98,15.415,2.68,10.195,2.97,18.27,6.932,11.197,6.036,10.362,10.318,12.536,9.619,True
ML5,13,2025-10-09 08:00:00,2025-10-09 08:10:05,2025-10-09 08:22:59,2025-10-09 08:16:32.000,12.9,12.11,21.73,484.08,37.78,24.24,0.921,19.04,7.04,11.57,1.063,Diretto_Entrambi_Tensiometri,10.681,0.1,10.989,0.05,9.663,1.05,11.777,0.08,10.875,0.93,8.682,0.76,15.568,4.19,10.183,3.09,18.785,6.942,11.141,6.023,10.429,10.36,12.591,9.672,True
ML5,14,2025-10-09 09:00:00,2025-10-09 09:10:05,2025-10-09 09:23:16,2025-10-09 09:16:40.500,13.18,13.11,21.77,483.59,37.58,24.11,0.917,21.37,8.65,13.59,1.133,Diretto_Entrambi_Tensiometri,10.784,0.29,11.067,0.04,9.671,1.44,11.822,0.0,10.87,1.22,8.693,0.94,15.865,4.03,10.221,2.61,19.18,6.965,10.814,5.994,10.49,10.376,12.734,9.646,True
ML5,15,2025-10-09 10:00:00,2025-10-09 10:10:05,2025-10-09 10:23:24,2025-10-09 10:16:44.500,13.32,14.11,22.3,482.98,37.34,23.96,0.911,22.99,10.08,15.22,1.183,Diretto_Entrambi_Tensiometri,10.954,0.17,11.096,0.1,9.663,1.14,11.859,0.02,10.92,0.73,8.682,1.01,16.022,4.68,10.222,3.4,19.812,6.924,10.819,5.977,10.551,10.398,12.798,9.705,True
ML5,16,2025-10-09 11:00:00,2025-10-09 11:10:05,2025-10-09 11:23:11,2025-10-09 11:16:38.000,13.1,15.11,22.49,482.44,37.12,23.82,0.905,25.08,11.81,17.21,1.236,Diretto_Entrambi_Tensiometri,11.11,0.2,11.174,0.13,9.748,1.24,11.939,0.05,10.921,1.03,8.695,0.82,16.52,3.9,10.288,2.74,20.696,6.954,10.727,6.007,10.656,10.427,13.037,9.813,True
ML5,17,2025-10-09 12:00:00,2025-10-09 12:10:05,2025-10-09 12:23:37,2025-10-09 12:16:51.000,13.53,16.11,22.5,481.9,36.9,23.68,0.9,20.71,13.84,16.9,1.228,Diretto_Entrambi_Tensiometri,11.315,0.13,11.251,0.1,9.801,1.06,12.021,0.04,10.997,0.37,8.724,0.64,16.902,3.52,10.154,3.13,21.615,6.912,10.713,6.006,10.766,10.487,13.1,9.902,True
ML5,18,2025-10-09 13:00:00,2025-10-09 13:10:05,2025-10-09 13:23:26,2025-10-09 13:16:45.500,13.35,17.11,22.5,481.37,36.69,23.54,0.895,24.06,14.97,18.98,1.278,Diretto_Entrambi_Tensiometri,11.498,0.05,11.325,0.08,9.877,1.26,12.11,0.04,11.029,0.52,8.76,0.81,16.919,6.26,10.257,3.67,22.565,6.98,10.705,6.023,10.875,10.537,13.173,10.039,True
ML5,19,2025-10-09 14:00:00,2025-10-09 14:10:05,2025-10-09 14:24:03,2025-10-09 14:17:04.000,13.97,18.12,22.37,480.81,36.47,23.4,0.889,35.55,16.98,24.57,1.39,Diretto_Entrambi_Tensiometri,11.736,0.02,11.421,0.07,9.968,1.11,12.215,0.04,11.1,0.69,8.803,1.14,17.152,6.34,10.224,3.98,23.943,6.989,10.739,6.053,11.014,10.608,13.242,10.212,True
ML5,20,2025-10-09 15:00:00,2025-10-09 15:10:05,2025-10-09 15:24:18,2025-10-09 15:17:11.500,14.22,19.12,22.25,480.25,36.24,23.25,0.884,44.03,18.73,28.72,1.458,Diretto_Entrambi_Tensiometri,11.978,0.18,11.552,0.8,10.09,1.19,12.34,0.54,11.15,0.27,8.8,1.22,17.353,6.98,10.157,3.93,25.484,6.992,10.766,6.054,11.177,10.658,13.276,10.381,True
ML5,21,2025-10-09 16:00:00,2025-10-09 16:10:05,2025-10-09 16:24:19,2025-10-09 16:17:12.000,14.23,20.12,22.23,479.72,36.03,23.12,0.879,51.02,20.56,32.39,1.51,Diretto_Entrambi_Tensiometri,12.181,0.68,11.614,0.77,10.155,1.43,12.391,0.29,11.219,0.01,8.861,0.91,17.702,5.84,10.15,4.34,27.42,6.996,10.715,6.075,11.284,10.72,13.404,10.571,True
ML5,22,2025-10-09 17:00:00,2025-10-09 17:10:05,2025-10-09 17:24:13,2025-10-09 17:17:09.000,14.13,21.12,22.12,479.18,35.81,22.98,0.874,56.76,22.51,35.74,1.553,Diretto_Entrambi_Tensiometri,12.471,0.91,11.695,0.18,10.221,1.77,12.529,0.04,11.271,0.18,8.913,0.92,17.893,5.51,10.142,3.57,29.738,6.977,10.761,6.088,11.423,10.797,13.471,10.798,True
ML5,23,2025-10-09 18:00:00,2025-10-09 18:10:05,2025-10-09 18:24:14,2025-10-09 18:17:09.500,14.15,22.12,22.13,478.67,35.61,22.85,0.869,61.7,24.33,38.75,1.588,Diretto_Entrambi_Tensiometri,12.761,0.89,11.743,0.5,10.279,2.18,12.605,0.12,11.279,0.01,8.917,0.94,18.285,5.89,9.966,4.05,31.91,6.994,10.758,6.107,11.549,10.823,13.499,11.004,True
ML5,24,2025-10-09 19:00:00,2025-10-09 19:10:05,2025-10-09 19:24:14,2025-10-09 19:17:09.500,14.15,23.12,22.04,478.15,35.4,22.72,0.864,66.67,26.29,41.86,1.622,Diretto_Entrambi_Tensiometri,13.179,2.2,11.883,0.72,10.347,2.16,12.703,0.16,11.302,0.1,8.956,0.52,18.57,6.78,9.911,3.44,34.268,7.023,10.777,6.128,11.746,10.874,13.566,11.228,True
ML5,25,2025-10-09 20:00:00,2025-10-09 20:10:05,2025-10-09 20:24:14,2025-10-09 20:17:09.500,14.15,24.12,22.03,477.64,35.2,22.59,0.859,71.8,28.15,44.96,1.653,Diretto_Entrambi_Tensiometri,13.451,2.78,11.988,0.23,10.328,2.13,12.802,0.06,11.295,0.79,8.983,0.88,19.038,7.71,9.938,2.46,36.549,7.045,10.829,6.151,11.853,10.911,13.755,11.444,True
ML5,26,2025-10-09 21:00:00,2025-10-09 21:10:05,2025-10-09 21:24:28,2025-10-09 21:17:16.500,14.38,25.12,21.99,477.13,35.0,22.45,0.854,76.6,29.98,47.92,1.681,Diretto_Entrambi_Tensiometri,13.93,2.56,12.07,0.85,10.318,2.71,12.881,0.16,11.208,0.92,9.007,0.72,19.457,7.1,9.767,3.71,38.567,7.028,10.834,6.246,12.016,10.915,13.785,11.637,True
ML5,27,2025-10-09 22:00:00,2025-10-09 22:10:05,2025-10-09 22:24:31,2025-10-09 22:17:18.000,14.43,26.12,21.99,476.64,34.8,22.33,0.849,78.36,31.76,49.88,1.698,Diretto_Entrambi_Tensiometri,14.053,3.55,12.232,1.39,10.327,3.26,12.957,0.03,11.01,1.64,9.046,0.64,19.845,7.73,9.708,2.85,40.741,7.088,10.824,6.413,12.108,10.887,13.88,11.899,True
ML5,28,2025-10-09 23:00:00,2025-10-09 23:10:05,2025-10-09 23:24:45,2025-10-09 23:17:25.000,14.67,27.12,22.0,476.17,34.61,22.21,0.844,82.04,33.72,52.6,1.721,Diretto_Entrambi_Tensiometri,13.431,4.29,12.357,2.3,10.273,3.95,13.015,0.04,10.701,1.2,9.082,0.73,20.516,7.49,9.685,2.74,42.73,7.129,10.844,6.406,11.946,10.815,14.096,12.061,True
ML5,29,2025-10-10 00:00:00,2025-10-10 00:10:05,2025-10-10 00:24:43,2025-10-10 00:17:24.000,14.63,28.12,22.0,475.73,34.43,22.09,0.84,84.49,35.67,54.9,1.74,Diretto_Entrambi_Tensiometri,13.534,10.44,12.442,2.95,10.317,3.04,13.063,0.17,10.81,1.68,9.099,0.76,21.413,7.04,9.631,5.05,44.562,7.142,10.871,6.566,12.021,10.871,14.361,12.277,True
ML5,30,2025-10-10 01:00:00,2025-10-10 01:10:05,2025-10-10 01:24:47,2025-10-10 01:17:26.000,14.7,29.12,22.02,475.3,34.26,21.98,0.836,86.84,37.62,57.16,1.757,Diretto_Entrambi_Tensiometri,12.577,4.69,12.559,2.88,10.321,3.44,13.101,0.1,10.78,0.44,9.118,0.8,22.022,5.43,9.67,4.53,46.471,7.202,10.882,6.703,11.769,10.879,14.593,12.5,True
ML5,31,2025-10-10 02:00:00,2025-10-10 02:10:05,2025-10-10 02:25:12,2025-10-10 02:17:38.500,15.12,30.13,22.02,474.88,34.1,21.88,0.832,88.38,39.52,59.1,1.772,Diretto_Entrambi_Tensiometri,12.558,9.39,12.613,4.67,10.377,2.01,13.132,0.1,10.491,3.8,9.159,1.16,22.927,5.85,9.832,2.01,48.023,7.234,11.01,7.042,11.801,10.806,15.014,12.811,True
ML5,32,2025-10-10 03:00:00,2025-10-10 03:10:05,2025-10-10 03:24:40,2025-10-10 03:17:22.500,14.58,31.12,22.06,474.47,33.93,21.77,0.828,88.99,41.59,60.83,1.784,Diretto_Entrambi_Tensiometri,14.09,12.3,12.698,4.89,10.349,3.33,13.135,0.06,10.637,8.16,9.175,1.1,24.913,5.54,9.615,0.45,50.118,7.22,11.133,7.342,12.28,10.863,15.477,13.114,True
ML5,33,2025-10-10 04:00:00,2025-10-10 04:10:05,2025-10-10 04:24:52,2025-10-10 04:17:28.500,14.78,32.12,22.1,474.07,33.77,21.67,0.824,89.85,43.61,62.6,1.797,Diretto_Entrambi_Tensiometri,15.634,40.71,12.798,5.78,10.369,2.7,13.163,0.26,10.83,16.71,9.166,1.08,27.413,5.17,9.511,0.44,51.875,7.188,11.3,7.484,12.754,10.933,16.147,13.326,False
ML5,34,2025-10-10 05:00:00,2025-10-10 05:10:05,2025-10-10 05:25:04,2025-10-10 05:17:34.500,14.98,33.12,22.11,473.66,33.61,21.56,0.82,90.77,45.65,64.37,1.809,Diretto_Entrambi_Tensiometri,15.381,37.57,12.888,7.12,10.434,1.58,13.197,0.12,11.051,22.39,9.179,1.24,30.008,8.36,9.543,1.34,53.755,7.309,11.481,7.866,12.741,11.021,16.922,13.725,False
ML5,35,2025-10-10 06:00:00,2025-10-10 06:10:05,2025-10-10 06:25:31,2025-10-10 06:17:48.000,15.43,34.13,22.11,473.26,33.45,21.46,0.816,91.6,47.58,66.01,1.82,Diretto_Entrambi_Tensiometri,16.328,32.81,12.95,7.6,10.399,1.86,13.21,0.04,11.801,39.24,9.186,1.28,32.046,8.21,9.505,0.38,55.601,7.322,11.625,8.011,13.004,11.272,17.453,13.954,False
ML5,36,2025-10-10 07:00:00,2025-10-10 07:10:05,2025-10-10 07:25:29,2025-10-10 07:17:47.000,15.4,35.13,22.04,472.85,33.29,21.36,0.812,109.6,49.75,73.84,1.868,Esteso_Top_Diretto_Bottom,8.331,7.86,13.057,7.74,10.474,0.32,13.228,0.29,12.192,43.66,9.206,1.18,34.572,6.34,9.708,1.11,57.251,7.382,11.583,9.434,10.444,11.408,18.32,14.659,False
ML5,37,2025-10-10 08:00:00,2025-10-10 08:10:05,2025-10-10 08:25:54,2025-10-10 08:17:59.500,15.82,36.13,22.03,472.42,33.11,21.24,0.808,132.0,51.37,82.34,1.916,Esteso_Top_Diretto_Bottom,5.207,8.33,13.182,9.17,10.389,1.98,13.224,1.64,9.93,21.78,9.237,1.3,36.917,6.82,9.698,0.3,58.978,7.219,11.915,9.265,8.934,10.665,18.921,14.724,False
ML5,38,2025-10-10 09:00:00,2025-10-10 09:10:05,2025-10-10 09:26:08,2025-10-10 09:18:06.500,16.05,37.13,22.14,471.95,32.92,21.12,0.803,154.36,53.64,90.99,1.959,Esteso_Top_Diretto_Bottom,8.863,156.01,13.376,9.78,10.455,1.14,13.176,0.59,13.068,64.13,9.229,1.36,39.839,5.39,9.748,5.71,59.689,7.285,12.199,10.467,10.742,11.669,19.707,15.35,False
ML5,39,2025-10-10 10:00:00,2025-10-10 10:10:05,2025-10-10 10:25:38,2025-10-10 10:17:51.500,15.55,38.13,22.56,471.46,32.73,21.0,0.798,176.59,55.33,98.85,1.995,Esteso_Top_Diretto_Bottom,10.906,117.43,13.401,10.01,10.539,3.96,13.124,2.13,12.563,73.03,9.23,1.63,39.912,4.62,9.717,3.11,60.308,7.342,12.552,10.483,11.549,11.502,19.693,15.536,False
ML5,40,2025-10-10 11:00:00,2025-10-10 11:10:05,2025-10-10 11:26:20,2025-10-10 11:18:12.500,16.25,39.14,22.76,471.03,32.56,20.89,0.794,199.05,57.61,107.09,2.03,Esteso_Top_Diretto_Bottom,17.507,64.88,13.492,9.93,10.545,4.05,13.156,1.62,12.022,70.06,9.246,1.55,40.538,9.74,9.886,2.75,62.715,7.387,12.818,10.481,13.555,11.351,20.019,15.795,False
ML5,41,2025-10-10 12:00:00,2025-10-10 12:10:05,2025-10-10 12:26:07,2025-10-10 12:18:06.000,16.03,40.13,22.6,470.59,32.38,20.78,0.79,221.33,60.11,115.35,2.062,Esteso_Top_Diretto_Bottom,12.389,38.96,13.579,11.82,10.593,6.88,13.173,2.3,12.452,70.3,9.25,1.84,44.863,2.14,9.68,4.16,65.186,7.533,13.842,10.151,12.124,11.491,20.839,16.207,False
ML5,42,2025-10-10 13:00:00,2025-10-10 13:10:05,2025-10-10 13:26:40,2025-10-10 13:18:22.500,16.58,41.14,22.53,470.17,32.21,20.67,0.786,243.76,62.45,123.38,2.091,Esteso_Top_Diretto_Bottom,21.67,40.63,13.655,14.39,10.609,7.25,13.255,2.41,12.278,77.61,9.214,1.89,40.666,8.42,9.541,4.51,66.778,7.309,13.99,9.428,14.642,11.446,19.698,15.929,False
ML5,43,2025-10-10 14:00:00,2025-10-10 14:10:05,2025-10-10 14:26:54,2025-10-10 14:18:29.500,16.82,42.14,22.53,469.76,32.05,20.56,0.782,266.12,64.84,131.36,2.118,Esteso_Top_Diretto_Bottom,15.956,33.25,13.886,16.29,10.595,7.93,13.699,5.53,12.421,77.92,9.202,2.21,38.828,13.79,9.65,4.34,68.905,7.397,14.599,9.54,13.29,11.612,19.357,16.323,False
ML5,44,2025-10-10 15:00:00,2025-10-10 15:10:05,2025-10-10 15:26:40,2025-10-10 15:18:22.500,16.58,43.14,22.58,469.36,31.89,20.46,0.778,288.4,67.31,139.33,2.144,Esteso_Top_Diretto_Bottom,18.01,183.44,13.922,16.33,10.444,6.53,14.004,9.31,11.413,77.81,9.185,2.45,38.856,16.11,9.634,1.41,70.841,7.541,14.573,9.781,13.784,11.365,19.348,16.612,False
ML5,45,2025-10-10 16:00:00,2025-10-10 16:10:05,2025-10-10 16:26:53,2025-10-10 16:18:29.000,16.8,44.14,22.63,468.98,31.74,20.36,0.774,310.77,69.77,147.24,2.168,Esteso_Top_Diretto_Bottom,57.356,53.36,14.012,18.1,10.465,3.92,14.501,16.65,12.473,96.28,9.184,2.72,41.324,13.16,9.588,1.61,73.223,7.189,14.528,9.833,20.336,11.843,19.905,16.56,False
ML5,46,2025-10-10 17:00:00,2025-10-10 17:10:05,2025-10-10 17:26:45,2025-10-10 17:18:25.000,16.67,45.14,22.64,468.59,31.58,20.26,0.77,333.07,72.4,155.29,2.191,Esteso_Top_Diretto_Bottom,61.968,3.85,14.536,23.8,9.471,12.93,14.769,21.19,11.673,93.56,9.189,2.58,40.228,25.0,9.608,0.67,75.529,7.131,16.152,9.952,20.433,11.657,19.66,17.153,False
ML5,47,2025-10-10 18:00:00,2025-10-10 18:10:05,2025-10-10 18:26:38,2025-10-10 18:18:21.500,16.55,46.14,22.69,468.22,31.43,20.17,0.767,355.37,75.07,163.34,2.213,Esteso_Top_Diretto_Bottom,49.526,81.4,14.892,28.86,9.296,20.38,15.252,25.97,12.434,104.33,9.185,1.79,35.951,37.07,9.65,3.79,78.218,7.274,16.287,10.041,18.997,12.032,18.626,17.465,False
ML5,48,2025-10-10 19:00:00,2025-10-10 19:10:05,2025-10-10 19:26:39,2025-10-10 19:18:22.000,16.57,47.14,22.67,467.87,31.29,20.08,0.763,377.69,77.85,171.47,2.234,Esteso_Top_Diretto_Bottom,67.551,99.4,15.014,28.01,9.579,8.96,15.507,28.06,11.148,98.54,9.153,2.83,27.189,0.95,9.5,0.13,79.423,7.305,16.691,10.161,21.338,11.653,16.072,17.711,False
ML5,49,2025-10-10 20:00:00,2025-10-10 20:10:05,2025-10-10 20:27:21,2025-10-10 20:18:43.000,17.27,48.14,22.68,467.53,31.16,19.99,0.76,400.15,80.78,179.79,2.255,Esteso_Top_Diretto_Bottom,76.008,111.4,14.713,24.33,9.139,15.44,15.495,27.55,11.058,103.88,9.16,3.48,24.897,7.61,9.636,1.69,79.793,7.264,15.894,10.179,21.701,11.621,15.489,17.499,False
ML5,50,2025-10-10 21:00:00,2025-10-10 21:10:05,2025-10-10 21:27:29,2025-10-10 21:18:47.000,17.4,49.15,22.6,467.14,31.0,19.89,0.756,422.49,83.83,188.2,2.275,Esteso_Top_Diretto_Bottom,92.663,57.22,14.729,24.62,8.412,30.08,15.918,31.53,11.077,108.85,9.238,1.99,18.649,1.0,9.412,8.22,78.675,7.41,18.172,10.388,22.559,11.766,13.249,18.214,False
ML5,51,2025-10-10 22:00:00,2025-10-10 22:10:05,2025-10-10 22:27:13,2025-10-10 22:18:39.000,17.13,50.14,22.51,466.74,30.84,19.79,0.752,444.77,86.72,196.4,2.293,Esteso_Top_Diretto_Bottom,133.962,8.25,14.738,23.91,8.961,23.87,15.808,27.47,10.666,122.51,9.232,2.9,15.063,1.63,9.408,1.89,78.369,7.393,18.751,10.489,26.057,11.589,11.904,18.373,False
ML5,52,2025-10-10 23:00:00,2025-10-10 23:10:05,2025-10-10 23:27:19,2025-10-10 23:18:42.000,17.23,51.14,22.44,466.34,30.68,19.69,0.748,467.11,89.87,204.88,2.312,Esteso_Top_Diretto_Bottom,340.745,9.24,14.582,22.02,7.896,53.81,16.575,37.36,11.254,129.72,9.201,3.88,9.68,8.67,9.172,3.66,78.966,7.28,20.565,10.606,33.98,11.973,9.423,18.818,False
ML5,53,2025-10-11 00:00:00,2025-10-11 00:10:05,2025-10-11 00:27:02,2025-10-11 00:18:33.500,16.95,52.14,22.39,465.94,30.52,19.58,0.744,489.38,92.95,213.27,2.329,Esteso_Top_Diretto_Bottom,364.2,21.89,14.624,21.87,8.041,56.59,16.235,30.77,10.329,137.83,9.319,3.96,8.643,5.17,9.185,0.44,78.179,7.293,22.458,10.721,34.987,11.605,8.91,19.249,False
ML5,54,2025-10-11 01:00:00,2025-10-11 01:10:05,2025-10-11 01:27:25,2025-10-11 01:18:45.000,17.33,53.14,22.38,465.55,30.37,19.48,0.741,511.78,96.11,221.78,2.346,Esteso_Top_Diretto_Bottom,540.576,16.8,14.285,18.38,7.876,58.5,15.601,22.87,10.35,144.5,9.315,4.2,7.339,25.92,9.129,1.23,76.888,7.324,24.514,10.735,39.326,11.458,8.185,19.62,False
ML5,55,2025-10-11 02:00:00,2025-10-11 02:10:05,2025-10-11 02:28:02,2025-10-11 02:19:03.500,17.95,54.15,22.35,465.16,30.21,19.38,0.737,534.21,99.46,230.51,2.363,Esteso_Top_Diretto_Bottom,641.807,15.3,14.242,16.49,7.225,64.69,15.319,18.1,10.443,150.04,9.343,3.89,16.208,136.43,9.279,0.26,74.829,7.329,25.84,10.929,40.421,11.434,12.264,19.838,False
ML5,56,2025-10-11 03:00:00,2025-10-11 03:10:05,2025-10-11 03:27:52,2025-10-11 03:18:58.500,17.78,55.15,22.35,464.78,30.05,19.28,0.733,556.51,102.8,239.18,2.379,Esteso_Top_Diretto_Bottom,741.149,16.34,14.19,12.34,8.162,37.4,15.21,16.55,9.847,154.63,9.47,4.55,12.805,139.81,9.13,0.74,74.552,7.334,26.711,11.054,44.112,11.236,10.812,20.045,False
ML5,57,2025-10-11 04:00:00,2025-10-11 04:10:05,2025-10-11 04:28:27,2025-10-11 04:19:16.000,18.37,56.15,22.34,464.41,29.91,19.19,0.729,578.94,106.31,248.09,2.395,Esteso_Top_Diretto_Bottom,808.139,25.28,14.01,9.16,7.723,45.69,15.138,16.63,9.626,161.45,9.386,4.88,21.847,150.56,9.182,0.09,71.86,7.338,27.619,11.106,44.385,11.1,14.163,20.054,False
ML5,58,2025-10-11 05:00:00,2025-10-11 05:10:05,2025-10-11 05:28:40,2025-10-11 05:19:22.500,18.58,57.15,22.34,464.04,29.76,19.09,0.726,601.3,110.03,257.22,2.41,Esteso_Top_Diretto_Bottom,846.937,14.37,13.827,9.44,7.494,43.76,15.466,18.21,9.47,174.43,9.396,5.76,10.805,43.98,9.105,0.58,70.067,7.36,30.049,11.18,44.439,11.123,9.919,20.402,False
ML5,59,2025-10-11 06:00:00,2025-10-11 06:10:05,2025-10-11 06:29:02,2025-10-11 06:19:33.500,18.95,58.16,22.36,463.68,29.61,19.0,0.722,623.69,113.93,266.56,2.426,Esteso_Top_Diretto_Bottom,818.668,21.18,13.635,5.18,7.1,48.13,16.416,28.19,8.999,192.29,9.278,6.54,15.633,19.29,9.062,1.15,69.1,7.394,30.334,11.303,42.954,11.108,11.902,20.458,False
ML5,60,2025-10-11 07:00:00,2025-10-11 07:10:05,2025-10-11 07:29:13,2025-10-11 07:19:39.000,19.13,59.16,22.34,463.32,29.47,18.91,0.719,646.05,117.78,275.85,2.441,Esteso_Top_Diretto_Bottom,851.199,24.58,13.719,3.39,7.978,19.76,16.978,37.41,7.968,190.72,9.233,8.43,26.06,7.89,9.107,0.63,67.862,7.398,30.911,11.477,45.333,10.769,15.405,20.543,False
ML5,61,2025-10-11 08:00:00,2025-10-11 08:10:05,2025-10-11 08:29:11,2025-10-11 08:19:38.000,19.1,60.16,22.35,462.97,29.33,18.82,0.715,668.37,121.73,285.24,2.455,Esteso_Top_Diretto_Bottom,837.392,15.85,13.777,3.39,7.199,24.31,17.785,44.84,8.605,173.3,9.13,10.06,34.477,6.38,9.038,0.68,66.123,7.451,31.87,11.632,43.63,11.18,17.652,20.673,False
ML5,62,2025-10-11 09:00:00,2025-10-11 09:10:05,2025-10-11 09:29:08,2025-10-11 09:19:36.500,19.05,61.16,22.33,462.61,29.19,18.73,0.712,690.68,125.99,294.98,2.47,Esteso_Top_Diretto_Bottom,1028.969,31.17,13.193,4.49,6.534,43.48,18.315,48.77,12.972,93.67,8.977,11.94,52.239,10.9,9.006,2.24,64.177,7.466,33.757,11.751,44.597,12.872,21.69,20.88,False
ML5,63,2025-10-11 10:00:00,2025-10-11 10:10:05,2025-10-11 10:29:02,2025-10-11 10:19:33.500,18.95,62.16,22.35,462.26,29.05,18.64,0.708,712.99,130.32,304.82,2.484,Esteso_Top_Diretto_Bottom,961.323,1.13,12.924,11.17,6.829,22.82,18.165,47.09,8.785,196.65,9.216,10.5,49.57,7.77,9.125,1.3,61.992,7.497,35.218,11.776,43.941,11.372,21.268,20.953,False
ML5,64,2025-10-11 11:00:00,2025-10-11 11:10:05,2025-10-11 11:29:14,2025-10-11 11:19:39.500,19.15,63.16,22.37,461.89,28.9,18.54,0.705,735.35,134.73,314.75,2.498,Esteso_Top_Diretto_Bottom,592.611,124.99,12.73,23.67,6.216,37.68,18.51,49.43,9.547,174.45,9.133,11.27,65.887,4.03,8.992,1.86,64.83,7.516,19.018,11.839,36.061,11.73,24.34,18.2,False
ML5,65,2025-10-11 12:00:00,2025-10-11 12:10:05,2025-10-11 12:29:20,2025-10-11 12:19:42.500,19.25,64.16,22.37,461.52,28.75,18.45,0.701,757.69,139.51,325.12,2.512,Esteso_Top_Diretto_Bottom,838.402,10.96,12.881,14.09,5.58,34.8,18.979,52.59,9.341,163.94,9.081,13.33,64.608,5.73,9.131,2.55,62.563,7.516,32.167,11.98,39.205,11.72,24.289,20.632,False
ML5,66,2025-10-11 13:00:00,2025-10-11 13:10:05,2025-10-11 13:28:54,2025-10-11 13:19:29.500,18.82,65.16,22.41,461.16,28.61,18.36,0.698,779.93,144.39,335.58,2.526,Esteso_Top_Diretto_Bottom,599.625,90.96,11.956,30.09,3.165,194.27,17.956,44.75,12.352,99.17,9.367,9.74,48.519,10.95,9.047,1.95,57.193,7.518,17.919,11.924,28.31,12.76,20.951,17.41,False
ML5,67,2025-10-11 14:00:00,2025-10-11 14:10:05,2025-10-11 14:28:22,2025-10-11 14:19:13.500,18.28,66.15,22.49,460.8,28.46,18.26,0.694,802.15,149.26,346.02,2.539,Esteso_Top_Diretto_Bottom,276.562,10.06,11.903,31.24,3.91,68.71,18.408,45.73,13.251,82.39,9.231,10.69,59.63,8.29,9.141,1.14,57.508,7.54,17.983,12.059,23.436,13.107,23.347,17.511,False
ML5,68,2025-10-11 15:00:00,2025-10-11 15:10:05,2025-10-11 15:28:21,2025-10-11 15:19:13.000,18.27,67.15,22.53,460.44,28.32,18.17,0.691,824.47,154.52,356.93,2.553,Esteso_Top_Diretto_Bottom,261.019,35.09,12.026,29.63,5.072,24.05,18.457,44.51,14.135,72.4,9.351,10.6,49.968,15.74,9.067,1.05,59.37,7.532,17.966,12.168,25.157,13.462,21.285,17.682,False
ML5,69,2025-10-11 16:00:00,2025-10-11 16:10:05,2025-10-11 16:29:04,2025-10-11 16:19:34.500,18.98,68.16,22.52,460.08,28.18,18.08,0.687,846.93,160.13,368.26,2.566,Esteso_Top_Diretto_Bottom,433.792,41.36,14.655,11.83,1.608,184.1,18.887,49.11,15.145,54.13,9.029,17.02,68.1,9.26,9.202,0.79,62.61,7.55,18.819,12.217,21.703,13.72,25.033,18.157,False
ML5,70,2025-10-11 17:00:00,2025-10-11 17:10:05,2025-10-11 17:28:51,2025-10-11 17:19:28.000,18.77,69.16,22.49,459.72,28.03,17.99,0.684,869.21,165.8,379.63,2.579,Esteso_Top_Diretto_Bottom,389.638,20.0,14.433,13.24,0.54,194.23,18.334,43.31,15.89,47.77,9.498,10.51,56.398,14.46,9.364,0.03,58.742,7.577,19.939,12.441,14.481,14.039,22.981,18.229,False
ML5,71,2025-10-11 18:00:00,2025-10-11 18:10:05,2025-10-11 18:28:36,2025-10-11 18:19:20.500,18.52,70.15,22.49,459.37,27.89,17.89,0.68,891.49,171.5,389.61,2.591,Oltre_Air_Entry_Top,389.55,5.95,14.766,9.0,5.959,38.68,19.311,49.07,16.417,31.86,8.813,28.43,79.467,7.52,9.494,0.29,57.544,7.552,21.79,12.487,32.484,14.084,27.467,18.544,False
ML5,72,2025-10-11 19:00:00,2025-10-11 19:10:13,2025-10-11 19:29:35,2025-10-11 19:19:54.000,19.37,71.16,22.45,458.99,27.74,17.8,0.677,914.02,178.06,399.2,2.601,Oltre_Air_Entry_Top,734.153,51.48,14.9,7.58,9.591,69.7,18.1,40.05,17.897,35.52,9.185,20.24,64.832,10.62,9.738,0.86,48.269,7.572,26.715,12.88,47.164,14.383,25.126,18.832,False
ML5,73,2025-10-11 20:00:00,2025-10-11 20:10:09,2025-10-11 20:30:28,2025-10-11 20:20:18.500,20.32,72.17,22.47,458.64,27.6,17.71,0.673,936.5,184.69,408.77,2.611,Oltre_Air_Entry_Top,1138.798,2.04,14.697,11.08,18.086,19.57,20.662,59.84,18.488,10.91,8.199,45.6,43.34,14.56,9.9,1.45,42.182,7.615,31.776,12.8,67.144,14.631,20.714,19.012,False
ML5,74,2025-10-11 21:00:00,2025-10-11 21:10:08,2025-10-11 21:30:16,2025-10-11 21:20:12.000,20.13,73.17,22.47,458.31,27.47,17.62,0.67,958.78,192.82,418.26,2.621,Oltre_Air_Entry_Top,700.85,92.39,15.102,5.54,16.92,34.62,17.792,34.28,19.551,1.54,9.304,20.24,5.383,180.16,9.717,3.9,8.226,7.872,19.881,13.167,56.366,14.792,7.232,11.41,False
ML5,75,2025-10-11 22:00:00,2025-10-11 22:10:08,2025-10-11 22:29:41,2025-10-11 22:19:54.500,19.55,74.16,22.44,457.96,27.33,17.53,0.667,980.99,206.54,427.72,2.631,Oltre_Air_Entry_Top,1005.974,64.23,14.534,3.99,24.071,17.1,19.566,51.3,23.215,14.53,8.13,47.73,29.869,40.37,9.675,2.28,15.729,7.883,23.277,14.455,70.603,15.457,16.999,14.292,False
ML5,76,2025-10-11 23:00:00,2025-10-11 23:10:09,2025-10-11 23:29:56,2025-10-11 23:20:02.500,19.78,75.17,22.42,457.61,27.19,17.44,0.663,1003.37,220.35,437.25,2.641,Oltre_Air_Entry_Top,1396.506,20.18,14.355,2.59,29.263,19.44,22.443,70.73,26.965,22.84,7.935,53.83,36.134,32.05,9.658,2.89,18.502,7.841,24.89,15.632,83.712,16.871,18.681,15.414,False
ML5,77,2025-10-12 00:00:00,2025-10-12 00:10:08,2025-10-12 00:29:16,2025-10-12 00:19:42.000,19.13,76.16,22.37,457.25,27.04,17.35,0.66,1025.56,234.06,446.7,2.65,Oltre_Air_Entry_Top,1924.729,17.08,14.983,11.52,34.64,25.24,17.916,37.19,36.076,24.51,8.622,38.34,27.752,62.13,9.705,4.0,13.973,7.838,24.273,16.716,99.965,17.729,16.411,14.519,False
ML5,78,2025-10-12 01:00:00,2025-10-12 01:10:08,2025-10-12 01:29:30,2025-10-12 01:19:49.000,19.37,77.16,22.38,456.9,26.91,17.26,0.656,1047.93,247.87,456.23,2.659,Oltre_Air_Entry_Top,1938.067,4.08,13.537,2.18,38.551,32.42,17.742,32.95,41.522,11.19,8.223,53.95,16.36,82.88,9.688,4.92,8.633,7.834,26.51,17.501,100.379,18.229,12.59,13.309,False
ML5,79,2025-10-12 02:00:00,2025-10-12 02:10:08,2025-10-12 02:29:40,2025-10-12 02:19:54.000,19.53,78.16,22.35,456.56,26.77,17.18,0.653,1070.28,261.67,465.75,2.668,Oltre_Air_Entry_Top,2167.641,2.45,14.216,3.76,43.551,32.02,14.699,1.54,54.162,10.91,10.133,6.79,31.014,51.4,9.745,5.68,48.108,7.807,27.926,18.008,110.303,20.056,17.385,20.847,False
ML5,80,2025-10-12 03:00:00,2025-10-12 03:10:08,2025-10-12 03:29:27,2025-10-12 03:19:47.500,19.32,79.16,22.33,456.22,26.63,17.09,0.65,1092.57,275.43,475.24,2.677,Oltre_Air_Entry_Top,1665.633,48.79,14.141,11.7,50.002,30.42,15.57,8.69,69.13,16.98,9.884,13.14,37.238,36.56,9.75,4.2,43.686,7.822,27.18,18.196,105.604,21.994,19.054,20.275,False
ML5,81,2025-10-12 04:00:00,2025-10-12 04:10:09,2025-10-12 04:29:58,2025-10-12 04:20:03.500,19.82,80.17,22.3,455.87,26.49,17.0,0.646,1114.99,289.27,484.78,2.686,Oltre_Air_Entry_Top,2757.726,11.6,13.871,12.54,59.687,11.94,15.474,7.54,84.008,14.86,10.367,3.57,65.631,57.52,10.014,2.72,64.777,7.722,29.448,19.334,131.678,23.797,25.636,23.101,False
ML5,82,2025-10-12 05:00:00,2025-10-12 05:10:08,2025-10-12 05:29:25,2025-10-12 05:19:46.500,19.28,81.16,22.28,455.53,26.36,16.91,0.643,1137.21,302.99,494.25,2.694,Oltre_Air_Entry_Top,2499.089,7.72,13.599,9.91,63.922,17.89,15.155,1.45,95.134,11.3,10.318,5.13,67.491,60.98,9.915,5.38,49.18,7.773,25.994,20.821,129.513,24.594,25.868,21.327,False
ML5,83,2025-10-12 06:00:00,2025-10-12 06:10:08,2025-10-12 06:29:43,2025-10-12 06:19:55.500,19.58,82.16,22.28,455.19,26.22,16.82,0.639,1159.59,316.81,503.78,2.702,Oltre_Air_Entry_Top,1892.403,83.34,13.386,9.93,71.601,16.38,15.083,0.69,92.756,13.6,10.572,0.85,74.992,57.57,10.09,4.28,64.684,7.761,32.966,21.235,121.954,24.547,27.508,24.348,False
ML5,84,2025-10-12 07:00:00,2025-10-12 07:10:09,2025-10-12 07:29:31,2025-10-12 07:19:50.000,19.37,83.16,22.26,454.86,26.09,16.74,0.636,1181.88,330.57,513.27,2.71,Oltre_Air_Entry_Top,2981.253,6.03,13.197,11.72,76.858,7.22,15.12,0.13,101.721,17.15,10.633,0.02,86.228,53.56,10.241,2.23,89.339,7.749,36.058,20.363,144.606,25.383,29.716,26.701,False
ML5,85,2025-10-12 08:00:00,2025-10-12 08:10:08,2025-10-12 08:29:43,2025-10-12 08:19:55.500,19.58,84.16,22.25,454.53,25.96,16.65,0.633,1204.23,344.38,522.79,2.718,Oltre_Air_Entry_Top,3330.612,40.58,13.728,31.58,82.508,3.27,15.141,0.17,111.979,22.7,10.71,0.37,94.019,54.28,10.294,1.51,117.209,7.79,41.455,20.885,155.672,26.284,31.11,29.818,False
ML5,86,2025-10-12 09:00:00,2025-10-12 09:10:08,2025-10-12 09:29:17,2025-10-12 09:19:42.500,19.15,85.16,22.25,454.21,25.83,16.57,0.63,1226.48,358.11,532.26,2.726,Oltre_Air_Entry_Top,3270.435,6.69,11.8,43.6,89.209,4.71,15.23,0.24,130.705,26.36,10.724,0.02,97.468,44.28,10.301,1.59,146.534,7.746,43.902,24.822,150.996,27.741,31.686,33.349,False
ML5,87,2025-10-12 10:00:00,2025-10-12 10:10:08,2025-10-12 10:29:13,2025-10-12 10:19:40.500,19.08,86.16,22.26,453.88,25.7,16.49,0.627,1248.79,371.89,541.76,2.734,Oltre_Air_Entry_Top,3564.442,20.11,13.657,49.27,96.158,4.73,15.233,0.06,140.823,29.26,10.732,0.47,104.446,48.18,10.496,1.72,153.167,7.722,48.242,22.666,167.28,28.448,33.11,33.723,False
ML5,88,2025-10-12 11:00:00,2025-10-12 11:10:08,2025-10-12 11:29:04,2025-10-12 11:19:36.000,18.93,87.16,22.3,453.56,25.57,16.4,0.624,1271.08,385.65,551.26,2.741,Oltre_Air_Entry_Top,3765.969,7.81,12.869,50.76,101.238,0.36,15.229,0.58,157.967,30.04,10.738,0.66,113.787,40.64,10.46,0.92,165.189,7.681,47.767,24.235,169.924,29.561,34.499,34.813,False
ML5,89,2025-10-12 12:00:00,2025-10-12 12:10:08,2025-10-12 12:29:08,2025-10-12 12:19:38.000,19.0,88.16,22.32,453.24,25.44,16.32,0.621,1293.42,399.44,560.77,2.749,Oltre_Air_Entry_Top,3863.346,0.89,12.527,51.72,97.36,3.58,15.256,1.37,176.867,28.88,10.72,2.4,133.378,28.88,10.645,1.15,133.446,7.572,48.126,24.3,167.648,30.697,37.68,32.971,False
ML5,90,2025-10-12 13:00:00,2025-10-12 13:10:08,2025-10-12 13:29:06,2025-10-12 13:19:37.000,18.97,89.16,22.39,452.94,25.32,16.25,0.618,1315.73,413.22,570.27,2.756,Oltre_Air_Entry_Top,3904.052,17.35,12.268,65.98,109.548,2.91,15.207,0.55,198.813,30.74,10.716,2.1,155.803,26.72,10.639,1.41,98.93,7.602,44.538,23.064,173.766,31.879,40.713,29.647,False
ML5,91,2025-10-12 14:00:00,2025-10-12 14:10:09,2025-10-12 14:29:27,2025-10-12 14:19:48.000,19.3,90.16,22.48,452.65,25.21,16.17,0.615,1338.13,427.05,579.81,2.763,Oltre_Air_Entry_Top,4203.488,4.06,13.016,71.67,113.47,1.73,15.202,0.88,201.922,23.31,10.79,1.9,148.723,24.69,10.619,0.41,112.394,7.603,47.935,24.961,183.79,32.115,39.74,31.799,False
ML5,92,2025-10-12 15:00:00,2025-10-12 15:10:09,2025-10-12 15:29:24,2025-10-12 15:19:46.500,19.25,91.16,22.55,452.38,25.09,16.1,0.612,1360.44,440.82,589.31,2.77,Oltre_Air_Entry_Top,4314.019,8.6,12.073,49.08,111.487,0.92,15.155,0.71,230.536,30.96,10.835,1.79,158.445,27.28,10.61,0.17,78.41,7.631,51.767,23.745,179.738,33.577,41.001,29.285,False
ML5,93,2025-10-12 16:00:00,2025-10-12 16:10:09,2025-10-12 16:29:38,2025-10-12 16:19:53.500,19.48,92.16,22.59,452.1,24.98,16.03,0.609,1382.81,454.63,598.83,2.777,Oltre_Air_Entry_Top,3296.054,56.52,13.61,41.92,119.447,1.22,15.09,1.12,273.91,33.12,10.799,1.29,168.414,24.08,10.734,0.25,67.843,7.691,34.887,24.441,174.988,35.473,42.518,25.827,False
ML5,94,2025-10-12 17:00:00,2025-10-12 17:10:09,2025-10-12 17:30:01,2025-10-12 17:20:05.000,19.87,93.17,22.62,451.84,24.88,15.96,0.607,1405.2,468.46,608.37,2.784,Oltre_Air_Entry_Top,2273.463,6.07,12.371,43.2,121.226,1.42,15.237,1.73,301.909,29.72,10.851,0.79,166.086,28.2,10.744,0.15,59.211,7.73,35.866,26.178,150.509,36.82,42.242,25.604,False
ML5,95,2025-10-12 18:00:00,2025-10-12 18:10:09,2025-10-12 18:29:33,2025-10-12 18:19:51.000,19.4,94.16,22.72,451.6,24.78,15.9,0.604,1427.44,482.19,617.84,2.791,Oltre_Air_Entry_Top,2218.521,6.28,11.978,40.06,125.266,1.87,15.067,1.69,355.851,37.79,10.849,0.41,139.323,31.5,10.727,0.35,49.359,7.731,9.203,27.031,149.312,38.746,38.659,17.553,False
ML5,96,2025-10-12 19:00:00,2025-10-12 19:10:09,2025-10-12 19:29:18,2025-10-12 19:19:43.500,19.15,95.16,22.71,451.34,24.68,15.84,0.602,1449.71,495.95,627.33,2.797,Oltre_Air_Entry_Top,2046.848,10.98,11.424,44.42,127.51,0.62,15.069,3.63,407.818,49.48,10.87,0.38,142.321,33.19,10.766,0.27,53.241,7.723,29.796,29.818,143.929,40.575,39.144,24.585,False
ML5,97,2025-10-12 20:00:00,2025-10-12 20:10:09,2025-10-12 20:29:27,2025-10-12 20:19:48.000,19.3,96.16,22.72,451.09,24.58,15.77,0.6,1472.07,509.75,636.84,2.804,Oltre_Air_Entry_Top,1730.77,45.59,11.757,76.65,130.088,3.0,15.094,3.41,494.293,66.11,10.908,0.14,134.385,32.78,10.79,2.33,62.151,7.725,31.471,25.165,138.333,43.336,38.079,24.832,False
ML5,98,2025-10-12 21:00:00,2025-10-12 21:10:09,2025-10-12 21:29:19,2025-10-12 21:19:44.000,19.17,97.16,22.69,450.84,24.48,15.71,0.597,1494.36,523.51,646.34,2.81,Oltre_Air_Entry_Top,1718.225,43.42,11.674,85.24,142.15,2.12,14.884,4.98,468.155,53.65,10.828,0.67,175.763,20.32,10.876,1.04,77.481,7.699,32.851,29.555,141.802,42.256,43.722,27.587,False
ML5,99,2025-10-12 22:00:00,2025-10-12 22:10:09,2025-10-12 22:29:38,2025-10-12 22:19:53.500,19.48,98.16,22.65,450.57,24.37,15.64,0.594,1516.75,537.33,655.87,2.817,Oltre_Air_Entry_Top,1821.19,45.51,11.909,98.17,152.351,0.59,14.807,6.47,452.687,45.77,10.908,1.17,134.178,35.54,11.11,0.06,93.392,7.705,30.545,28.645,148.945,41.815,38.61,28.169,False
ML5,100,2025-10-12 23:00:00,2025-10-12 23:10:09,2025-10-12 23:28:59,2025-10-12 23:19:34.000,18.83,99.16,22.62,450.31,24.27,15.57,0.592,1538.95,551.04,665.33,2.823,Oltre_Air_Entry_Top,1451.282,83.87,9.766,98.93,156.64,0.31,14.873,4.82,461.468,47.6,10.993,1.3,182.126,13.86,11.121,0.16,93.07,7.679,29.972,30.196,130.454,42.256,45.005,28.359,False
ML5,101,2025-10-13 00:00:00,2025-10-13 00:10:09,2025-10-13 00:28:58,2025-10-13 00:19:33.500,18.82,100.16,22.58,450.06,24.17,15.51,0.589,1561.27,564.82,674.83,2.829,Oltre_Air_Entry_Top,1676.699,87.31,11.541,95.73,163.337,2.44,14.832,7.62,464.663,47.77,11.013,1.56,194.779,13.37,10.835,1.25,78.898,7.772,30.952,31.288,146.755,42.34,45.939,27.76,False
ML5,102,2025-10-13 01:00:00,2025-10-13 01:10:09,2025-10-13 01:29:05,2025-10-13 01:19:37.000,18.93,101.16,22.57,449.79,24.06,15.44,0.587,1583.61,578.62,684.35,2.835,Oltre_Air_Entry_Top,1776.565,81.0,11.502,87.33,169.648,1.67,14.605,8.9,496.799,54.52,11.006,1.72,219.519,8.72,10.988,1.06,86.898,7.849,34.653,33.802,151.345,43.063,49.113,29.897,False
ML5,103,2025-10-13 02:00:00,2025-10-13 02:10:09,2025-10-13 02:28:53,2025-10-13 02:19:31.000,18.73,102.16,22.52,449.53,23.96,15.37,0.584,1605.9,592.38,693.84,2.841,Oltre_Air_Entry_Top,1553.183,80.43,10.867,123.29,185.793,1.35,14.436,9.44,558.926,71.38,11.01,0.78,234.626,10.08,11.15,0.84,102.457,7.78,33.106,33.615,146.371,44.62,51.148,30.69,False
ML5,104,2025-10-13 03:00:00,2025-10-13 03:10:09,2025-10-13 03:28:51,2025-10-13 03:19:30.000,18.7,103.16,22.5,449.26,23.85,15.3,0.582,1628.22,606.16,703.34,2.847,Oltre_Air_Entry_Top,1547.665,74.79,10.701,114.7,190.428,2.76,14.346,12.7,587.894,49.51,10.904,2.39,262.765,9.74,11.128,1.27,101.09,7.831,35.742,35.599,146.648,45.138,54.074,31.68,False
ML5,105,2025-10-13 04:00:00,2025-10-13 04:10:09,2025-10-13 04:29:30,2025-10-13 04:19:49.500,19.35,104.16,22.49,449.0,23.74,15.23,0.579,1650.66,620.02,712.9,2.853,Oltre_Air_Entry_Top,1385.775,100.72,10.793,127.95,200.461,4.89,14.786,22.87,611.306,58.4,10.819,5.71,298.981,9.64,11.109,0.18,115.839,7.864,38.99,35.922,144.197,46.071,57.631,33.609,False
ML5,106,2025-10-13 05:00:00,2025-10-13 05:10:09,2025-10-13 05:30:22,2025-10-13 05:20:15.500,20.22,105.17,22.48,448.73,23.64,15.17,0.576,1673.15,633.9,722.47,2.859,Oltre_Air_Entry_Top,1419.773,106.87,11.5,121.32,217.98,2.1,16.408,46.83,616.382,63.16,10.564,11.19,353.037,4.52,11.127,1.56,129.001,7.792,39.738,32.844,152.678,47.451,62.676,33.844,False
ML5,107,2025-10-13 06:00:00,2025-10-13 06:10:09,2025-10-13 06:29:26,2025-10-13 06:19:47.500,19.28,106.16,22.49,448.48,23.54,15.1,0.574,1695.29,647.58,731.91,2.864,Oltre_Air_Entry_Top,1920.668,57.19,10.835,144.41,227.738,3.24,16.883,60.06,695.12,72.19,10.283,16.79,406.65,3.83,11.244,2.5,129.575,7.765,38.078,34.343,167.973,49.417,67.619,33.868,False
ML5,108,2025-10-13 07:00:00,2025-10-13 07:10:09,2025-10-13 07:29:21,2025-10-13 07:19:45.000,19.2,107.16,22.48,448.22,23.43,15.03,0.572,1717.6,661.35,741.41,2.87,Oltre_Air_Entry_Top,1640.33,70.26,9.978,191.28,245.809,30.58,15.686,45.56,611.447,39.52,10.919,5.56,326.912,5.48,11.179,1.44,138.71,7.777,38.543,36.455,159.047,47.136,60.453,35.088,False
ML5,109,2025-10-13 08:00:00,2025-10-13 08:10:09,2025-10-13 08:29:24,2025-10-13 08:19:46.500,19.25,108.16,22.5,447.96,23.33,14.97,0.569,1739.94,675.14,750.92,2.876,Oltre_Air_Entry_Top,1774.528,26.67,9.524,182.31,261.768,17.54,13.601,14.61,635.237,37.45,11.077,0.97,308.134,25.6,11.342,1.86,186.341,7.749,37.315,45.853,164.162,45.741,59.117,39.646,False
ML5,110,2025-10-13 09:00:00,2025-10-13 09:10:09,2025-10-13 09:28:48,2025-10-13 09:19:28.500,18.65,109.16,22.52,447.71,23.23,14.9,0.567,1762.15,688.85,760.37,2.881,Oltre_Air_Entry_Top,1435.278,63.25,9.406,178.43,277.359,18.63,13.982,14.84,646.381,42.65,11.076,3.09,292.952,30.04,11.222,0.68,205.434,7.728,39.482,36.799,155.284,46.432,57.337,38.971,False
ML5,111,2025-10-13 10:00:00,2025-10-13 10:10:09,2025-10-13 10:29:08,2025-10-13 10:19:38.500,18.98,110.16,22.57,447.46,23.13,14.84,0.564,1784.53,702.67,769.91,2.886,Oltre_Air_Entry_Top,1891.526,21.05,10.042,192.0,279.024,20.04,13.675,9.16,610.154,42.46,11.171,2.85,307.404,25.23,11.367,3.37,193.544,7.795,34.187,33.959,174.351,45.34,59.112,36.379,False
ML5,112,2025-10-13 11:00:00,2025-10-13 11:10:09,2025-10-13 11:29:00,2025-10-13 11:19:34.500,18.85,111.16,22.61,447.2,23.02,14.77,0.562,1806.83,716.44,779.4,2.892,Oltre_Air_Entry_Top,1924.659,24.21,9.633,196.18,293.644,20.38,13.164,11.47,562.439,30.77,10.944,5.95,316.151,20.27,11.391,1.57,195.223,7.766,40.887,31.102,175.919,43.273,60.011,37.263,False
ML5,113,2025-10-13 12:00:00,2025-10-13 12:10:09,2025-10-13 12:28:43,2025-10-13 12:19:26.000,18.57,112.16,22.7,446.92,22.91,14.7,0.559,1829.1,730.19,788.89,2.897,Oltre_Air_Entry_Top,2193.336,43.83,11.002,163.81,287.495,35.88,13.356,22.47,614.962,39.81,10.799,7.7,347.885,20.39,11.414,1.95,194.799,7.774,42.176,33.257,190.723,44.597,63.014,38.176,False
ML5,114,2025-10-13 13:00:00,2025-10-13 13:10:09,2025-10-13 13:28:53,2025-10-13 13:19:31.000,18.73,113.16,22.79,446.64,22.8,14.63,0.556,1851.46,744.0,798.41,2.902,Oltre_Air_Entry_Top,2278.6,39.55,15.183,75.7,318.702,26.09,14.06,34.64,576.236,27.24,10.534,12.25,413.756,15.82,11.459,4.01,216.683,7.794,44.512,38.94,222.572,44.028,68.857,41.363,False
ML5,115,2025-10-13 14:00:00,2025-10-13 14:10:09,2025-10-13 14:29:11,2025-10-13 14:19:40.000,19.03,114.16,22.79,446.35,22.68,14.55,0.553,1873.83,757.81,807.94,2.907,Oltre_Air_Entry_Top,2065.209,49.88,13.582,124.99,323.399,27.23,14.58,47.18,540.538,8.11,10.34,17.38,429.282,7.79,11.499,2.96,283.064,7.81,37.518,37.588,208.556,43.355,70.259,42.02,False
ML5,116,2025-10-13 15:00:00,2025-10-13 15:10:09,2025-10-13 15:29:23,2025-10-13 15:19:46.000,19.23,115.16,22.86,446.08,22.58,14.49,0.551,1896.19,771.62,817.46,2.912,Oltre_Air_Entry_Top,2558.066,36.71,14.488,86.71,342.868,26.25,15.441,70.46,539.656,15.56,9.867,26.16,505.447,1.81,11.577,2.03,180.285,7.81,39.367,32.916,233.354,43.484,76.495,36.753,False
ML5,117,2025-10-13 16:00:00,2025-10-13 16:10:09,2025-10-13 16:29:17,2025-10-13 16:19:43.000,19.13,116.16,22.92,445.81,22.47,14.42,0.548,1918.5,785.39,826.96,2.917,Oltre_Air_Entry_Top,4705.177,94.96,15.356,80.55,345.764,21.25,16.057,85.62,608.162,35.06,9.514,36.25,538.67,3.28,11.428,2.12,165.646,7.845,40.522,58.779,292.333,45.291,78.46,41.944,False
ML5,118,2025-10-13 17:00:00,2025-10-13 17:10:09,2025-10-13 17:29:57,2025-10-13 17:20:03.000,19.8,117.17,22.91,445.54,22.36,14.35,0.545,1940.95,799.25,836.52,2.922,Oltre_Air_Entry_Top,5539.416,80.34,14.826,81.76,335.601,41.66,16.414,97.92,563.031,30.66,9.227,44.01,617.577,3.48,11.566,4.81,197.64,7.856,54.151,49.106,302.067,44.015,84.516,45.077,False
ML5,119,2025-10-13 18:00:00,2025-10-13 18:10:09,2025-10-13 18:29:17,2025-10-13 18:19:43.000,19.13,118.16,22.85,445.26,22.25,14.28,0.543,1963.15,812.96,845.97,2.927,Oltre_Air_Entry_Top,5145.14,98.6,16.398,89.03,356.992,35.0,16.369,93.17,553.762,19.85,9.345,42.68,535.78,5.36,11.65,2.88,204.594,7.821,49.975,41.141,311.135,43.918,79.005,42.589,False
ML5,120,2025-10-13 19:00:00,2025-10-13 19:10:09,2025-10-13 19:29:04,2025-10-13 19:19:36.500,18.92,119.16,22.8,444.99,22.14,14.21,0.54,1985.43,826.72,855.46,2.932,Oltre_Air_Entry_Top,4119.672,71.19,16.167,99.5,372.013,29.4,16.849,93.74,563.327,22.86,9.776,32.95,426.823,6.92,11.775,2.24,242.335,7.842,50.989,42.309,291.53,45.272,70.893,44.997,False
ML5,121,2025-10-13 20:00:00,2025-10-13 20:10:09,2025-10-13 20:28:48,2025-10-13 20:19:28.500,18.65,120.16,22.76,444.74,22.04,14.14,0.538,2007.7,840.47,864.94,2.937,Oltre_Air_Entry_Top,5279.594,49.56,17.129,87.78,349.59,45.88,15.429,98.74,621.906,32.15,9.404,41.78,518.091,8.45,11.805,4.03,209.765,7.874,64.939,40.169,316.201,44.853,78.205,45.56,False
ML5,122,2025-10-13 21:00:00,2025-10-13 21:11:56,2025-10-13 21:29:05,2025-10-13 21:20:30.500,17.15,121.17,22.68,444.47,21.93,14.07,0.535,2030.41,854.49,874.61,2.942,Oltre_Air_Entry_Top,3979.998,,25.635,,439.294,,15.002,100.29,598.022,28.49,11.472,,600.684,12.75,11.819,3.15,196.842,7.863,69.073,65.691,355.214,46.864,84.258,51.479,False
ML5,123,2025-10-13 22:00:00,2025-10-13 22:10:09,2025-10-13 22:29:06,2025-10-13 22:19:37.500,18.95,122.16,22.62,444.22,21.83,14.01,0.532,2052.4,868.07,883.98,2.946,Oltre_Air_Entry_Top,5115.524,26.67,17.887,92.92,439.433,5.96,18.336,137.77,590.751,22.0,7.817,84.26,724.061,15.89,11.78,2.71,194.508,7.862,74.372,44.593,342.589,43.912,92.355,47.456,False
ML5,124,2025-10-13 23:00:00,2025-10-13 23:10:09,2025-10-13 23:29:06,2025-10-13 23:19:37.500,18.95,123.16,22.54,443.95,21.72,13.94,0.53,2074.73,881.85,893.49,2.951,Oltre_Air_Entry_Top,5296.536,35.75,19.969,64.04,428.354,8.98,15.232,156.95,572.245,8.63,9.328,46.48,762.271,14.57,11.846,2.17,183.142,7.862,76.601,56.035,356.492,43.322,95.026,49.86,False
ML5,125,2025-10-14 00:00:00,2025-10-14 00:10:09,2025-10-14 00:28:12,2025-10-14 00:19:10.500,18.05,124.15,22.47,443.68,21.62,13.87,0.527,2096.88,895.53,902.92,2.956,Oltre_Air_Entry_Top,6243.093,51.67,43.633,73.52,459.603,9.05,23.663,147.1,574.157,21.52,8.262,81.59,842.506,21.2,11.844,1.42,134.714,7.888,83.75,59.254,500.264,48.239,99.893,47.92,False
ML5,126,2025-10-14 01:00:00,2025-10-14 01:10:09,2025-10-14 01:27:50,2025-10-14 01:18:59.500,17.68,125.15,22.42,443.43,21.52,13.8,0.525,2119.14,909.27,912.4,2.96,Oltre_Air_Entry_Top,6274.551,73.35,23.012,51.09,418.583,2.98,24.854,161.37,516.202,18.57,7.37,128.77,893.01,27.71,11.842,4.84,96.283,7.954,89.059,72.313,392.44,45.558,102.835,47.126,False
ML5,127,2025-10-14 02:00:00,2025-10-14 02:10:09,2025-10-14 02:27:34,2025-10-14 02:18:51.500,17.42,126.15,22.36,443.16,21.41,13.74,0.522,2141.41,923.03,921.88,2.965,Oltre_Air_Entry_Top,5832.635,69.54,22.379,36.35,412.453,7.57,15.724,147.41,489.984,6.32,6.901,141.51,1019.005,38.25,11.799,1.42,18.636,7.978,95.482,62.535,377.595,37.603,109.651,30.695,False
ML5,128,2025-10-14 03:00:00,2025-10-14 03:10:09,2025-10-14 03:27:33,2025-10-14 03:18:51.000,17.4,127.15,22.34,442.91,21.31,13.67,0.52,2163.73,936.81,931.39,2.969,Oltre_Air_Entry_Top,4560.671,89.62,23.483,31.95,423.693,9.76,17.585,159.6,458.844,14.68,6.317,155.16,886.497,64.24,12.005,2.94,220.032,8.019,105.427,77.114,356.679,37.077,103.162,61.542,False
ML5,129,2025-10-14 04:00:00,2025-10-14 04:10:13,2025-10-14 04:27:44,2025-10-14 04:18:58.500,17.52,128.15,22.34,442.67,21.21,13.61,0.517,2186.1,950.62,940.92,2.974,Oltre_Air_Entry_Top,3537.288,96.24,46.888,76.27,243.098,140.25,22.795,142.85,294.176,68.97,8.544,75.07,814.31,93.03,11.922,1.55,362.735,8.156,115.212,76.079,342.903,38.551,98.53,71.36,False
ML5,130,2025-10-14 05:00:00,2025-10-14 05:10:09,2025-10-14 05:27:51,2025-10-14 05:19:00.000,17.7,129.15,22.37,442.42,21.11,13.55,0.515,2208.43,964.41,950.43,2.978,Oltre_Air_Entry_Top,2126.987,127.64,30.987,15.38,199.934,181.99,25.221,149.25,291.192,84.45,9.372,51.79,798.291,116.97,12.084,3.85,505.691,8.181,123.763,85.592,236.198,40.982,98.217,81.363,False
ML5,131,2025-10-14 06:00:00,2025-10-14 06:10:09,2025-10-14 06:28:03,2025-10-14 06:19:06.000,17.9,130.15,22.42,442.2,21.03,13.49,0.513,2230.8,978.21,959.95,2.982,Oltre_Air_Entry_Top,969.414,95.9,44.685,73.18,167.891,140.4,26.764,154.87,265.686,71.08,9.836,35.18,671.625,181.38,11.932,0.15,631.305,8.314,140.032,108.701,193.746,41.201,89.52,94.543,False
ML5,132,2025-10-14 07:00:00,2025-10-14 07:10:09,2025-10-14 07:27:22,2025-10-14 07:18:45.500,17.22,131.14,22.47,441.98,20.94,13.43,0.511,2252.99,991.92,969.4,2.987,Oltre_Air_Entry_Top,865.783,70.48,57.609,103.36,208.831,59.02,27.77,156.09,214.806,118.51,10.056,1.25,681.703,190.69,11.741,0.58,688.546,8.402,114.931,94.88,218.389,39.146,89.464,89.121,False
ML5,133,2025-10-14 08:00:00,2025-10-14 08:10:09,2025-10-14 08:26:53,2025-10-14 08:18:31.000,16.73,132.14,22.52,441.78,20.85,13.38,0.509,2275.22,1005.65,978.87,2.991,Oltre_Air_Entry_Top,2829.752,60.54,63.1,116.02,208.037,49.57,28.463,160.64,195.577,122.77,8.358,81.65,697.606,195.3,12.047,3.06,782.0,9.6,126.895,81.611,333.662,35.967,91.674,93.9,False
ML5,134,2025-10-14 09:00:00,2025-10-14 09:10:09,2025-10-14 09:27:25,2025-10-14 09:18:47.000,17.27,133.15,22.56,441.58,20.77,13.33,0.507,2297.65,1019.49,988.42,2.995,Oltre_Air_Entry_Top,1756.042,42.71,115.894,152.74,187.283,68.14,28.552,151.5,177.254,154.67,9.043,65.23,775.885,163.08,12.335,3.9,817.485,9.73,135.137,103.168,336.536,35.77,97.829,102.619,False
ML5,135,2025-10-14 10:00:00,2025-10-14 10:10:09,2025-10-14 10:27:21,2025-10-14 10:18:45.000,17.2,134.14,22.61,441.37,20.69,13.28,0.505,2319.96,1033.27,997.92,2.999,Oltre_Air_Entry_Top,1272.191,173.53,117.479,152.25,189.619,47.96,28.475,153.49,159.346,174.25,9.847,48.26,755.277,189.48,12.494,4.23,817.743,9.705,141.263,104.042,304.882,35.484,97.141,103.923,False
ML5,136,2025-10-14 11:00:00,2025-10-14 11:10:09,2025-10-14 11:27:07,2025-10-14 11:18:38.000,16.97,135.14,22.81,441.16,20.61,13.22,0.503,2342.24,1047.02,1007.41,3.003,Oltre_Air_Entry_Top,3270.895,31.23,79.6,131.16,221.813,11.23,26.741,145.61,194.831,106.65,9.898,52.38,790.638,191.08,12.498,4.66,913.187,9.868,143.336,107.587,386.535,37.222,99.405,108.574,False
ML5,137,2025-10-14 12:00:00,2025-10-14 12:10:09,2025-10-14 12:27:22,2025-10-14 12:18:45.500,17.22,136.14,22.85,440.95,20.52,13.17,0.501,2364.61,1060.83,1016.93,3.007,Oltre_Air_Entry_Top,2134.57,78.69,99.091,144.53,197.346,55.84,31.4,149.87,194.643,102.12,11.524,22.15,831.545,189.98,12.51,3.22,985.697,9.998,147.37,101.578,346.889,41.298,101.993,110.209,False
ML5,138,2025-10-14 13:00:00,2025-10-14 13:10:09,2025-10-14 13:27:28,2025-10-14 13:18:48.500,17.32,137.15,22.98,440.73,20.44,13.11,0.498,2386.95,1074.63,1026.45,3.011,Oltre_Air_Entry_Top,2550.482,28.21,117.659,152.31,259.723,11.7,32.426,159.4,184.298,124.3,10.79,38.5,844.038,181.55,12.592,4.11,1005.092,9.991,150.645,109.58,427.155,40.1,103.093,113.468,False
ML5,139,2025-10-14 14:00:00,2025-10-14 14:10:09,2025-10-14 14:27:50,2025-10-14 14:18:59.500,17.68,138.15,23.01,440.53,20.36,13.06,0.496,2409.34,1088.45,1035.98,3.015,Oltre_Air_Entry_Top,3372.818,29.21,111.045,148.64,159.183,110.61,33.833,159.17,164.112,176.96,9.004,95.83,949.186,152.86,12.666,4.46,1034.869,10.16,157.344,102.374,390.658,36.839,109.647,114.079,False
ML5,140,2025-10-14 15:00:00,2025-10-14 15:10:09,2025-10-14 15:27:45,2025-10-14 15:18:57.000,17.6,139.15,23.03,440.31,20.27,13.01,0.494,2431.65,1102.23,1045.48,3.019,Oltre_Air_Entry_Top,3197.758,17.02,62.354,109.57,138.788,133.9,37.949,162.63,159.815,167.91,11.057,38.98,949.658,145.87,12.369,4.0,1057.988,10.345,158.324,105.525,302.473,40.627,108.38,116.286,False
ML5,141,2025-10-14 16:00:00,2025-10-14 16:10:09,2025-10-14 16:27:59,2025-10-14 16:19:04.000,17.83,140.15,23.03,440.11,20.19,12.95,0.492,2454.02,1116.04,1055.01,3.023,Oltre_Air_Entry_Top,4109.151,36.11,69.663,116.81,203.58,43.7,39.13,170.08,188.041,124.67,10.895,51.95,1051.841,132.32,12.708,4.2,1087.333,10.588,156.731,111.161,387.701,43.118,115.615,119.007,False
ML5,142,2025-10-14 17:00:00,2025-10-14 17:10:09,2025-10-14 17:27:22,2025-10-14 17:18:45.500,17.22,141.14,23.02,439.9,20.1,12.9,0.49,2476.22,1129.75,1064.46,3.027,Oltre_Air_Entry_Top,6027.481,90.06,122.569,152.84,173.394,89.9,41.003,168.7,175.221,135.07,12.618,23.97,961.079,164.38,11.524,18.54,1107.079,10.525,152.497,107.978,504.1,44.923,105.24,117.693,False
ML5,143,2025-10-14 18:00:00,2025-10-14 18:10:09,2025-10-14 18:28:04,2025-10-14 18:19:06.500,17.92,142.15,22.98,439.69,20.02,12.85,0.488,2498.68,1143.61,1074.02,3.031,Oltre_Air_Entry_Top,6548.187,80.17,145.974,159.48,285.483,19.85,42.093,172.35,180.678,133.9,13.458,22.51,1020.577,125.86,12.843,0.96,1156.962,10.638,155.851,100.091,648.623,46.777,114.487,117.712,False
ML5,144,2025-10-14 19:00:00,2025-10-14 19:10:09,2025-10-14 19:27:34,2025-10-14 19:18:51.500,17.42,143.15,22.92,439.48,19.94,12.79,0.486,2520.91,1157.34,1083.49,3.035,Oltre_Air_Entry_Top,7974.541,92.0,80.148,127.21,186.996,79.12,44.722,166.49,173.684,137.88,12.698,36.35,1315.465,75.35,12.889,0.27,1276.567,10.821,153.729,100.898,492.58,46.203,130.211,120.987,False
ML5,145,2025-10-14 20:00:00,2025-10-14 20:10:09,2025-10-14 20:27:36,2025-10-14 20:18:52.500,17.45,144.15,22.88,439.28,19.85,12.74,0.484,2543.24,1171.13,1093.0,3.039,Oltre_Air_Entry_Top,8649.705,80.5,154.821,162.15,277.716,18.44,23.523,145.71,177.397,138.02,13.876,28.21,1438.062,56.49,11.783,17.68,1346.152,11.069,157.225,110.782,719.135,38.687,130.172,126.925,False
ML5,146,2025-10-14 21:00:00,2025-10-14 21:10:09,2025-10-14 21:27:33,2025-10-14 21:18:51.000,17.4,145.15,22.85,439.07,19.77,12.69,0.482,2565.55,1184.9,1102.5,3.042,Oltre_Air_Entry_Top,8579.968,72.5,98.542,139.61,336.055,0.01,22.418,146.96,170.205,164.13,14.522,17.57,1641.538,37.18,12.967,0.52,1390.536,11.226,161.317,104.287,657.414,38.124,145.897,127.3,False
ML5,147,2025-10-14 22:00:00,2025-10-14 22:10:09,2025-10-14 22:27:27,2025-10-14 22:18:48.000,17.3,146.15,22.81,438.87,19.69,12.63,0.48,2587.86,1198.68,1112.0,3.046,Oltre_Air_Entry_Top,11769.199,90.39,115.001,149.16,343.882,2.04,22.648,145.48,179.233,140.05,14.464,23.79,1690.872,25.23,11.923,18.36,1444.602,11.324,164.93,110.496,774.972,38.867,141.987,131.401,False
ML5,148,2025-10-14 23:00:00,2025-10-14 23:10:09,2025-10-14 23:27:39,2025-10-14 23:18:54.000,17.5,147.15,22.76,438.67,19.61,12.58,0.478,2610.22,1212.48,1121.52,3.05,Oltre_Air_Entry_Top,8235.543,21.91,118.913,151.25,355.876,6.8,21.712,143.73,195.891,100.68,14.507,41.08,1918.719,0.89,13.205,1.8,1522.993,11.59,164.858,102.323,703.731,39.515,159.175,131.361,False
ML5,149,2025-10-15 00:00:00,2025-10-15 00:10:09,2025-10-15 00:27:44,2025-10-15 00:18:56.500,17.58,148.15,22.73,438.45,19.52,12.53,0.476,2632.55,1226.27,1131.04,3.053,Oltre_Air_Entry_Top,15312.927,86.49,184.633,166.89,284.075,24.18,51.079,177.49,172.406,156.5,13.936,59.64,2063.997,8.88,12.922,1.55,1650.693,11.492,174.356,108.785,929.537,49.695,163.312,137.726,False
ML5,150,2025-10-15 01:00:00,2025-10-15 01:10:09,2025-10-15 01:27:49,2025-10-15 01:18:59.000,17.67,149.15,22.7,438.24,19.44,12.47,0.474,2654.89,1240.07,1140.55,3.057,Oltre_Air_Entry_Top,10824.465,58.56,126.455,152.57,334.07,4.73,13.971,102.65,189.185,114.3,15.535,42.82,2279.06,17.92,13.046,1.15,1744.77,11.801,167.875,103.756,770.418,34.499,172.431,137.614,False
ML5,151,2025-10-15 02:00:00,2025-10-15 02:10:09,2025-10-15 02:27:26,2025-10-15 02:18:47.500,17.28,150.15,22.66,438.03,19.36,12.42,0.472,2677.15,1253.81,1150.03,3.061,Oltre_Air_Entry_Top,9375.038,8.28,139.325,157.51,194.797,142.32,74.99,92.86,205.178,97.66,14.01,71.79,2616.99,37.92,11.202,37.27,1851.892,12.079,168.468,107.606,633.668,59.959,171.218,141.906,False
ML5,152,2025-10-15 03:00:00,2025-10-15 03:10:09,2025-10-15 03:27:30,2025-10-15 03:18:49.500,17.35,151.15,22.66,437.81,19.27,12.36,0.47,2699.48,1267.6,1159.54,3.064,Oltre_Air_Entry_Top,9446.367,5.38,161.647,163.98,348.299,14.1,27.046,114.83,185.226,123.52,15.101,78.32,2607.148,49.31,13.129,2.43,1936.255,12.05,157.176,84.952,810.205,42.293,185.011,132.855,False
ML5,153,2025-10-15 04:00:00,2025-10-15 04:10:09,2025-10-15 04:27:31,2025-10-15 04:18:50.000,17.37,152.15,22.63,437.61,19.19,12.31,0.468,2721.81,1281.38,1169.04,3.068,Oltre_Air_Entry_Top,10102.34,24.38,139.846,156.77,344.804,12.29,35.817,93.75,164.312,170.75,19.667,31.15,3146.833,63.01,13.341,3.06,2065.533,12.204,161.159,106.78,786.831,48.734,204.895,144.318,False
ML5,154,2025-10-15 05:00:00,2025-10-15 05:10:09,2025-10-15 05:28:02,2025-10-15 05:19:05.500,17.88,153.15,22.63,437.4,19.1,12.26,0.466,2744.23,1295.22,1178.59,3.071,Oltre_Air_Entry_Top,15499.729,62.77,196.813,169.73,366.72,11.15,90.811,81.83,163.413,179.37,20.09,24.6,2839.803,58.57,13.628,5.21,2083.471,11.002,168.223,109.673,1038.096,66.804,196.725,143.404,False
ML5,155,2025-10-15 06:00:00,2025-10-15 06:10:09,2025-10-15 06:28:05,2025-10-15 06:19:07.000,17.93,154.15,22.62,437.2,19.02,12.21,0.464,2766.56,1309.01,1188.1,3.075,Oltre_Air_Entry_Top,16284.965,47.41,110.718,149.69,194.223,105.46,93.608,74.65,182.91,140.08,12.784,164.81,3186.411,66.11,13.175,11.39,2163.29,10.747,163.97,115.053,704.858,60.266,204.893,144.716,False
ML5,156,2025-10-15 07:00:00,2025-10-15 07:10:09,2025-10-15 07:27:42,2025-10-15 07:18:55.500,17.55,155.15,22.62,437.0,18.94,12.16,0.462,2788.81,1322.75,1197.58,3.078,Oltre_Air_Entry_Top,18509.364,63.1,174.32,166.23,343.537,21.47,116.889,103.37,168.462,159.86,14.129,128.07,3313.4,66.7,11.925,34.67,2173.351,10.874,172.646,119.635,1034.914,65.282,198.777,148.639,False
ML5,157,2025-10-15 08:00:00,2025-10-15 08:10:09,2025-10-15 08:28:13,2025-10-15 08:19:11.000,18.07,156.15,22.64,436.8,18.86,12.1,0.46,2811.23,1336.6,1207.12,3.082,Oltre_Air_Entry_Top,21609.178,73.54,190.648,168.95,348.478,23.01,92.441,86.25,166.896,161.54,14.914,129.25,3459.319,71.28,13.689,4.1,2261.953,11.686,169.83,116.782,1128.103,61.278,217.611,151.316,False
ML5,158,2025-10-15 09:00:00,2025-10-15 09:10:09,2025-10-15 09:27:39,2025-10-15 09:18:54.000,17.5,157.15,22.62,436.6,18.79,12.05,0.458,2833.45,1350.31,1216.59,3.085,Oltre_Air_Entry_Top,22325.055,74.15,200.691,170.82,359.42,28.76,109.238,97.53,179.043,141.69,64.1,127.36,3307.252,52.42,12.169,22.62,2284.69,11.858,160.367,132.151,1172.126,107.828,200.614,154.795,False
ML5,159,2025-10-15 10:00:00,2025-10-15 10:10:09,2025-10-15 10:27:24,2025-10-15 10:18:46.500,17.25,158.14,22.62,436.4,18.71,12.0,0.456,2855.73,1364.07,1226.07,3.089,Oltre_Air_Entry_Top,22019.411,67.28,173.868,167.96,353.052,30.54,95.524,64.79,195.346,99.42,23.842,19.83,3495.742,72.4,12.434,22.11,2425.021,12.129,152.52,126.369,1105.659,76.34,208.485,154.304,False
ML5,160,2025-10-15 11:00:00,2025-10-15 11:10:09,2025-10-15 11:26:59,2025-10-15 11:18:34.000,16.83,159.14,22.65,436.22,18.63,11.95,0.454,2877.97,1377.8,1235.55,3.092,Oltre_Air_Entry_Top,24010.944,81.45,137.141,155.81,355.237,34.42,118.634,102.06,176.185,145.39,32.558,45.56,3411.891,76.22,14.17,1.42,2385.07,12.969,155.771,133.259,1053.655,87.959,219.878,159.183,False
ML5,161,2025-10-15 12:00:00,2025-10-15 12:10:09,2025-10-15 12:26:38,2025-10-15 12:18:23.500,16.48,160.14,22.67,436.02,18.55,11.9,0.452,2900.23,1391.55,1245.02,3.095,Oltre_Air_Entry_Top,28902.483,90.78,140.012,157.46,360.084,35.5,121.919,100.45,203.975,106.29,57.207,105.89,3690.559,59.28,11.827,34.28,2494.657,12.794,157.701,136.545,1133.709,112.469,208.922,161.913,False
ML5,162,2025-10-15 13:00:00,2025-10-15 13:10:09,2025-10-15 13:27:13,2025-10-15 13:18:41.000,17.07,161.14,22.74,435.82,18.47,11.85,0.451,2922.66,1405.4,1254.58,3.098,Oltre_Air_Entry_Top,28754.714,93.94,219.708,174.06,367.394,35.02,124.919,105.17,160.377,196.31,24.379,23.03,4321.687,86.8,14.27,0.08,2552.213,12.779,160.662,143.916,1324.023,78.752,248.335,165.714,False
ML5,163,2025-10-15 14:00:00,2025-10-15 14:10:09,2025-10-15 14:27:12,2025-10-15 14:18:40.500,17.05,162.14,22.8,435.64,18.4,11.81,0.449,2944.98,1419.18,1264.08,3.102,Oltre_Air_Entry_Top,21352.164,57.12,214.756,171.64,363.813,37.2,156.209,111.75,157.356,151.19,26.088,18.37,4321.642,84.29,14.22,1.23,2542.583,13.181,166.023,138.189,1186.01,86.234,247.899,166.52,False
ML5,164,2025-10-15 15:00:00,2025-10-15 15:10:09,2025-10-15 15:26:20,2025-10-15 15:18:14.500,16.18,163.14,22.88,435.47,18.33,11.76,0.447,2967.14,1432.86,1273.52,3.105,Oltre_Air_Entry_Top,22380.439,53.04,193.789,168.26,369.149,32.31,137.043,103.53,145.79,157.97,61.631,140.12,4568.274,74.66,13.62,7.81,2488.52,13.405,175.953,148.481,1169.858,107.184,249.439,171.818,False
ML5,165,2025-10-15 16:00:00,2025-10-15 16:10:09,2025-10-15 16:26:44,2025-10-15 16:18:26.500,16.58,164.14,22.93,435.31,18.27,11.72,0.446,2989.54,1446.69,1283.06,3.108,Oltre_Air_Entry_Top,17065.269,36.98,227.134,172.8,353.529,27.27,145.535,112.76,144.168,118.04,39.695,54.73,4236.19,61.69,11.749,44.87,2400.747,13.567,182.333,147.829,1110.726,94.086,223.094,172.133,False
ML5,166,2025-10-15 17:00:00,2025-10-15 17:10:09,2025-10-15 17:26:52,2025-10-15 17:18:30.500,16.72,165.14,22.94,435.15,18.2,11.68,0.444,3011.89,1460.49,1292.57,3.111,Oltre_Air_Entry_Top,6080.263,140.56,222.762,171.58,367.385,25.49,145.888,107.45,118.753,184.11,93.19,140.79,4158.651,65.5,12.555,32.91,2402.724,13.962,53.139,131.096,792.431,117.313,228.499,123.641,False
ML5,167,2025-10-15 18:00:00,2025-10-15 18:10:09,2025-10-15 18:26:40,2025-10-15 18:18:24.500,16.52,166.14,22.92,434.98,18.13,11.64,0.442,3034.17,1474.25,1302.07,3.115,Oltre_Air_Entry_Top,5970.751,169.89,222.65,171.69,356.771,28.56,155.393,98.96,172.213,117.42,40.792,57.18,4227.182,65.8,14.622,0.7,2484.082,13.841,134.87,131.479,779.855,102.965,248.616,157.136,False
ML5,168,2025-10-15 19:00:00,2025-10-15 19:10:09,2025-10-15 19:26:49,2025-10-15 19:18:29.000,16.67,167.14,22.87,434.8,18.06,11.59,0.441,3056.53,1488.05,1311.58,3.118,Oltre_Air_Entry_Top,14484.157,12.51,221.772,171.87,364.435,36.3,134.636,96.2,175.783,115.41,32.68,11.84,4538.519,75.02,14.553,3.57,2658.943,14.231,128.516,132.806,1053.918,91.792,257.0,159.415,False
ML6,1,2025-10-24 09:00:00,2025-10-24 09:40:05,2025-10-24 09:52:20,2025-10-24 09:46:12.500,12.25,0.1,20.66,466.28,46.23,32.96,0.984,1.17,0.76,0.95,-0.024,Diretto_Entrambi_Tensiometri,9.399,0.85,10.64,0.19,9.219,0.0,10.453,0.04,11.412,0.22,8.609,0.38,11.301,1.02,11.712,0.37,11.361,8.414,7.782,12.026,9.733,10.089,11.505,9.725,True
ML6,2,2025-10-24 10:00:00,2025-10-24 10:40:05,2025-10-24 10:52:25,2025-10-24 10:46:15.000,12.33,1.1,21.18,465.69,45.99,32.79,0.979,1.5,0.53,0.89,-0.049,Diretto_Entrambi_Tensiometri,9.399,0.43,10.659,0.68,9.263,0.2,10.483,0.21,11.413,0.07,8.661,0.23,11.533,0.51,11.938,0.92,11.553,8.527,7.928,12.059,9.754,10.119,11.734,9.851,True
ML6,3,2025-10-24 11:00:00,2025-10-24 11:40:05,2025-10-24 11:52:26,2025-10-24 11:46:15.500,12.35,2.1,21.12,465.04,45.74,32.6,0.973,2.01,0.85,1.31,0.116,Diretto_Entrambi_Tensiometri,9.403,0.02,10.665,0.68,9.314,0.05,10.489,0.03,11.413,0.13,8.705,0.02,11.638,0.08,12.004,0.85,11.608,8.525,8.005,12.061,9.775,10.138,11.82,9.887,True
ML6,4,2025-10-24 12:00:00,2025-10-24 12:40:05,2025-10-24 12:52:26,2025-10-24 12:46:15.500,12.35,3.1,21.05,464.39,45.48,32.42,0.968,2.4,1.28,1.75,0.243,Diretto_Entrambi_Tensiometri,9.44,0.5,10.651,0.81,9.332,0.12,10.493,0.22,11.411,0.17,8.707,0.22,11.725,0.04,12.068,0.84,11.668,8.499,8.038,12.227,9.79,10.14,11.895,9.936,True
ML6,5,2025-10-24 13:00:00,2025-10-24 13:40:05,2025-10-24 13:52:25,2025-10-24 13:46:15.000,12.33,4.1,21.0,463.75,45.22,32.24,0.962,3.27,1.31,2.07,0.316,Diretto_Entrambi_Tensiometri,9.455,0.04,10.681,0.74,9.355,0.11,10.532,0.15,11.449,0.08,8.697,0.08,11.79,0.43,12.148,0.43,11.761,8.501,8.074,12.287,9.812,10.16,11.968,9.98,True
ML6,6,2025-10-24 14:00:00,2025-10-24 14:40:05,2025-10-24 14:52:38,2025-10-24 14:46:21.500,12.55,5.1,21.02,463.11,44.97,32.05,0.957,4.46,1.47,2.56,0.408,Diretto_Entrambi_Tensiometri,9.504,0.36,10.734,0.41,9.382,0.1,10.58,0.25,11.467,0.18,8.725,0.0,11.87,0.25,12.205,0.52,11.838,8.478,8.125,12.357,9.855,10.191,12.036,10.019,True
ML6,7,2025-10-24 15:00:00,2025-10-24 15:40:05,2025-10-24 15:52:42,2025-10-24 15:46:23.500,12.62,6.11,21.02,462.47,44.71,31.87,0.951,6.22,1.7,3.26,0.513,Diretto_Entrambi_Tensiometri,9.543,0.01,10.744,0.86,9.394,0.17,10.61,0.44,11.498,0.14,8.744,0.41,12.141,0.14,12.186,0.26,11.939,8.519,8.175,12.407,9.876,10.218,12.163,10.078,True
ML6,8,2025-10-24 16:00:00,2025-10-24 16:40:05,2025-10-24 16:52:40,2025-10-24 16:46:22.500,12.58,7.1,21.0,461.82,44.45,31.68,0.946,8.05,5.23,6.48,0.812,Diretto_Entrambi_Tensiometri,9.634,0.2,10.819,0.95,9.425,0.13,10.659,0.13,11.521,0.21,8.732,0.04,12.567,0.56,12.176,0.36,11.942,8.624,8.199,12.5,9.941,10.235,12.37,10.136,True
ML6,9,2025-10-24 17:00:00,2025-10-24 17:40:05,2025-10-24 17:52:44,2025-10-24 17:46:24.500,12.65,8.11,20.95,461.15,44.18,31.49,0.94,9.59,7.14,8.28,0.918,Diretto_Entrambi_Tensiometri,9.727,0.01,10.857,1.07,9.453,0.32,10.722,0.32,11.545,0.19,8.749,0.4,13.072,0.1,12.107,0.02,12.011,8.733,8.222,12.606,9.994,10.269,12.58,10.211,True
ML6,10,2025-10-24 18:00:00,2025-10-24 18:40:05,2025-10-24 18:52:49,2025-10-24 18:46:27.000,12.73,9.11,20.91,460.52,43.93,31.31,0.935,11.01,8.18,9.49,0.977,Diretto_Entrambi_Tensiometri,9.835,0.18,10.907,0.9,9.507,0.28,10.745,0.03,11.581,0.21,8.768,0.29,13.584,0.54,12.053,0.1,12.249,8.911,8.247,12.718,10.066,10.295,12.796,10.344,True
ML6,11,2025-10-24 19:00:00,2025-10-24 19:40:05,2025-10-24 19:52:50,2025-10-24 19:46:27.500,12.75,10.11,20.89,459.92,43.69,31.14,0.93,12.16,9.23,10.59,1.025,Diretto_Entrambi_Tensiometri,9.967,0.02,10.972,1.18,9.542,0.36,10.807,0.35,11.608,0.34,8.766,0.15,14.12,0.38,11.958,0.23,12.476,9.074,8.27,12.838,10.143,10.322,12.994,10.471,True
ML6,12,2025-10-24 20:00:00,2025-10-24 20:40:05,2025-10-24 20:52:48,2025-10-24 20:46:26.500,12.72,11.11,20.86,459.31,43.44,30.97,0.924,11.65,9.94,10.76,1.032,Diretto_Entrambi_Tensiometri,10.112,0.02,11.017,1.15,9.591,0.42,10.849,0.13,11.648,0.18,8.776,0.0,14.748,0.58,11.902,0.17,12.626,9.181,8.301,12.959,10.223,10.351,13.249,10.567,True
ML6,13,2025-10-24 21:00:00,2025-10-24 21:40:05,2025-10-24 21:52:49,2025-10-24 21:46:27.000,12.73,12.11,20.83,458.73,43.21,30.8,0.919,12.0,10.11,11.01,1.042,Diretto_Entrambi_Tensiometri,10.253,0.07,11.063,1.17,9.643,0.29,10.905,0.0,11.692,0.11,8.784,0.04,15.274,0.57,11.867,0.08,12.67,9.182,8.319,13.041,10.303,10.385,13.463,10.599,True
ML6,14,2025-10-24 22:00:00,2025-10-24 22:40:05,2025-10-24 22:52:44,2025-10-24 22:46:24.500,12.65,13.11,20.82,458.18,42.99,30.65,0.915,12.41,10.29,11.3,1.053,Diretto_Entrambi_Tensiometri,10.425,0.05,11.067,1.07,9.729,0.36,10.947,0.07,11.713,0.18,8.826,0.18,16.284,0.29,11.799,0.5,12.382,9.169,8.345,13.053,10.393,10.421,13.861,10.545,True
ML6,15,2025-10-24 23:00:00,2025-10-24 23:40:05,2025-10-24 23:52:44,2025-10-24 23:46:24.500,12.65,14.11,20.81,457.64,42.77,30.49,0.91,11.19,10.79,10.99,1.041,Diretto_Entrambi_Tensiometri,10.603,0.06,11.072,1.07,9.794,0.15,11.008,0.01,11.738,0.26,8.843,0.05,17.193,0.42,11.733,0.7,12.159,9.203,8.365,13.107,10.476,10.454,14.203,10.524,True
ML6,16,2025-10-25 00:00:00,2025-10-25 00:40:05,2025-10-25 00:52:44,2025-10-25 00:46:24.500,12.65,15.11,20.82,457.09,42.56,30.34,0.905,16.09,11.46,13.58,1.133,Diretto_Entrambi_Tensiometri,10.767,0.02,11.14,1.03,9.812,0.01,11.068,0.03,11.778,0.14,8.855,0.17,17.767,0.74,11.713,0.22,11.997,9.174,8.366,13.229,10.558,10.49,14.426,10.506,True
ML6,17,2025-10-25 01:00:00,2025-10-25 01:40:05,2025-10-25 01:52:49,2025-10-25 01:46:27.000,12.73,16.11,20.81,456.56,42.34,30.19,0.901,22.58,12.12,16.55,1.219,Diretto_Entrambi_Tensiometri,10.977,0.06,11.255,0.98,9.783,0.11,11.128,0.12,11.798,0.11,8.883,0.15,18.42,0.91,11.654,0.05,11.917,9.135,8.379,13.453,10.652,10.526,14.652,10.525,True
ML6,18,2025-10-25 02:00:00,2025-10-25 02:40:05,2025-10-25 02:52:51,2025-10-25 02:46:28.000,12.77,17.11,20.81,456.03,42.13,30.03,0.896,25.5,12.93,18.16,1.259,Diretto_Entrambi_Tensiometri,11.224,0.15,11.385,0.9,9.739,0.52,11.204,0.21,11.813,0.27,8.897,0.17,19.065,0.29,11.527,0.33,11.854,9.091,8.371,13.617,10.756,10.56,14.824,10.528,True
ML6,19,2025-10-25 03:00:00,2025-10-25 03:40:05,2025-10-25 03:52:49,2025-10-25 03:46:27.000,12.73,18.11,20.82,455.5,41.92,29.88,0.892,27.92,13.79,19.62,1.293,Diretto_Entrambi_Tensiometri,11.501,0.17,11.486,0.73,9.718,0.77,11.245,0.15,11.839,0.16,8.909,0.01,19.722,0.45,11.524,0.51,11.777,9.116,8.385,13.798,10.868,10.585,15.076,10.557,True
ML6,20,2025-10-25 04:00:00,2025-10-25 04:40:05,2025-10-25 04:52:54,2025-10-25 04:46:29.500,12.82,19.11,20.8,454.97,41.71,29.73,0.887,30.1,14.54,20.92,1.321,Diretto_Entrambi_Tensiometri,11.797,0.01,11.613,0.89,9.717,0.58,11.314,0.1,11.867,0.02,8.916,0.08,20.472,0.01,11.533,0.09,11.679,9.092,8.39,13.972,11.001,10.618,15.366,10.563,True
ML6,21,2025-10-25 05:00:00,2025-10-25 05:40:05,2025-10-25 05:52:57,2025-10-25 05:46:31.000,12.87,20.11,20.79,454.45,41.5,29.58,0.883,32.2,15.28,22.18,1.346,Diretto_Entrambi_Tensiometri,12.13,0.34,11.709,1.2,9.698,0.82,11.38,0.17,11.898,0.17,8.934,0.21,21.013,0.23,11.411,0.33,11.641,9.215,8.384,14.143,11.126,10.655,15.485,10.62,True
ML6,22,2025-10-25 06:00:00,2025-10-25 06:40:05,2025-10-25 06:52:57,2025-10-25 06:46:31.000,12.87,21.11,20.76,453.92,41.29,29.43,0.878,34.36,16.14,23.55,1.372,Diretto_Entrambi_Tensiometri,12.419,0.06,11.835,0.92,9.643,0.93,11.426,0.18,11.896,0.44,8.939,0.14,21.67,0.14,11.349,0.25,11.561,9.137,8.359,14.328,11.233,10.671,15.682,10.606,True
ML6,23,2025-10-25 07:00:00,2025-10-25 07:40:05,2025-10-25 07:53:45,2025-10-25 07:46:55.000,13.67,22.11,20.76,453.41,41.08,29.29,0.874,36.43,16.99,24.87,1.396,Diretto_Entrambi_Tensiometri,12.73,0.01,11.938,1.31,9.596,1.46,11.481,0.16,11.897,0.33,8.944,0.13,22.328,0.08,11.309,0.03,11.479,9.172,8.369,14.617,11.34,10.69,15.89,10.653,True
ML6,24,2025-10-25 08:00:00,2025-10-25 08:40:05,2025-10-25 08:53:10,2025-10-25 08:46:37.500,13.08,23.11,20.74,452.92,40.89,29.15,0.87,38.67,17.85,26.27,1.42,Diretto_Entrambi_Tensiometri,13.062,0.38,12.039,1.35,9.558,2.05,11.56,0.05,11.865,0.27,8.952,0.14,22.933,0.03,11.256,0.13,11.419,9.203,8.364,15.008,11.455,10.708,16.067,10.717,True
ML6,25,2025-10-25 09:00:00,2025-10-25 09:40:05,2025-10-25 09:53:25,2025-10-25 09:46:45.000,13.33,24.11,20.76,452.43,40.69,29.01,0.866,40.83,18.74,27.66,1.442,Diretto_Entrambi_Tensiometri,13.363,0.24,12.107,1.43,9.532,2.45,11.602,0.17,11.864,0.26,8.964,0.07,23.447,0.08,11.221,0.24,11.376,9.235,8.374,15.247,11.553,10.726,16.22,10.762,True
ML6,26,2025-10-25 10:00:00,2025-10-25 10:40:05,2025-10-25 10:53:43,2025-10-25 10:46:54.000,13.63,25.11,20.75,451.93,40.49,28.87,0.862,43.49,19.64,29.22,1.466,Diretto_Entrambi_Tensiometri,13.692,0.47,12.173,1.68,9.479,3.2,11.657,0.15,11.852,0.3,8.975,0.18,24.029,0.07,11.057,0.14,11.298,9.388,8.364,15.421,11.647,10.743,16.3,10.815,True
ML6,27,2025-10-25 11:00:00,2025-10-25 11:40:05,2025-10-25 11:54:01,2025-10-25 11:47:03.000,13.93,26.12,20.75,451.41,40.28,28.72,0.857,46.14,20.48,30.74,1.488,Diretto_Entrambi_Tensiometri,14.067,0.17,12.226,2.05,9.472,3.7,11.732,0.06,11.86,0.22,8.984,0.0,24.412,0.98,11.041,0.48,11.27,9.434,8.372,15.665,11.766,10.772,16.417,10.867,True
ML6,28,2025-10-25 12:00:00,2025-10-25 12:40:05,2025-10-25 12:53:51,2025-10-25 12:46:58.000,13.77,27.11,20.72,450.89,40.07,28.57,0.853,48.95,21.33,32.31,1.509,Diretto_Entrambi_Tensiometri,14.52,0.23,12.291,2.07,9.431,4.34,11.778,0.04,11.841,0.38,8.991,0.1,24.831,0.5,10.946,0.39,11.256,9.418,8.366,15.893,11.895,10.783,16.486,10.896,True
ML6,29,2025-10-25 13:00:00,2025-10-25 13:40:05,2025-10-25 13:53:52,2025-10-25 13:46:58.500,13.78,28.11,20.74,450.39,39.87,28.42,0.848,51.73,21.99,33.73,1.528,Diretto_Entrambi_Tensiometri,14.909,0.28,12.339,2.73,9.401,4.69,11.824,0.17,11.806,0.75,8.996,0.14,25.147,0.2,10.825,1.16,11.231,9.731,8.371,16.156,12.003,10.789,16.499,11.026,True
ML6,30,2025-10-25 14:00:00,2025-10-25 14:40:05,2025-10-25 14:53:54,2025-10-25 14:46:59.500,13.82,29.12,20.79,449.91,39.68,28.29,0.844,55.42,22.89,35.62,1.552,Diretto_Entrambi_Tensiometri,15.238,0.6,12.364,2.85,9.327,5.78,11.852,0.25,11.814,0.59,8.997,0.11,25.486,0.64,10.824,1.06,11.265,9.753,8.359,16.226,12.067,10.8,16.609,11.049,True
ML6,31,2025-10-25 15:00:00,2025-10-25 15:40:05,2025-10-25 15:53:54,2025-10-25 15:46:59.500,13.82,30.12,20.83,449.44,39.5,28.16,0.84,59.34,23.64,37.45,1.573,Diretto_Entrambi_Tensiometri,15.454,0.09,12.329,4.27,9.109,9.6,11.883,0.21,11.813,0.72,9.006,0.07,25.383,0.48,10.788,1.66,11.328,9.736,8.344,16.537,12.017,10.813,16.548,11.107,True
ML6,32,2025-10-25 16:00:00,2025-10-25 16:40:05,2025-10-25 16:53:59,2025-10-25 16:47:02.000,13.9,31.12,20.89,448.97,39.31,28.02,0.836,63.21,24.57,39.41,1.596,Diretto_Entrambi_Tensiometri,15.626,0.13,12.242,6.31,8.975,12.71,11.911,0.24,11.799,0.9,9.014,0.09,25.937,1.86,10.837,2.69,11.315,9.682,8.349,16.65,11.974,10.82,16.765,11.109,True
ML6,33,2025-10-25 17:00:00,2025-10-25 17:40:05,2025-10-25 17:54:03,2025-10-25 17:47:04.000,13.97,32.12,20.93,448.52,39.13,27.89,0.832,67.72,25.48,41.54,1.618,Diretto_Entrambi_Tensiometri,15.755,0.04,12.063,8.01,8.843,15.45,11.954,0.23,11.79,1.03,9.025,0.13,26.132,1.73,10.928,3.94,11.301,9.637,8.338,16.686,11.889,10.835,16.899,11.095,True
ML6,34,2025-10-25 18:00:00,2025-10-25 18:40:05,2025-10-25 18:53:59,2025-10-25 18:47:02.000,13.9,33.12,20.94,448.04,38.93,27.75,0.828,72.73,26.43,43.84,1.642,Diretto_Entrambi_Tensiometri,15.905,0.09,12.101,6.98,9.242,10.16,11.989,0.2,11.794,0.86,9.038,0.1,26.108,1.42,10.771,3.75,11.285,10.256,8.353,17.129,12.116,10.852,16.769,11.344,True
ML6,35,2025-10-25 19:00:00,2025-10-25 19:40:05,2025-10-25 19:53:20,2025-10-25 19:46:42.500,13.25,34.11,20.94,447.59,38.76,27.63,0.825,77.98,27.35,46.18,1.664,Diretto_Entrambi_Tensiometri,15.98,0.36,12.007,9.29,8.987,14.84,12.013,0.23,11.773,1.27,9.048,0.0,26.266,1.75,10.798,4.76,11.264,10.122,8.347,17.302,11.992,10.857,16.841,11.328,True
ML6,36,2025-10-25 20:00:00,2025-10-25 20:40:05,2025-10-25 20:53:56,2025-10-25 20:47:00.500,13.85,35.12,20.87,447.11,38.57,27.49,0.821,84.3,28.37,48.9,1.689,Diretto_Entrambi_Tensiometri,15.908,0.79,12.111,4.86,10.398,5.61,12.046,0.23,11.782,1.59,9.072,0.04,26.764,2.67,10.524,2.85,11.328,12.551,8.368,17.464,12.606,10.879,16.783,12.006,True
ML6,37,2025-10-25 21:00:00,2025-10-25 21:40:05,2025-10-25 21:53:51,2025-10-25 21:46:58.000,13.77,36.11,20.83,446.64,38.38,27.36,0.817,90.54,29.37,51.56,1.712,Diretto_Entrambi_Tensiometri,15.826,2.31,12.012,5.63,10.554,6.85,12.08,0.09,11.781,1.91,9.078,0.02,26.472,1.69,10.48,3.53,11.419,13.212,8.352,17.588,12.613,10.891,16.656,12.201,True
ML6,38,2025-10-25 22:00:00,2025-10-25 22:40:05,2025-10-25 22:53:50,2025-10-25 22:46:57.500,13.75,37.11,20.75,446.17,38.19,27.22,0.812,97.21,30.4,54.36,1.735,Diretto_Entrambi_Tensiometri,15.68,3.26,11.902,5.63,10.78,8.17,12.12,0.17,11.793,1.73,9.09,0.04,26.68,1.57,10.151,0.97,11.444,14.335,8.367,17.75,12.624,10.912,16.457,12.494,True
ML6,39,2025-10-25 23:00:00,2025-10-25 23:40:05,2025-10-25 23:54:02,2025-10-25 23:47:03.500,13.95,38.12,20.7,445.69,38.0,27.09,0.808,104.27,31.4,57.22,1.758,Diretto_Entrambi_Tensiometri,15.339,1.8,11.823,6.08,10.849,9.93,12.141,0.3,11.82,1.83,9.102,0.07,26.825,1.36,9.962,0.37,11.468,15.062,8.387,17.94,12.531,10.931,16.347,12.697,True
ML6,40,2025-10-26 00:00:00,2025-10-26 00:40:05,2025-10-26 00:54:59,2025-10-26 00:47:32.000,14.9,39.12,20.64,445.21,37.8,26.95,0.804,112.22,32.43,60.33,1.781,Diretto_Entrambi_Tensiometri,15.069,1.6,11.745,7.99,10.401,3.49,12.177,0.23,11.831,1.93,9.105,0.1,27.031,0.55,10.321,4.6,11.505,15.072,8.458,18.147,12.256,10.947,16.703,12.773,True
ML6,41,2025-10-26 01:00:00,2025-10-26 01:40:05,2025-10-26 01:54:29,2025-10-26 01:47:17.000,14.4,40.12,20.58,444.74,37.62,26.82,0.8,120.91,33.22,63.38,1.802,Diretto_Entrambi_Tensiometri,14.76,0.03,11.486,13.08,9.878,4.11,12.213,0.14,11.883,1.67,9.114,0.09,27.118,0.44,10.451,6.48,11.636,15.011,8.502,18.354,11.875,10.977,16.835,12.849,True
ML6,42,2025-10-26 02:00:00,2025-10-26 02:40:05,2025-10-26 02:55:11,2025-10-26 02:47:38.000,15.1,41.13,20.53,444.26,37.42,26.68,0.796,130.19,34.42,66.94,1.826,Diretto_Entrambi_Tensiometri,14.067,0.43,10.963,20.57,9.965,1.96,12.252,0.2,11.948,1.64,9.14,0.29,27.22,1.39,10.53,5.51,12.098,16.418,8.579,19.699,11.54,11.019,16.93,13.536,True
ML6,43,2025-10-26 03:00:00,2025-10-26 03:40:05,2025-10-26 03:55:10,2025-10-26 03:47:37.500,15.08,42.13,20.43,443.33,37.05,26.41,0.788,151.91,36.88,74.85,1.874,Diretto_Entrambi_Tensiometri,12.838,2.84,10.837,20.3,9.746,7.45,12.254,0.29,12.0,1.7,9.16,0.17,27.161,1.18,10.43,9.78,12.189,16.914,8.598,20.365,11.068,11.044,16.831,13.784,False
ML6,44,2025-10-26 04:00:00,2025-10-26 04:40:05,2025-10-26 04:55:10,2025-10-26 04:47:37.500,15.08,43.13,20.39,442.86,36.86,26.28,0.784,172.47,38.18,81.15,1.909,Esteso_Top_Diretto_Bottom,12.712,10.01,10.755,22.88,7.451,55.74,12.288,0.03,12.035,1.62,9.154,0.36,27.358,1.38,10.151,15.13,12.4,16.176,8.641,20.618,10.062,11.062,16.665,13.749,False
ML6,45,2025-10-26 05:00:00,2025-10-26 05:40:05,2025-10-26 05:55:10,2025-10-26 05:47:37.500,15.08,44.13,20.35,442.37,36.67,26.14,0.78,193.04,39.51,87.33,1.941,Esteso_Top_Diretto_Bottom,11.935,16.82,10.013,42.4,6.962,59.09,12.262,0.15,12.039,1.54,9.171,0.34,27.327,0.93,9.897,20.33,12.794,13.385,8.669,21.298,9.405,11.063,16.446,13.335,False
ML6,46,2025-10-26 06:00:00,2025-10-26 06:40:05,2025-10-26 06:55:15,2025-10-26 06:47:40.000,15.17,45.13,20.31,441.91,36.48,26.01,0.776,213.63,40.86,93.43,1.97,Esteso_Top_Diretto_Bottom,11.873,24.51,9.51,51.32,6.041,95.78,12.279,0.38,12.016,1.49,9.204,0.03,27.154,1.26,9.805,21.87,13.038,14.361,8.673,21.525,8.803,11.074,16.317,13.673,False
ML6,47,2025-10-26 07:00:00,2025-10-26 07:40:05,2025-10-26 07:55:08,2025-10-26 07:47:36.500,15.05,46.13,20.27,441.46,36.3,25.88,0.772,234.17,42.26,99.47,1.998,Esteso_Top_Diretto_Bottom,11.136,39.37,9.731,46.52,5.306,119.02,12.319,0.1,12.053,1.94,9.184,0.74,27.349,0.69,10.296,11.15,13.098,12.669,8.71,21.916,8.315,11.089,16.781,13.341,False
ML6,48,2025-10-26 08:00:00,2025-10-26 08:40:05,2025-10-26 08:55:18,2025-10-26 08:47:41.500,15.22,47.13,20.22,441.0,36.12,25.75,0.769,254.77,43.62,105.42,2.023,Esteso_Top_Diretto_Bottom,10.763,48.07,8.995,56.99,4.59,139.36,12.324,0.1,12.014,1.34,9.187,0.86,27.415,0.29,10.5,9.03,13.126,10.759,8.724,22.416,7.631,11.08,16.966,12.891,False
ML6,49,2025-10-26 09:00:00,2025-10-26 09:40:06,2025-10-26 09:55:05,2025-10-26 09:47:35.500,14.98,48.13,20.26,440.6,35.96,25.64,0.765,275.3,45.06,111.38,2.047,Esteso_Top_Diretto_Bottom,10.013,40.42,8.856,60.06,5.642,53.14,12.321,0.02,12.031,1.16,9.183,0.73,27.248,0.01,10.098,18.14,13.469,8.089,8.811,23.228,7.939,11.083,16.588,12.22,False
ML6,50,2025-10-26 10:00:00,2025-10-26 10:40:05,2025-10-26 10:55:15,2025-10-26 10:47:40.000,15.17,49.13,20.4,440.2,35.8,25.52,0.762,295.9,46.55,117.36,2.07,Esteso_Top_Diretto_Bottom,9.889,42.47,8.209,74.84,5.796,31.39,12.343,0.33,12.028,1.23,9.214,0.38,27.814,1.05,9.656,22.47,13.542,8.25,8.905,24.065,7.778,11.101,16.388,12.439,False
ML6,51,2025-10-26 11:00:00,2025-10-26 11:40:05,2025-10-26 11:55:31,2025-10-26 11:47:48.000,15.43,50.13,20.51,439.81,35.64,25.41,0.758,316.51,48.09,123.37,2.091,Esteso_Top_Diretto_Bottom,10.442,39.7,8.168,72.12,6.171,8.78,12.285,0.38,12.044,0.88,9.209,0.73,27.89,0.18,8.973,32.18,13.374,7.163,8.961,24.427,8.074,11.086,15.82,12.034,False
ML6,52,2025-10-26 12:00:00,2025-10-26 12:40:05,2025-10-26 12:56:30,2025-10-26 12:48:17.500,16.42,51.14,20.6,439.39,35.48,25.29,0.755,337.25,49.64,129.39,2.112,Esteso_Top_Diretto_Bottom,8.139,8.73,6.496,123.11,6.906,41.12,12.224,0.79,11.996,1.28,9.241,0.44,28.194,0.58,9.847,8.78,13.387,6.169,9.05,25.165,7.147,11.066,16.662,11.711,False
ML6,53,2025-10-26 13:00:00,2025-10-26 13:40:05,2025-10-26 13:57:45,2025-10-26 13:48:55.000,17.67,52.15,20.65,438.95,35.3,25.16,0.751,358.03,51.37,135.62,2.132,Esteso_Top_Diretto_Bottom,14.26,37.38,8.731,14.19,5.948,53.02,12.26,0.61,11.995,0.84,9.295,0.18,27.998,0.71,10.035,9.98,13.516,6.819,9.112,26.5,9.047,11.098,16.762,12.214,False
ML6,54,2025-10-26 14:00:00,2025-10-26 14:40:05,2025-10-26 14:58:41,2025-10-26 14:49:23.000,18.6,53.16,20.65,438.51,35.13,25.04,0.747,378.76,53.14,141.87,2.152,Esteso_Top_Diretto_Bottom,14.903,31.18,7.679,43.24,6.238,107.0,12.295,1.2,11.975,1.14,9.273,1.8,28.103,0.31,9.711,1.81,13.723,1.164,9.236,27.632,8.937,11.094,16.52,7.991,False
ML6,55,2025-10-26 15:00:00,2025-10-26 15:40:05,2025-10-26 15:58:37,2025-10-26 15:49:21.000,18.53,54.15,20.66,438.06,34.94,24.91,0.743,399.32,55.01,148.22,2.171,Esteso_Top_Diretto_Bottom,7.486,105.88,6.835,65.41,6.635,154.39,12.277,1.02,11.943,1.42,9.285,2.14,28.183,0.46,8.99,21.59,13.648,3.183,9.36,28.663,6.976,11.083,15.917,10.39,False
ML6,56,2025-10-26 16:00:00,2025-10-26 16:40:05,2025-10-26 16:58:56,2025-10-26 16:49:30.500,18.85,55.16,20.63,437.62,34.77,24.78,0.74,419.94,56.95,154.64,2.189,Esteso_Top_Diretto_Bottom,14.698,5.95,6.005,45.31,11.054,120.79,12.285,0.99,11.945,1.2,9.312,2.44,27.886,0.22,9.945,3.39,13.727,9.084,9.444,29.239,9.918,11.097,16.653,13.622,False
ML6,57,2025-10-26 17:00:00,2025-10-26 17:40:05,2025-10-26 17:58:04,2025-10-26 17:49:04.500,17.98,56.15,20.59,437.2,34.6,24.67,0.736,440.36,58.99,161.17,2.207,Esteso_Top_Diretto_Bottom,22.933,87.55,5.929,36.68,13.361,118.77,12.301,1.71,11.953,1.09,9.363,1.47,28.449,0.08,9.716,6.59,13.833,12.196,9.288,30.036,12.202,11.124,16.626,14.729,False
ML6,58,2025-10-26 18:00:00,2025-10-26 18:40:05,2025-10-26 18:58:42,2025-10-26 18:49:23.500,18.62,57.16,20.58,436.75,34.42,24.54,0.732,461.04,61.09,167.82,2.225,Esteso_Top_Diretto_Bottom,33.858,51.89,4.604,67.68,16.673,114.67,12.221,0.16,11.904,1.45,9.339,2.45,28.227,1.6,9.577,2.75,13.396,12.137,9.611,30.555,13.749,11.076,16.442,14.782,False
ML6,59,2025-10-26 19:00:00,2025-10-26 19:40:05,2025-10-26 19:59:43,2025-10-26 19:49:54.000,19.63,58.16,20.53,436.29,34.24,24.41,0.728,481.78,63.31,174.64,2.242,Esteso_Top_Diretto_Bottom,42.728,76.61,2.243,113.67,21.407,82.78,12.263,1.02,11.917,1.12,9.368,1.91,28.208,3.44,9.036,40.58,13.283,9.966,9.732,31.152,12.707,11.104,15.965,14.154,False
ML6,60,2025-10-26 20:00:00,2025-10-26 20:40:08,2025-10-26 20:59:03,2025-10-26 20:49:35.500,18.92,59.16,20.49,435.86,34.06,24.28,0.725,502.24,65.64,181.57,2.259,Esteso_Top_Diretto_Bottom,47.689,95.89,1.959,57.51,28.155,87.47,12.205,0.33,11.921,1.09,9.375,1.83,28.638,4.62,8.858,10.32,13.221,9.781,10.436,31.201,13.804,11.09,15.927,14.325,False
ML6,61,2025-10-26 21:00:00,2025-10-26 21:40:08,2025-10-26 21:58:58,2025-10-26 21:49:33.000,18.83,60.16,20.43,435.42,33.89,24.16,0.721,522.79,68.02,188.58,2.275,Esteso_Top_Diretto_Bottom,48.543,80.6,2.193,124.31,39.468,106.61,12.31,1.2,11.918,1.38,9.36,2.43,29.556,6.5,9.389,6.93,13.73,10.655,9.301,31.461,16.136,11.115,16.658,14.384,False
ML6,62,2025-10-26 22:00:00,2025-10-26 22:40:08,2025-10-26 22:58:53,2025-10-26 22:49:30.500,18.75,61.16,20.39,434.98,33.71,24.03,0.717,543.35,70.78,196.1,2.292,Esteso_Top_Diretto_Bottom,84.431,76.19,0.35,3.76,42.83,102.43,12.337,2.23,11.944,0.63,9.336,3.37,30.17,9.09,5.8,37.36,14.446,15.502,9.355,32.041,10.817,11.122,13.228,16.096,False
ML6,63,2025-10-26 23:00:00,2025-10-26 23:40:08,2025-10-26 23:59:38,2025-10-26 23:49:53.000,19.5,62.16,20.35,434.54,33.54,23.91,0.714,564.04,73.47,203.57,2.309,Esteso_Top_Diretto_Bottom,142.646,64.38,1.518,113.2,42.757,84.34,12.29,1.49,11.873,1.42,9.409,2.39,30.554,15.46,7.948,5.06,14.921,28.447,9.419,32.406,20.998,11.114,15.583,18.972,False
ML6,64,2025-10-27 00:00:00,2025-10-27 00:40:08,2025-10-27 00:58:47,2025-10-27 00:49:27.500,18.65,63.16,20.33,434.13,33.37,23.79,0.71,584.47,76.37,211.28,2.325,Esteso_Top_Diretto_Bottom,173.766,57.44,9.865,168.6,56.851,99.25,12.29,0.91,11.856,1.54,9.449,1.52,31.11,16.56,5.542,148.45,14.594,24.873,9.508,32.83,46.019,11.125,13.131,18.347,False
ML6,65,2025-10-27 01:00:00,2025-10-27 01:40:09,2025-10-27 01:59:26,2025-10-27 01:49:47.500,19.28,64.16,20.31,433.72,33.21,23.67,0.707,605.15,79.46,219.28,2.341,Esteso_Top_Diretto_Bottom,206.834,44.4,2.735,49.31,52.195,117.26,12.176,0.44,11.834,0.92,9.458,1.36,31.592,18.79,7.584,8.37,14.547,7.364,9.561,32.69,30.908,11.087,15.479,13.527,False
ML6,66,2025-10-27 02:00:00,2025-10-27 02:40:08,2025-10-27 02:59:35,2025-10-27 02:49:51.500,19.45,65.16,20.29,433.33,33.05,23.56,0.703,625.74,82.47,227.17,2.356,Esteso_Top_Diretto_Bottom,226.009,42.91,11.708,177.22,49.363,119.52,12.328,1.92,11.825,1.39,9.443,2.22,32.773,19.67,9.287,44.82,14.625,9.042,9.575,33.191,50.738,11.124,17.446,14.318,False
ML6,67,2025-10-27 03:00:00,2025-10-27 03:40:08,2025-10-27 03:59:21,2025-10-27 03:49:44.500,19.22,66.16,20.3,432.94,32.89,23.45,0.7,646.27,86.0,235.76,2.372,Esteso_Top_Diretto_Bottom,192.471,67.5,8.71,95.23,58.493,95.45,12.333,2.09,11.815,1.0,9.419,2.83,33.367,21.36,9.012,18.66,14.524,7.237,9.709,33.718,46.114,11.113,17.341,13.62,False
ML6,68,2025-10-27 04:00:00,2025-10-27 04:40:08,2025-10-27 04:58:50,2025-10-27 04:49:29.000,18.7,67.16,20.31,432.57,32.75,23.34,0.697,666.75,89.52,244.31,2.388,Esteso_Top_Diretto_Bottom,206.134,63.89,10.85,84.71,54.34,137.67,12.273,1.55,11.793,1.75,9.369,3.24,34.493,22.02,8.702,8.05,14.677,7.598,9.737,34.201,49.534,11.069,17.325,13.882,False
ML6,69,2025-10-27 05:00:00,2025-10-27 05:40:08,2025-10-27 05:59:18,2025-10-27 05:49:43.000,19.17,68.16,20.31,432.16,32.58,23.23,0.693,687.4,93.22,253.14,2.403,Esteso_Top_Diretto_Bottom,252.331,71.1,12.818,92.79,61.306,112.78,12.304,1.15,11.785,1.83,9.408,2.07,35.618,22.75,10.524,32.54,15.12,43.891,9.773,33.892,58.313,11.091,19.361,21.653,False
ML6,70,2025-10-27 06:00:00,2025-10-27 06:40:09,2025-10-27 06:58:56,2025-10-27 06:49:32.500,18.78,69.16,20.36,431.8,32.44,23.13,0.69,707.91,97.6,262.85,2.42,Esteso_Top_Diretto_Bottom,245.332,84.82,8.822,48.33,83.296,52.84,12.374,2.44,11.86,2.7,9.386,2.27,36.564,25.93,20.663,95.76,15.906,5.396,9.753,34.57,56.491,11.126,27.487,13.043,False
ML6,71,2025-10-27 07:00:00,2025-10-27 07:40:08,2025-10-27 07:59:16,2025-10-27 07:49:42.000,19.13,70.16,20.37,431.43,32.29,23.02,0.687,728.53,101.95,272.54,2.435,Esteso_Top_Diretto_Bottom,247.987,93.45,12.241,40.39,73.746,97.05,12.323,2.53,11.852,2.93,9.415,1.73,37.135,30.29,20.482,78.99,16.938,51.788,9.61,35.746,60.719,11.12,27.579,23.429,False
ML6,72,2025-10-27 08:00:00,2025-10-27 08:40:09,2025-10-27 08:59:02,2025-10-27 08:49:35.500,18.88,71.16,20.41,431.04,32.14,22.91,0.684,749.06,106.31,282.19,2.451,Esteso_Top_Diretto_Bottom,317.884,44.43,5.047,82.84,81.422,30.76,12.22,0.01,11.754,1.8,9.358,3.55,42.886,3.77,8.495,48.41,17.593,67.855,9.667,35.536,50.74,11.036,19.087,25.306,False
ML6,73,2025-10-27 09:00:00,2025-10-27 09:40:08,2025-10-27 09:59:56,2025-10-27 09:50:02.000,19.8,72.17,20.41,430.64,31.98,22.79,0.68,769.78,111.27,292.67,2.466,Esteso_Top_Diretto_Bottom,326.666,45.78,4.674,31.95,15.473,21.77,12.231,0.67,11.739,0.84,9.345,4.17,44.768,0.64,4.139,165.83,17.991,129.48,9.64,36.538,28.694,11.03,13.612,30.097,False
ML6,74,2025-10-27 10:00:00,2025-10-27 10:40:08,2025-10-27 11:00:06,2025-10-27 10:50:07.000,19.97,73.17,20.48,430.24,31.82,22.68,0.677,790.38,116.68,303.68,2.482,Esteso_Top_Diretto_Bottom,343.284,36.13,2.427,176.72,31.882,14.9,12.274,0.85,11.718,0.82,9.412,2.56,43.194,2.26,5.02,9.54,17.788,124.604,9.711,36.877,29.837,11.062,14.725,29.848,False
ML6,75,2025-10-27 11:00:00,2025-10-27 11:40:08,2025-10-27 11:59:29,2025-10-27 11:49:48.500,19.35,74.16,20.56,429.84,31.66,22.57,0.674,810.84,122.0,314.52,2.498,Esteso_Top_Diretto_Bottom,601.664,21.65,0.534,197.49,45.661,17.39,12.245,0.73,11.707,0.66,9.316,4.96,46.931,0.64,5.249,99.81,22.457,106.382,9.758,37.655,24.48,11.012,15.695,30.609,False
ML6,76,2025-10-27 12:00:00,2025-10-27 12:40:08,2025-10-27 12:59:28,2025-10-27 12:49:48.000,19.33,75.16,20.69,429.44,31.5,22.45,0.67,831.4,127.65,325.77,2.513,Esteso_Top_Diretto_Bottom,668.785,23.12,2.148,57.68,64.614,17.84,12.329,2.33,11.745,1.73,9.395,3.19,49.439,1.72,5.973,103.58,23.084,103.468,9.829,37.805,45.278,11.08,17.184,30.693,False
ML6,77,2025-10-27 13:00:00,2025-10-27 13:40:09,2025-10-27 14:00:37,2025-10-27 13:50:23.000,20.47,76.17,20.76,429.02,31.33,22.33,0.667,852.17,133.95,337.85,2.529,Esteso_Top_Diretto_Bottom,883.309,10.69,5.733,172.05,63.307,7.86,12.313,2.83,11.668,1.14,9.305,5.04,51.922,1.75,5.337,185.1,23.775,101.206,9.862,38.956,68.441,11.016,16.647,31.007,False
ML6,78,2025-10-27 14:00:00,2025-10-27 14:40:09,2025-10-27 15:00:39,2025-10-27 14:50:24.000,20.5,77.17,20.73,428.6,31.16,22.21,0.663,872.75,140.38,350.02,2.544,Esteso_Top_Diretto_Bottom,985.614,18.83,7.582,56.47,94.945,17.29,12.297,2.37,11.681,1.5,9.353,4.85,53.997,12.6,9.844,40.27,24.637,99.113,9.872,40.352,89.191,11.034,23.055,31.405,False
ML6,79,2025-10-27 15:00:00,2025-10-27 15:40:09,2025-10-27 16:00:20,2025-10-27 15:50:14.500,20.18,78.17,20.77,428.19,31.0,22.1,0.659,893.26,147.13,362.31,2.559,Oltre_Air_Entry_Top,1110.456,19.78,23.16,145.3,117.668,13.62,12.323,2.79,11.697,0.89,9.369,4.42,57.858,18.17,8.098,49.97,24.38,88.72,9.902,39.401,144.644,11.053,21.646,30.309,False
ML6,80,2025-10-27 16:00:00,2025-10-27 16:40:09,2025-10-27 17:00:21,2025-10-27 16:50:15.000,20.2,79.17,20.77,427.8,30.84,21.98,0.656,913.83,154.22,374.61,2.574,Oltre_Air_Entry_Top,1430.479,15.05,27.066,145.91,124.692,8.45,12.246,1.72,11.646,1.04,9.343,4.03,55.956,7.17,10.446,7.14,6.79,102.828,9.95,40.02,169.011,11.004,24.177,22.963,False
ML6,81,2025-10-27 17:00:00,2025-10-27 17:40:08,2025-10-27 17:59:46,2025-10-27 17:49:57.000,19.63,80.16,20.81,427.43,30.69,21.88,0.653,934.3,161.65,386.85,2.588,Oltre_Air_Entry_Top,440.962,45.04,21.008,143.47,140.065,22.21,12.321,2.05,11.67,0.63,9.343,4.06,57.86,0.12,9.521,111.18,16.72,76.29,9.958,38.231,109.07,11.034,23.471,26.398,False
ML6,82,2025-10-27 18:00:00,2025-10-27 18:40:08,2025-10-27 18:59:30,2025-10-27 18:49:49.000,19.37,81.16,20.79,427.06,30.54,21.77,0.65,954.82,169.42,399.12,2.601,Oltre_Air_Entry_Top,766.515,67.77,28.009,132.5,125.527,3.86,12.332,2.75,11.687,1.32,9.314,4.32,60.11,4.05,9.121,123.5,17.967,90.346,10.002,38.417,139.161,11.031,23.415,28.103,False
ML6,83,2025-10-27 19:00:00,2025-10-27 19:40:08,2025-10-27 19:59:51,2025-10-27 19:49:59.500,19.72,82.17,20.75,426.67,30.39,21.66,0.647,975.45,180.05,411.45,2.614,Oltre_Air_Entry_Top,1081.336,27.49,24.752,143.2,157.928,24.61,12.227,0.87,11.686,2.66,9.326,4.79,69.92,2.29,9.031,68.78,23.882,109.437,9.993,40.825,161.688,11.004,25.129,32.134,False
ML6,84,2025-10-27 20:00:00,2025-10-27 20:40:09,2025-10-27 20:59:22,2025-10-27 20:49:45.500,19.22,83.16,20.72,426.3,30.24,21.56,0.643,995.93,196.5,423.7,2.627,Oltre_Air_Entry_Top,24.438,78.16,39.798,151.7,171.413,14.47,12.345,1.84,11.627,0.99,9.327,4.66,54.321,0.13,21.488,73.09,17.817,149.904,10.19,41.331,55.037,11.021,34.165,32.567,False
ML6,85,2025-10-27 21:00:00,2025-10-27 21:40:08,2025-10-27 21:59:00,2025-10-27 21:49:34.000,18.87,84.16,20.68,425.93,30.09,21.45,0.64,1016.44,212.96,435.96,2.639,Oltre_Air_Entry_Top,186.611,116.63,21.344,121.57,183.091,21.62,12.285,1.12,11.738,0.87,9.392,4.49,58.705,6.17,12.146,64.44,29.804,164.981,10.375,42.428,90.011,11.064,26.703,38.356,False
ML6,86,2025-10-27 22:00:00,2025-10-27 22:40:09,2025-10-27 23:00:02,2025-10-27 22:50:05.500,19.88,85.17,20.66,425.54,29.93,21.34,0.637,1037.19,229.62,448.37,2.652,Oltre_Air_Entry_Top,1360.784,11.79,22.504,162.53,169.25,51.84,12.277,1.04,11.663,1.57,9.425,4.65,59.822,10.81,16.154,0.48,139.649,168.07,10.669,44.46,173.058,11.051,31.086,57.764,False
ML6,87,2025-10-27 23:00:00,2025-10-27 23:40:08,2025-10-28 00:00:24,2025-10-27 23:50:16.000,20.27,86.17,20.62,425.16,29.78,21.23,0.634,1057.81,246.18,460.7,2.663,Oltre_Air_Entry_Top,1552.764,32.43,27.277,167.02,216.447,6.03,12.226,2.06,11.753,3.09,9.528,4.4,50.825,5.94,7.298,186.96,137.12,167.796,10.612,46.7,209.291,11.104,19.259,58.11,False
ML6,88,2025-10-28 00:00:00,2025-10-28 00:40:09,2025-10-28 00:59:42,2025-10-28 00:49:55.500,19.55,87.16,20.58,424.77,29.63,21.12,0.63,1078.26,262.6,472.93,2.675,Oltre_Air_Entry_Top,1603.574,1.66,35.14,160.63,196.764,38.43,12.127,0.59,11.656,1.8,9.602,4.13,44.131,18.94,13.417,14.4,153.35,207.75,10.703,48.917,222.987,11.072,24.333,63.907,False
ML6,89,2025-10-28 01:00:00,2025-10-28 01:40:09,2025-10-28 02:00:05,2025-10-28 01:50:07.000,19.93,88.17,20.56,424.4,29.48,21.02,0.627,1098.9,279.17,485.27,2.686,Oltre_Air_Entry_Top,1720.637,18.92,17.236,162.21,234.288,7.87,12.229,2.64,11.722,1.71,9.6,4.7,48.471,10.48,10.391,96.85,139.214,219.408,10.356,49.417,190.821,11.123,22.442,62.878,False
ML6,90,2025-10-28 02:00:00,2025-10-28 02:40:09,2025-10-28 02:59:48,2025-10-28 02:49:58.500,19.65,89.16,20.52,424.03,29.33,20.91,0.624,1119.42,295.64,497.54,2.697,Oltre_Air_Entry_Top,1837.552,3.5,22.914,155.69,222.398,25.53,12.247,2.24,11.771,1.91,9.599,4.57,45.639,24.66,21.423,84.14,158.376,212.157,10.705,50.345,210.777,11.144,31.269,65.234,False
ML6,91,2025-10-28 03:00:00,2025-10-28 03:40:09,2025-10-28 03:59:36,2025-10-28 03:49:52.500,19.45,90.16,20.53,423.65,29.18,20.8,0.621,1139.95,312.13,509.82,2.707,Oltre_Air_Entry_Top,1382.09,0.95,36.234,158.4,223.397,16.38,12.206,0.62,11.767,2.8,9.59,5.0,51.785,19.75,17.52,28.75,147.447,274.28,10.836,51.549,223.654,11.126,30.121,68.941,False
ML6,92,2025-10-28 04:00:00,2025-10-28 04:40:09,2025-10-28 05:00:06,2025-10-28 04:50:07.500,19.95,91.17,20.49,423.28,29.03,20.7,0.618,1160.61,328.71,522.17,2.718,Oltre_Air_Entry_Top,2178.739,4.88,42.738,155.19,187.947,64.75,12.272,1.38,11.788,3.05,9.579,4.26,48.109,48.76,7.197,127.55,174.385,312.587,11.181,51.206,259.628,11.149,18.608,74.743,False
ML6,93,2025-10-28 05:00:00,2025-10-28 05:40:09,2025-10-28 06:00:06,2025-10-28 05:50:07.500,19.95,92.17,20.47,422.92,28.89,20.59,0.615,1181.17,345.22,534.47,2.728,Oltre_Air_Entry_Top,2108.547,26.52,32.673,162.32,240.478,24.1,12.249,0.06,11.803,2.6,9.572,5.14,51.7,29.97,6.982,196.43,173.852,354.283,11.115,51.784,254.927,11.144,18.999,77.163,False
ML6,94,2025-10-28 06:00:00,2025-10-28 06:40:09,2025-10-28 07:00:43,2025-10-28 06:50:26.000,20.57,93.17,20.47,422.56,28.75,20.49,0.612,1201.85,361.82,546.83,2.738,Oltre_Air_Entry_Top,2294.17,15.8,13.08,179.6,220.359,25.15,12.273,0.25,11.889,2.75,9.562,5.21,53.202,31.4,4.618,28.45,176.45,280.348,11.273,52.821,187.696,11.174,15.674,73.67,False
ML6,95,2025-10-28 07:00:00,2025-10-28 07:40:09,2025-10-28 08:00:54,2025-10-28 07:50:31.500,20.75,94.17,20.46,422.2,28.6,20.39,0.609,1222.45,378.36,559.15,2.748,Oltre_Air_Entry_Top,2634.859,10.53,12.263,51.75,121.056,23.94,12.323,0.56,11.777,2.55,9.552,5.26,60.42,13.88,1.839,147.63,156.35,316.171,11.129,52.935,157.56,11.15,10.541,73.461,False
ML6,96,2025-10-28 08:00:00,2025-10-28 08:40:09,2025-10-28 08:59:49,2025-10-28 08:49:59.000,19.67,95.17,20.49,421.86,28.46,20.29,0.606,1242.83,394.73,571.33,2.757,Oltre_Air_Entry_Top,1439.103,15.64,3.39,48.5,173.107,38.24,12.318,0.46,11.814,2.29,9.526,5.44,62.546,5.0,21.924,118.12,97.471,290.082,10.982,55.392,94.523,11.15,37.031,64.399,False
ML6,97,2025-10-28 09:00:00,2025-10-28 09:40:09,2025-10-28 09:59:45,2025-10-28 09:49:57.000,19.6,96.16,20.51,421.53,28.33,20.2,0.603,1263.39,411.23,583.63,2.766,Oltre_Air_Entry_Top,1432.581,22.6,14.234,178.73,224.501,28.09,12.41,0.61,11.831,3.19,9.495,5.72,62.435,3.89,6.979,199.76,82.257,324.092,11.434,55.461,166.043,11.171,20.874,64.122,False
ML6,98,2025-10-28 10:00:00,2025-10-28 10:40:09,2025-10-28 10:59:32,2025-10-28 10:49:50.500,19.38,97.16,20.62,421.2,28.2,20.1,0.6,1283.92,427.71,595.9,2.775,Oltre_Air_Entry_Top,1479.426,15.23,14.633,72.94,250.372,17.18,12.409,0.67,11.824,3.39,9.467,5.64,64.05,1.0,9.861,106.05,104.963,346.802,11.223,57.186,175.659,11.158,25.132,69.523,False
ML6,99,2025-10-28 11:00:00,2025-10-28 11:40:09,2025-10-28 11:58:55,2025-10-28 11:49:32.000,18.77,98.16,20.85,420.9,28.08,20.02,0.597,1304.38,444.14,608.14,2.784,Oltre_Air_Entry_Top,1384.554,5.98,19.118,166.34,255.549,18.55,12.424,1.29,11.87,3.25,9.433,5.95,66.574,1.17,21.664,8.78,142.012,330.356,11.254,58.955,189.122,11.163,37.977,74.694,False
ML6,100,2025-10-28 12:00:00,2025-10-28 12:40:09,2025-10-28 12:59:17,2025-10-28 12:49:43.000,19.13,99.16,21.0,420.56,27.94,19.92,0.595,1325.01,460.71,620.47,2.793,Oltre_Air_Entry_Top,1236.983,18.21,41.661,177.35,269.27,23.55,12.453,1.75,11.946,2.58,9.408,5.75,68.679,4.46,29.308,39.9,72.767,350.451,11.079,59.094,240.304,11.186,44.865,63.922,False
ML6,101,2025-10-28 13:00:00,2025-10-28 13:40:08,2025-10-28 13:59:01,2025-10-28 13:49:34.500,18.88,100.16,21.08,420.21,27.81,19.82,0.592,1345.53,477.18,632.74,2.801,Oltre_Air_Entry_Top,477.158,25.45,22.863,124.87,345.445,49.06,12.494,1.56,12.005,3.58,9.397,5.73,66.71,0.42,22.002,21.75,55.706,325.549,11.447,56.38,155.617,11.212,38.311,58.49,False
ML6,102,2025-10-28 14:00:00,2025-10-28 14:40:08,2025-10-28 14:58:44,2025-10-28 14:49:26.000,18.6,101.16,21.09,419.88,27.67,19.73,0.589,1366.05,493.66,645.01,2.81,Oltre_Air_Entry_Top,320.713,43.03,35.716,186.87,418.545,28.23,12.533,1.93,12.308,4.27,9.405,6.55,62.681,2.13,16.742,102.04,70.231,331.21,11.783,63.063,168.619,11.321,32.395,64.479,False
ML6,103,2025-10-28 15:00:00,2025-10-28 15:40:08,2025-10-28 15:59:23,2025-10-28 15:49:45.500,19.25,102.16,21.1,419.55,27.54,19.63,0.586,1386.73,510.26,657.38,2.818,Oltre_Air_Entry_Top,78.621,196.2,26.734,184.59,489.292,27.38,12.71,3.93,12.306,1.33,9.506,7.65,69.29,0.43,15.318,113.86,62.23,343.076,12.05,75.116,100.939,11.414,32.579,66.302,False
ML6,104,2025-10-28 16:00:00,2025-10-28 16:40:08,2025-10-28 16:59:26,2025-10-28 16:49:47.000,19.3,103.16,20.99,419.17,27.39,19.52,0.583,1407.31,526.78,669.68,2.826,Oltre_Air_Entry_Top,18.039,178.2,16.855,14.0,469.651,44.56,12.972,3.22,12.565,2.48,9.527,6.75,75.236,1.94,28.681,109.04,91.995,288.619,14.072,76.881,52.268,11.58,46.453,73.209,False
ML6,105,2025-10-28 17:00:00,2025-10-28 17:40:09,2025-10-28 18:00:18,2025-10-28 17:50:13.500,20.15,104.17,20.89,418.81,27.24,19.42,0.58,1428.03,543.42,682.07,2.834,Oltre_Air_Entry_Top,689.3,23.56,15.046,39.54,472.08,54.2,13.318,4.51,12.611,3.18,9.543,6.85,82.852,1.68,40.397,21.77,156.883,282.372,15.594,75.993,169.804,11.703,57.853,85.12,False
ML6,106,2025-10-28 18:00:00,2025-10-28 18:40:09,2025-10-28 19:00:51,2025-10-28 18:50:30.000,20.7,105.17,20.9,418.49,27.12,19.33,0.577,1448.69,560.01,694.43,2.842,Oltre_Air_Entry_Top,1465.597,23.23,10.755,89.15,554.169,48.46,13.335,7.07,12.565,0.62,9.562,7.63,83.205,2.09,40.561,8.66,243.24,306.599,17.095,86.264,205.947,11.701,58.094,102.406,False
ML6,107,2025-10-28 19:00:00,2025-10-28 19:40:09,2025-10-28 20:00:17,2025-10-28 19:50:13.000,20.13,106.17,20.91,418.15,26.98,19.23,0.574,1469.16,576.44,706.67,2.849,Oltre_Air_Entry_Top,1798.996,9.91,23.151,159.95,600.773,57.61,13.771,9.26,12.95,2.16,9.64,7.3,92.883,2.17,112.907,109.55,326.252,295.12,15.601,94.373,292.485,11.979,102.407,109.116,False
ML6,108,2025-10-28 20:00:00,2025-10-28 20:40:09,2025-10-28 20:59:58,2025-10-28 20:50:03.500,19.82,107.17,20.92,417.82,26.85,19.14,0.571,1489.68,592.91,718.93,2.857,Oltre_Air_Entry_Top,1746.052,0.53,25.098,93.39,647.263,47.57,13.8,8.54,12.997,2.51,9.646,8.27,85.86,3.69,41.919,62.27,316.812,311.358,16.585,96.227,304.971,12.005,59.993,112.013,False
ML6,109,2025-10-28 21:00:00,2025-10-28 21:40:09,2025-10-28 21:59:26,2025-10-28 21:49:47.500,19.28,108.16,20.89,417.49,26.71,19.04,0.568,1510.15,609.35,731.18,2.864,Oltre_Air_Entry_Top,1732.773,5.31,21.177,158.62,636.165,59.74,13.935,10.01,13.14,2.33,9.713,8.45,89.609,2.82,73.154,57.74,295.126,320.376,15.118,100.506,285.798,12.116,80.965,109.481,False
ML6,110,2025-10-28 22:00:00,2025-10-28 22:40:09,2025-10-28 23:00:08,2025-10-28 22:50:08.500,19.98,109.17,20.89,417.15,26.58,18.95,0.566,1530.84,625.96,743.55,2.871,Oltre_Air_Entry_Top,2243.589,0.65,22.419,73.21,661.614,66.33,14.011,10.62,13.207,1.36,9.797,9.75,89.676,0.88,59.345,2.63,299.555,370.542,15.073,96.53,321.653,12.193,72.951,112.731,False
ML6,111,2025-10-28 23:00:00,2025-10-28 23:40:09,2025-10-29 00:00:40,2025-10-28 23:50:24.500,20.52,110.17,20.85,416.83,26.45,18.86,0.563,1551.5,642.55,755.9,2.878,Oltre_Air_Entry_Top,2302.022,8.18,16.87,18.15,731.893,95.59,13.877,11.11,13.312,1.78,9.989,11.88,87.833,3.73,158.521,123.11,294.459,471.405,24.066,96.265,305.181,12.266,117.997,133.913,False
ML6,112,2025-10-29 00:00:00,2025-10-29 00:40:09,2025-10-29 01:00:13,2025-10-29 00:50:11.000,20.07,111.17,20.82,416.49,26.32,18.76,0.56,1571.99,659.0,768.15,2.885,Oltre_Air_Entry_Top,2782.381,12.16,23.659,123.86,844.535,112.18,13.945,11.55,13.393,2.04,10.032,13.45,69.615,82.85,158.144,136.11,312.423,513.164,32.372,96.945,381.66,12.328,104.925,149.77,False
ML6,113,2025-10-29 01:00:00,2025-10-29 01:40:09,2025-10-29 01:59:40,2025-10-29 01:49:54.500,19.52,112.16,20.83,416.16,26.18,18.67,0.557,1592.46,675.44,780.4,2.892,Oltre_Air_Entry_Top,2809.636,12.49,30.018,27.97,904.048,148.19,13.783,11.58,13.658,4.46,10.012,13.81,91.868,7.25,161.781,123.01,286.507,594.447,40.197,86.927,424.041,12.352,121.912,156.189,False
ML6,114,2025-10-29 02:00:00,2025-10-29 02:40:09,2025-10-29 02:59:15,2025-10-29 02:49:42.000,19.1,113.16,20.81,415.85,26.06,18.58,0.554,1612.96,691.9,792.65,2.899,Oltre_Air_Entry_Top,2033.074,3.36,32.222,13.22,973.973,140.61,13.649,11.49,13.726,3.35,9.959,13.59,89.989,8.95,216.82,141.57,266.869,635.471,49.993,67.29,399.593,12.311,139.683,154.548,False
ML6,115,2025-10-29 03:00:00,2025-10-29 03:40:09,2025-10-29 03:59:19,2025-10-29 03:49:44.000,19.17,114.16,20.83,415.53,25.93,18.49,0.552,1633.54,708.42,804.96,2.906,Oltre_Air_Entry_Top,1978.075,6.62,31.008,100.55,1046.645,154.53,13.461,10.34,13.863,3.2,9.958,14.2,84.854,4.1,188.129,148.68,257.731,664.499,61.341,60.175,400.41,12.294,126.347,158.565,False
ML6,116,2025-10-29 04:00:00,2025-10-29 04:40:09,2025-10-29 04:59:34,2025-10-29 04:49:51.500,19.42,115.16,20.8,415.24,25.82,18.4,0.549,1654.15,724.97,817.28,2.912,Oltre_Air_Entry_Top,1737.914,17.49,46.78,69.85,1207.795,162.78,13.343,9.1,13.796,2.7,9.822,12.9,77.262,2.24,230.648,175.54,191.107,679.083,62.55,33.878,461.347,12.182,133.493,128.776,False
ML6,117,2025-10-29 05:00:00,2025-10-29 05:40:09,2025-10-29 06:00:54,2025-10-29 05:50:31.500,20.75,116.17,20.82,414.92,25.69,18.31,0.547,1674.95,741.67,829.72,2.919,Oltre_Air_Entry_Top,1848.642,24.52,15.995,23.16,1207.812,177.34,13.247,7.64,13.996,3.54,9.661,11.1,87.611,5.36,247.545,161.6,243.87,717.644,57.698,4.117,329.315,12.145,147.267,80.298,False
ML6,118,2025-10-29 06:00:00,2025-10-29 06:40:09,2025-10-29 07:00:38,2025-10-29 06:50:23.500,20.48,117.17,20.83,414.62,25.57,18.23,0.544,1695.47,758.14,841.99,2.925,Oltre_Air_Entry_Top,2560.844,17.17,17.704,33.93,1312.919,177.5,13.282,8.19,14.062,4.09,9.542,9.67,85.286,2.62,60.506,106.1,209.514,738.874,53.412,9.42,390.449,12.124,71.835,93.944,False
ML6,119,2025-10-29 07:00:00,2025-10-29 07:40:09,2025-10-29 08:00:57,2025-10-29 07:50:33.000,20.8,118.17,20.83,414.31,25.45,18.14,0.541,1716.09,774.7,854.32,2.932,Oltre_Air_Entry_Top,2335.54,30.57,31.236,106.95,1362.794,194.36,13.384,9.43,13.939,0.35,9.579,10.15,83.212,4.08,53.344,113.8,185.587,766.022,49.928,16.832,463.259,12.135,66.625,104.548,False
ML6,120,2025-10-29 08:00:00,2025-10-29 08:40:09,2025-10-29 09:00:04,2025-10-29 08:50:06.500,19.92,119.17,20.87,414.03,25.33,18.06,0.539,1736.51,791.09,866.53,2.938,Oltre_Air_Entry_Top,2387.696,25.9,46.482,156.37,1549.674,185.29,13.435,11.4,14.255,5.18,9.562,9.48,82.807,6.57,114.81,160.81,177.32,776.9,50.762,26.747,556.119,12.234,97.504,116.946,False
ML6,121,2025-10-29 09:00:00,2025-10-29 09:40:10,2025-10-29 09:59:48,2025-10-29 09:49:59.000,19.63,120.17,20.95,413.73,25.21,17.97,0.536,1757.04,807.57,878.8,2.944,Oltre_Air_Entry_Top,2129.502,32.78,40.903,123.44,1643.935,186.92,13.536,12.66,14.355,5.14,9.585,9.99,77.826,2.57,165.477,166.12,149.564,850.447,49.181,31.844,523.166,12.303,113.483,118.802,False
ML6,122,2025-10-29 10:00:00,2025-10-29 10:40:09,2025-10-29 10:59:50,2025-10-29 10:49:59.500,19.68,121.17,21.13,413.46,25.1,17.9,0.534,1777.61,824.09,891.1,2.95,Oltre_Air_Entry_Top,1748.37,32.64,41.154,17.54,1717.341,179.09,13.585,13.65,14.522,4.77,9.554,9.56,77.991,4.75,109.955,156.56,176.636,852.555,52.117,38.517,498.082,12.353,92.604,131.859,False
ML6,123,2025-10-29 11:00:00,2025-10-29 11:40:09,2025-10-29 12:00:49,2025-10-29 11:50:29.000,20.67,122.17,21.19,413.16,24.98,17.81,0.532,1798.34,840.74,903.5,2.956,Oltre_Air_Entry_Top,1858.169,17.89,37.793,55.57,1795.037,165.54,13.535,13.53,14.587,6.18,9.434,6.89,80.522,4.76,99.224,18.65,172.709,875.034,56.181,55.662,501.407,12.304,89.385,147.442,False
ML6,124,2025-10-29 12:00:00,2025-10-29 12:40:09,2025-10-29 13:00:25,2025-10-29 12:50:17.000,20.27,123.17,21.29,412.87,24.87,17.73,0.529,1818.84,857.2,915.76,2.962,Oltre_Air_Entry_Top,1824.648,25.53,30.761,93.7,1901.979,173.0,13.473,12.48,14.775,6.62,9.244,3.31,86.446,3.44,247.006,109.24,185.656,913.346,52.756,81.25,474.382,12.254,146.126,164.195,False
ML6,125,2025-10-29 13:00:00,2025-10-29 13:40:09,2025-10-29 14:00:41,2025-10-29 13:50:25.000,20.53,124.17,21.36,412.59,24.76,17.65,0.527,1839.46,873.75,928.08,2.968,Oltre_Air_Entry_Top,2058.241,19.13,14.733,149.19,2237.774,159.25,13.55,14.5,15.117,7.63,9.165,1.83,89.43,6.98,215.464,86.27,203.074,892.536,52.859,80.873,407.882,12.336,138.813,166.84,False
ML7,1,2025-07-23 13:00:00,2025-07-23 13:10:08,2025-07-23 13:22:56,2025-07-23 13:16:32.000,12.8,0.11,25.32,394.98,38.25,31.95,0.696,0.11,-0.11,0.0,,Diretto_Entrambi_Tensiometri,64.22,0.06,58.498,0.6,62.556,0.3,54.188,0.46,53.676,0.38,50.444,0.23,33.876,4.75,61.125,1.2,111.363,70.314,58.428,42.003,61.711,52.743,45.505,66.21,True
ML7,2,2025-07-23 14:00:00,2025-07-23 14:10:08,2025-07-23 14:23:02,2025-07-23 14:16:35.000,12.9,1.11,25.62,394.28,37.97,31.71,0.69,0.13,-0.11,0.0,,Diretto_Entrambi_Tensiometri,63.676,0.1,57.44,0.65,61.985,0.12,53.129,0.14,52.568,0.68,50.635,0.42,32.762,6.48,58.601,2.31,108.853,69.043,57.938,41.634,60.976,52.1,43.817,65.252,True
ML7,3,2025-07-23 15:00:00,2025-07-23 15:10:08,2025-07-23 15:23:05,2025-07-23 15:16:36.500,12.95,2.11,25.65,393.57,37.69,31.47,0.685,0.16,-0.08,0.0,,Diretto_Entrambi_Tensiometri,63.079,0.01,57.041,0.83,61.65,0.83,52.265,0.59,51.248,0.33,50.127,0.66,32.84,5.45,56.424,1.32,106.9,67.857,57.469,41.335,60.534,51.206,43.046,64.429,True
ML7,4,2025-07-23 16:00:00,2025-07-23 16:10:08,2025-07-23 16:23:07,2025-07-23 16:16:37.500,12.98,3.11,25.65,392.89,37.42,31.25,0.68,0.24,0.0,0.02,-1.607,Diretto_Entrambi_Tensiometri,62.952,0.14,56.647,0.41,61.064,0.83,52.431,0.24,51.312,0.09,50.484,1.56,35.617,7.29,54.791,1.65,106.589,67.077,57.138,40.863,60.162,51.403,44.176,63.92,True
ML7,5,2025-07-23 17:00:00,2025-07-23 17:10:08,2025-07-23 17:23:02,2025-07-23 17:16:35.000,12.9,4.11,25.59,392.2,37.14,31.02,0.675,0.33,0.09,0.17,-0.769,Diretto_Entrambi_Tensiometri,63.074,0.15,57.256,1.61,61.041,0.37,52.267,0.41,51.565,0.8,50.135,0.84,39.661,8.48,53.227,2.18,105.476,66.666,57.175,40.508,60.408,51.315,45.946,63.526,True
ML7,6,2025-07-23 18:00:00,2025-07-23 18:10:08,2025-07-23 18:23:09,2025-07-23 18:16:38.500,13.02,5.11,25.58,391.54,36.88,30.8,0.67,0.38,0.14,0.23,-0.642,Diretto_Entrambi_Tensiometri,62.903,0.01,57.045,1.09,60.519,0.25,52.647,0.59,51.69,0.37,49.781,0.97,39.339,8.49,51.629,2.62,105.395,65.944,57.198,40.203,60.107,51.359,45.067,63.228,True
ML7,7,2025-07-23 19:00:00,2025-07-23 19:10:08,2025-07-23 19:23:14,2025-07-23 19:16:41.000,13.1,6.11,25.58,390.89,36.62,30.58,0.666,0.41,0.16,0.26,-0.588,Diretto_Entrambi_Tensiometri,62.687,0.05,57.001,0.03,60.892,0.88,52.68,0.24,51.726,0.27,50.114,1.19,38.408,10.85,50.675,0.7,104.434,65.579,57.081,40.103,60.146,51.496,44.117,62.924,True
ML7,8,2025-07-23 20:00:00,2025-07-23 20:10:08,2025-07-23 20:22:52,2025-07-23 20:16:30.000,12.73,7.11,25.49,390.23,36.35,30.36,0.661,0.5,0.26,0.36,-0.444,Diretto_Entrambi_Tensiometri,62.67,0.03,57.764,0.76,60.246,0.75,52.889,0.26,51.968,0.1,49.759,0.23,25.189,5.41,50.437,0.01,105.988,65.173,57.012,39.495,60.193,51.522,35.643,62.8,True
ML7,9,2025-07-23 21:00:00,2025-07-23 21:10:08,2025-07-23 21:23:11,2025-07-23 21:16:39.500,13.05,8.11,25.38,389.58,36.09,30.14,0.656,0.58,0.33,0.44,-0.357,Diretto_Entrambi_Tensiometri,62.512,0.02,58.12,1.61,60.491,1.24,52.112,1.11,52.016,0.65,51.224,0.78,25.657,5.1,41.139,5.62,106.8,69.481,56.862,39.247,60.348,51.782,32.489,63.792,True
ML7,10,2025-07-23 22:00:00,2025-07-23 22:10:08,2025-07-23 22:23:04,2025-07-23 22:16:36.000,12.93,9.11,25.27,388.95,35.84,29.93,0.652,0.66,0.42,0.52,-0.281,Diretto_Entrambi_Tensiometri,62.485,0.11,57.78,2.1,60.8,0.67,52.105,0.25,52.398,0.66,51.247,0.15,27.03,5.55,40.502,5.55,106.043,69.496,56.854,38.503,60.323,51.914,33.087,63.376,True
ML7,11,2025-07-23 23:00:00,2025-07-23 23:10:08,2025-07-23 23:22:58,2025-07-23 23:16:33.000,12.83,10.11,25.13,388.35,35.6,29.73,0.647,0.75,0.5,0.61,-0.212,Diretto_Entrambi_Tensiometri,62.75,0.13,58.351,1.5,60.668,0.85,52.075,0.64,52.618,0.12,51.753,1.17,27.958,5.07,39.774,6.21,105.915,69.403,56.779,38.193,60.563,52.147,33.347,63.187,True
ML7,12,2025-07-24 00:00:00,2025-07-24 00:10:08,2025-07-24 00:22:56,2025-07-24 00:16:32.000,12.8,11.11,25.12,387.76,35.36,29.53,0.643,0.82,0.58,0.69,-0.161,Diretto_Entrambi_Tensiometri,62.648,0.17,58.08,1.14,61.604,1.59,52.685,0.98,52.905,0.47,51.902,0.56,28.39,5.52,39.343,6.04,106.02,69.428,57.587,39.297,60.746,52.496,33.421,63.885,True
ML7,13,2025-07-24 01:00:00,2025-07-24 01:10:08,2025-07-24 01:22:48,2025-07-24 01:16:28.000,12.67,12.11,25.04,387.18,35.13,29.34,0.639,0.82,0.57,0.68,-0.165,Diretto_Entrambi_Tensiometri,63.229,0.58,57.399,2.22,61.763,2.21,52.654,0.43,53.121,0.47,52.278,0.99,29.805,4.82,39.548,5.98,107.26,68.248,57.535,39.733,60.746,52.683,34.333,63.959,True
ML7,14,2025-07-24 02:00:00,2025-07-24 02:10:08,2025-07-24 02:22:50,2025-07-24 02:16:29.000,12.7,13.11,25.05,386.61,34.9,29.15,0.635,0.92,0.67,0.78,-0.105,Diretto_Entrambi_Tensiometri,63.682,0.14,58.038,0.43,62.028,0.49,53.1,0.42,53.494,0.49,52.197,0.59,29.877,5.34,39.384,5.6,107.872,67.896,57.56,39.748,61.203,52.928,34.303,63.98,True
ML7,15,2025-07-24 03:00:00,2025-07-24 03:10:08,2025-07-24 03:22:50,2025-07-24 03:16:29.000,12.7,14.11,24.98,386.04,34.68,28.96,0.63,1.01,0.77,0.88,-0.056,Diretto_Entrambi_Tensiometri,63.615,0.07,58.221,0.14,62.278,0.34,53.288,0.87,53.95,0.66,52.812,0.62,31.629,5.53,39.21,5.59,107.892,67.489,56.653,40.073,61.328,53.348,35.216,63.764,True
ML7,16,2025-07-24 04:00:00,2025-07-24 04:10:08,2025-07-24 04:22:49,2025-07-24 04:16:28.500,12.68,15.11,24.97,385.49,34.46,28.78,0.626,1.07,0.83,0.95,-0.024,Diretto_Entrambi_Tensiometri,63.671,0.03,58.862,1.07,62.241,0.5,53.212,0.6,54.328,0.8,53.217,0.8,32.844,5.21,39.701,5.58,108.023,66.274,56.548,39.83,61.558,53.583,36.11,63.368,True
ML7,17,2025-07-24 05:00:00,2025-07-24 05:10:08,2025-07-24 05:22:49,2025-07-24 05:16:28.500,12.68,16.11,24.92,384.97,34.25,28.6,0.623,1.13,0.89,1.01,0.002,Diretto_Entrambi_Tensiometri,63.408,0.06,58.728,0.66,63.147,1.72,53.368,0.2,54.478,0.61,53.258,0.48,34.139,5.09,39.497,5.35,108.476,66.061,56.57,39.578,61.723,53.699,36.72,63.289,True
ML7,18,2025-07-24 06:00:00,2025-07-24 06:10:08,2025-07-24 06:22:50,2025-07-24 06:16:29.000,12.7,17.11,24.92,384.46,34.04,28.43,0.619,1.22,0.98,1.1,0.039,Diretto_Entrambi_Tensiometri,63.271,0.01,58.542,1.0,63.671,0.07,53.327,0.59,54.789,0.11,53.892,0.41,34.946,5.01,43.391,5.35,108.365,67.15,56.454,39.354,61.783,53.999,38.94,63.41,True
ML7,19,2025-07-24 07:00:00,2025-07-24 07:10:08,2025-07-24 07:22:50,2025-07-24 07:16:29.000,12.7,18.11,25.51,383.89,33.82,28.24,0.615,1.28,1.04,1.15,0.061,Diretto_Entrambi_Tensiometri,63.175,0.15,58.17,0.57,63.824,1.42,53.595,0.45,55.052,0.14,53.949,0.42,35.8,4.41,43.641,4.84,108.414,66.428,56.163,38.979,61.67,54.195,39.527,63.013,True
ML7,20,2025-07-24 08:00:00,2025-07-24 08:10:08,2025-07-24 08:22:43,2025-07-24 08:16:25.500,12.58,19.1,26.48,383.25,33.56,28.03,0.61,1.38,1.13,1.25,0.096,Diretto_Entrambi_Tensiometri,63.08,0.24,58.518,0.94,64.178,0.52,53.513,0.46,55.221,0.21,53.881,0.02,36.966,5.42,45.362,4.97,109.352,64.445,56.151,38.308,61.876,54.2,40.949,62.397,True
ML7,21,2025-07-24 09:00:00,2025-07-24 09:10:08,2025-07-24 09:22:46,2025-07-24 09:16:27.000,12.63,20.11,26.85,382.59,33.29,27.81,0.605,1.48,1.24,1.36,0.132,Diretto_Entrambi_Tensiometri,63.206,0.13,58.43,0.37,64.427,0.17,53.666,0.32,55.698,0.22,54.448,0.14,39.201,4.55,45.792,4.3,110.233,64.884,56.44,38.181,61.966,54.598,42.369,62.657,True
ML7,22,2025-07-24 10:00:00,2025-07-24 10:10:08,2025-07-24 10:22:49,2025-07-24 10:16:28.500,12.68,21.11,26.88,381.92,33.03,27.58,0.601,1.56,1.31,1.43,0.155,Diretto_Entrambi_Tensiometri,63.288,0.01,58.139,0.17,64.466,0.25,53.848,0.64,55.902,0.06,54.892,1.44,41.249,4.66,45.964,4.32,109.798,64.271,56.762,37.502,61.902,54.874,43.543,62.256,True
ML7,23,2025-07-24 11:00:00,2025-07-24 11:10:08,2025-07-24 11:22:54,2025-07-24 11:16:31.000,12.77,22.11,27.6,381.09,32.7,27.31,0.594,1.68,1.44,1.56,0.192,Diretto_Entrambi_Tensiometri,63.512,0.23,58.926,0.89,64.916,1.7,53.606,0.08,55.989,0.2,55.085,0.79,43.536,4.07,47.761,5.36,109.604,64.893,57.027,36.95,62.398,54.885,45.6,62.22,True
ML7,24,2025-07-24 12:00:00,2025-07-24 12:10:08,2025-07-24 12:22:29,2025-07-24 12:16:18.500,12.35,23.1,27.25,380.49,32.46,27.11,0.59,1.81,1.57,1.68,0.226,Diretto_Entrambi_Tensiometri,64.011,0.25,58.81,0.59,66.158,0.95,54.196,1.03,56.778,0.11,55.887,0.5,51.38,0.25,49.815,2.93,111.407,65.45,57.2,36.936,62.916,55.61,50.591,62.649,True
ML7,25,2025-07-24 13:00:00,2025-07-24 13:10:08,2025-07-24 13:22:37,2025-07-24 13:16:22.500,12.48,24.1,26.72,379.92,32.23,26.92,0.586,1.9,1.67,1.78,0.251,Diretto_Entrambi_Tensiometri,64.41,0.12,59.689,1.32,66.244,0.12,54.567,1.06,57.7,0.47,56.269,1.58,52.583,0.94,50.682,2.27,112.194,65.854,57.03,36.405,63.387,56.164,51.624,62.583,True
ML7,26,2025-07-24 14:00:00,2025-07-24 14:10:08,2025-07-24 14:22:43,2025-07-24 14:16:25.500,12.58,25.1,26.6,379.32,31.99,26.71,0.582,2.05,1.81,1.93,0.285,Diretto_Entrambi_Tensiometri,64.846,0.05,59.696,0.14,66.641,0.17,55.052,0.11,58.414,0.01,56.272,1.07,53.835,0.59,51.333,2.6,112.618,65.844,56.709,36.17,63.659,56.562,52.569,62.45,True
ML7,27,2025-07-24 15:00:00,2025-07-24 15:10:08,2025-07-24 15:22:48,2025-07-24 15:16:28.000,12.67,26.11,26.48,378.75,31.76,26.53,0.577,2.17,1.92,2.04,0.31,Diretto_Entrambi_Tensiometri,65.056,0.12,59.881,0.22,67.66,1.06,55.447,0.94,58.786,0.32,56.466,0.51,58.066,0.9,51.925,2.46,113.169,66.136,56.495,36.02,64.116,56.883,54.91,62.471,True
ML7,28,2025-07-24 16:00:00,2025-07-24 16:10:08,2025-07-24 16:22:48,2025-07-24 16:16:28.000,12.67,27.11,26.29,378.22,31.55,26.35,0.574,2.25,2.01,2.12,0.327,Diretto_Entrambi_Tensiometri,65.368,0.05,60.415,0.93,68.086,1.51,55.79,0.78,59.131,0.55,56.504,0.3,58.329,0.02,52.501,3.12,113.217,66.259,56.073,35.603,64.544,57.124,55.338,62.208,True
ML7,29,2025-07-24 17:00:00,2025-07-24 17:10:08,2025-07-24 17:22:56,2025-07-24 17:16:32.000,12.8,28.11,26.22,377.67,31.33,26.16,0.57,2.38,2.13,2.25,0.353,Diretto_Entrambi_Tensiometri,65.772,0.25,60.77,0.6,68.765,1.05,56.467,0.69,59.777,0.73,57.317,1.01,48.303,0.33,53.133,3.2,111.411,66.313,57.291,35.719,65.018,57.837,50.66,62.356,True
ML7,30,2025-07-24 18:00:00,2025-07-24 18:10:08,2025-07-24 18:22:52,2025-07-24 18:16:30.000,12.73,29.11,26.19,377.15,31.12,25.99,0.566,2.47,2.24,2.35,0.371,Diretto_Entrambi_Tensiometri,66.13,0.16,61.094,1.16,69.395,0.99,56.492,0.31,60.376,0.9,57.481,0.9,48.191,1.49,53.582,2.01,112.012,66.698,57.511,35.625,65.45,58.093,50.815,62.549,True
ML7,31,2025-07-24 19:00:00,2025-07-24 19:10:08,2025-07-24 19:22:51,2025-07-24 19:16:29.500,12.72,30.11,26.15,376.65,30.92,25.82,0.562,2.59,2.35,2.47,0.392,Diretto_Entrambi_Tensiometri,66.367,0.19,61.089,0.53,70.001,0.8,56.85,0.11,60.852,0.63,57.545,0.18,49.409,1.26,54.016,2.12,112.321,67.132,57.574,35.362,65.716,58.39,51.661,62.595,True
ML7,32,2025-07-24 20:00:00,2025-07-24 20:10:08,2025-07-24 20:22:51,2025-07-24 20:16:29.500,12.72,31.11,25.99,376.15,30.72,25.65,0.559,2.69,2.45,2.57,0.41,Diretto_Entrambi_Tensiometri,66.601,0.22,61.325,0.73,70.71,1.02,57.371,0.36,61.325,1.0,58.262,1.07,50.96,1.42,54.768,2.37,112.526,67.731,57.506,35.18,66.1,58.962,52.83,62.663,True
ML7,33,2025-07-24 21:00:00,2025-07-24 21:10:08,2025-07-24 21:22:58,2025-07-24 21:16:33.000,12.83,32.11,25.89,375.68,30.53,25.5,0.555,2.79,2.54,2.66,0.426,Diretto_Entrambi_Tensiometri,66.835,0.11,61.489,0.72,70.931,0.28,57.856,1.02,61.824,0.97,58.137,0.28,53.329,0.81,55.186,3.21,111.989,68.276,57.51,35.022,66.305,59.245,54.25,62.644,True
ML7,34,2025-07-24 22:00:00,2025-07-24 22:10:08,2025-07-24 22:23:06,2025-07-24 22:16:37.000,12.97,33.11,25.79,375.26,30.36,25.36,0.552,2.89,2.65,2.77,0.442,Diretto_Entrambi_Tensiometri,66.975,0.25,61.814,1.57,71.546,0.18,57.616,0.28,61.518,1.6,58.786,0.86,53.912,0.78,56.107,2.48,110.015,71.022,57.66,35.004,66.659,59.284,54.999,63.017,True
ML7,35,2025-07-24 23:00:00,2025-07-24 23:10:08,2025-07-24 23:23:09,2025-07-24 23:16:38.500,13.02,34.11,25.71,374.82,30.19,25.21,0.549,2.98,2.73,2.85,0.455,Diretto_Entrambi_Tensiometri,67.623,0.36,61.898,0.04,71.53,0.01,58.278,0.9,61.699,1.29,58.953,0.24,52.275,0.96,56.443,3.18,110.479,71.578,57.57,35.074,66.899,59.625,54.319,63.214,True
ML7,36,2025-07-25 00:00:00,2025-07-25 00:10:08,2025-07-25 00:22:56,2025-07-25 00:16:32.000,12.8,35.11,25.68,374.38,30.01,25.06,0.546,3.09,2.84,2.96,0.472,Diretto_Entrambi_Tensiometri,67.933,0.26,62.212,0.95,72.288,0.56,58.728,1.04,61.226,1.12,58.94,0.14,54.874,0.55,58.074,2.7,108.554,71.088,57.533,35.027,67.35,59.621,56.451,62.797,True
ML7,37,2025-07-25 01:00:00,2025-07-25 01:10:08,2025-07-25 01:22:55,2025-07-25 01:16:31.500,12.78,36.11,25.6,373.96,29.84,24.92,0.543,3.2,2.95,3.08,0.488,Diretto_Entrambi_Tensiometri,68.24,0.31,62.57,1.23,72.827,0.0,58.802,0.05,61.77,0.89,59.656,0.65,57.683,0.18,58.765,2.98,109.221,71.383,57.615,34.616,67.748,60.063,58.221,62.795,True
ML7,38,2025-07-25 02:00:00,2025-07-25 02:10:08,2025-07-25 02:23:03,2025-07-25 02:16:35.500,12.92,37.11,25.58,373.53,29.67,24.78,0.539,3.29,3.05,3.17,0.501,Diretto_Entrambi_Tensiometri,68.434,0.2,62.392,1.29,73.486,0.08,59.096,0.15,62.129,1.12,59.916,0.98,57.618,1.37,59.038,2.64,108.972,71.784,57.586,34.475,67.952,60.367,58.324,62.776,True
ML7,39,2025-07-25 03:00:00,2025-07-25 03:10:08,2025-07-25 03:23:09,2025-07-25 03:16:38.500,13.02,38.11,25.53,373.1,29.5,24.64,0.536,3.41,3.16,3.28,0.516,Diretto_Entrambi_Tensiometri,68.723,0.18,62.534,0.97,74.302,0.37,59.691,0.32,62.739,0.99,59.943,0.33,54.083,0.71,60.009,2.79,109.104,72.41,57.686,34.441,68.35,60.775,56.969,62.943,True
ML7,40,2025-07-25 04:00:00,2025-07-25 04:10:08,2025-07-25 04:23:09,2025-07-25 04:16:38.500,13.02,39.11,25.52,372.67,29.33,24.49,0.533,3.5,3.24,3.37,0.527,Diretto_Entrambi_Tensiometri,68.873,0.21,62.821,0.8,74.516,0.18,60.053,1.11,62.912,1.19,60.389,0.53,54.282,0.66,60.251,2.59,108.906,72.701,57.829,34.236,68.57,61.105,57.189,62.922,True
ML7,41,2025-07-25 05:00:00,2025-07-25 05:10:08,2025-07-25 05:23:01,2025-07-25 05:16:34.500,12.88,40.11,25.48,372.2,29.14,24.34,0.53,3.61,3.36,3.48,0.542,Diretto_Entrambi_Tensiometri,69.243,0.28,63.19,1.0,75.139,0.53,60.045,0.2,64.358,1.22,60.842,0.21,55.563,1.96,59.892,3.1,108.886,74.421,57.516,34.183,69.018,61.72,57.687,63.178,True
ML7,42,2025-07-25 06:00:00,2025-07-25 06:10:08,2025-07-25 06:22:55,2025-07-25 06:16:31.500,12.78,41.11,25.43,371.74,28.95,24.18,0.526,3.73,3.48,3.6,0.556,Diretto_Entrambi_Tensiometri,69.579,0.16,63.669,1.28,75.668,0.29,60.454,0.96,64.797,1.1,61.262,0.14,55.803,1.71,60.338,2.47,109.111,74.732,57.642,34.145,69.466,62.143,58.026,63.294,True
ML7,43,2025-07-25 07:00:00,2025-07-25 07:10:08,2025-07-25 07:23:12,2025-07-25 07:16:40.000,13.07,42.11,25.42,371.32,28.79,24.04,0.523,3.86,3.6,3.72,0.571,Diretto_Entrambi_Tensiometri,69.846,0.22,63.57,0.33,76.24,0.67,60.365,0.09,65.454,1.29,61.507,0.05,57.187,0.5,60.853,2.49,109.16,75.226,57.772,34.098,69.693,62.404,58.992,63.419,True
ML7,44,2025-07-25 08:00:00,2025-07-25 08:10:09,2025-07-25 08:23:01,2025-07-25 08:16:35.000,12.87,43.11,25.5,370.87,28.61,23.89,0.52,3.98,3.72,3.85,0.585,Diretto_Entrambi_Tensiometri,70.16,0.29,63.772,0.04,76.663,0.45,60.923,0.55,65.846,1.5,61.844,0.14,59.86,0.96,61.396,2.59,109.227,75.585,57.936,34.021,70.001,62.835,60.623,63.513,True
ML7,45,2025-07-25 09:00:00,2025-07-25 09:10:08,2025-07-25 09:22:57,2025-07-25 09:16:32.500,12.82,44.11,25.56,370.44,28.44,23.75,0.517,4.11,3.84,3.97,0.599,Diretto_Entrambi_Tensiometri,70.519,0.18,64.087,0.72,77.166,0.1,61.146,0.16,66.38,1.26,62.154,0.23,60.54,1.51,61.114,3.1,109.132,76.905,58.081,33.977,70.388,63.187,60.826,63.794,True
ML7,46,2025-07-25 10:00:00,2025-07-25 10:10:08,2025-07-25 10:23:03,2025-07-25 10:16:35.500,12.92,45.11,25.58,369.99,28.26,23.6,0.514,4.23,3.97,4.1,0.613,Diretto_Entrambi_Tensiometri,70.821,0.28,64.244,0.19,77.683,0.36,61.502,0.03,66.742,1.06,62.505,0.14,63.566,1.32,61.406,3.09,109.346,77.532,58.269,33.891,70.703,63.543,62.477,63.966,True
ML7,47,2025-07-25 11:00:00,2025-07-25 11:10:08,2025-07-25 11:23:19,2025-07-25 11:16:43.500,13.18,46.11,25.62,369.57,28.09,23.46,0.511,4.37,4.11,4.24,0.627,Diretto_Entrambi_Tensiometri,71.171,0.2,64.627,0.88,78.399,0.62,61.964,0.15,67.344,1.24,63.201,0.51,66.642,1.0,61.932,2.6,109.617,78.242,58.538,33.943,71.177,64.129,64.244,64.25,True
ML7,48,2025-07-25 12:00:00,2025-07-25 12:10:08,2025-07-25 12:23:21,2025-07-25 12:16:44.500,13.22,47.11,25.68,369.11,27.9,23.3,0.507,4.51,4.24,4.38,0.641,Diretto_Entrambi_Tensiometri,71.416,0.15,64.85,0.16,78.972,0.72,62.485,0.55,67.853,1.4,63.362,0.06,65.003,0.43,62.162,2.95,110.093,78.802,58.728,33.975,71.514,64.524,63.567,64.502,True
ML7,49,2025-07-25 13:00:00,2025-07-25 13:10:08,2025-07-25 13:23:17,2025-07-25 13:16:42.500,13.15,48.11,25.67,368.66,27.72,23.15,0.504,4.67,4.39,4.53,0.656,Diretto_Entrambi_Tensiometri,71.764,0.16,65.702,0.76,79.041,0.01,62.964,0.73,68.517,1.46,64.103,0.77,70.957,0.77,62.803,2.58,111.568,79.463,59.0,34.214,71.964,65.151,66.756,65.041,True
ML7,50,2025-07-25 14:00:00,2025-07-25 14:10:08,2025-07-25 14:23:27,2025-07-25 14:16:47.500,13.32,49.11,25.74,368.2,27.54,23.0,0.501,4.81,4.53,4.66,0.669,Diretto_Entrambi_Tensiometri,72.027,0.2,65.616,0.24,79.813,0.57,63.407,0.19,69.082,1.28,64.353,0.19,72.732,1.16,63.05,3.09,111.255,80.328,59.141,34.117,72.254,65.568,67.718,65.165,True
ML7,51,2025-07-25 15:00:00,2025-07-25 15:10:09,2025-07-25 15:23:24,2025-07-25 15:16:46.500,13.25,50.11,25.82,367.74,27.35,22.85,0.497,4.99,4.7,4.84,0.685,Diretto_Entrambi_Tensiometri,72.469,0.24,66.218,0.06,80.382,0.61,63.813,0.11,69.739,1.15,64.781,0.0,76.845,1.13,63.171,2.2,111.978,80.962,59.46,34.408,72.794,66.061,69.673,65.626,True
ML7,52,2025-07-25 16:00:00,2025-07-25 16:10:08,2025-07-25 16:23:23,2025-07-25 16:16:45.500,13.25,51.11,25.73,367.24,27.16,22.68,0.494,5.17,4.87,5.02,0.7,Diretto_Entrambi_Tensiometri,72.824,0.3,66.82,0.49,80.722,0.55,64.304,0.53,70.322,1.23,65.252,0.06,83.393,1.68,63.814,3.07,112.835,81.828,59.597,34.481,73.236,66.574,72.95,65.999,True
ML7,53,2025-07-25 17:00:00,2025-07-25 17:10:08,2025-07-25 17:23:30,2025-07-25 17:16:49.000,13.37,52.11,25.7,366.76,26.97,22.52,0.49,5.36,5.05,5.2,0.716,Diretto_Entrambi_Tensiometri,73.247,0.25,67.172,0.05,81.638,0.91,64.998,0.57,71.02,1.08,65.829,0.21,84.452,1.69,64.316,2.92,113.028,82.612,60.041,34.589,73.783,67.23,73.699,66.36,True
ML7,54,2025-07-25 18:00:00,2025-07-25 18:10:08,2025-07-25 18:23:34,2025-07-25 18:16:51.000,13.43,53.11,25.58,366.26,26.76,22.35,0.487,5.56,5.24,5.4,0.732,Diretto_Entrambi_Tensiometri,73.652,0.17,67.835,0.34,82.152,0.17,65.578,0.65,71.94,1.41,66.264,0.01,88.078,0.91,64.814,2.52,113.783,83.196,60.34,34.54,74.317,67.869,75.556,66.646,True
ML7,55,2025-07-25 19:00:00,2025-07-25 19:10:08,2025-07-25 19:23:41,2025-07-25 19:16:54.500,13.55,54.11,25.49,365.74,26.56,22.18,0.483,5.76,5.44,5.6,0.748,Diretto_Entrambi_Tensiometri,74.076,0.18,68.096,0.44,82.685,0.51,66.198,0.72,72.656,1.33,66.769,0.11,89.916,1.48,65.416,2.4,114.345,83.627,60.733,34.683,74.715,68.48,76.694,66.993,True
ML7,56,2025-07-25 20:00:00,2025-07-25 20:10:08,2025-07-25 20:23:38,2025-07-25 20:16:53.000,13.5,55.11,25.44,365.24,26.36,22.01,0.479,5.98,5.64,5.81,0.764,Diretto_Entrambi_Tensiometri,74.473,0.26,68.803,0.06,83.158,0.53,66.803,0.63,73.421,1.01,67.306,0.19,90.676,1.79,66.128,3.01,115.012,84.399,60.977,34.838,75.249,69.113,77.435,67.387,True
ML7,57,2025-07-25 21:00:00,2025-07-25 21:10:08,2025-07-25 21:23:28,2025-07-25 21:16:48.000,13.33,56.11,25.32,364.77,26.17,21.85,0.476,6.2,5.85,6.02,0.78,Diretto_Entrambi_Tensiometri,74.884,0.15,69.029,0.28,83.939,0.52,67.114,0.4,74.253,1.2,68.125,0.24,92.669,1.46,66.452,2.42,115.332,84.943,61.4,34.64,75.706,69.761,78.473,67.563,True
ML7,58,2025-07-25 22:00:00,2025-07-25 22:10:08,2025-07-25 22:23:27,2025-07-25 22:16:47.500,13.32,57.11,25.28,364.27,25.97,21.69,0.472,6.45,6.07,6.26,0.796,Diretto_Entrambi_Tensiometri,75.337,0.32,69.458,0.1,84.757,0.46,67.901,1.02,75.04,1.43,68.358,0.08,94.53,1.39,67.496,2.11,115.986,85.862,61.778,34.836,76.261,70.359,79.877,68.04,True
ML7,59,2025-07-25 23:00:00,2025-07-25 23:10:08,2025-07-25 23:23:32,2025-07-25 23:16:50.000,13.4,58.11,25.17,363.76,25.76,21.52,0.468,6.71,6.31,6.51,0.813,Diretto_Entrambi_Tensiometri,75.833,0.2,70.322,0.46,85.148,0.31,68.408,0.47,75.987,1.36,68.961,0.28,97.895,1.18,67.963,2.38,118.894,86.838,62.211,34.951,76.861,71.037,81.567,68.833,True
ML7,60,2025-07-26 00:00:00,2025-07-26 00:10:08,2025-07-26 00:23:19,2025-07-26 00:16:43.500,13.18,59.11,25.07,363.24,25.56,21.34,0.465,6.99,6.56,6.77,0.831,Diretto_Entrambi_Tensiometri,76.307,0.23,70.503,0.77,86.527,0.64,69.147,0.88,76.934,1.4,69.744,0.28,91.08,2.56,67.444,2.3,115.648,88.283,62.627,35.146,77.501,71.857,78.376,68.851,True
ML7,61,2025-07-26 01:00:00,2025-07-26 01:10:08,2025-07-26 01:23:27,2025-07-26 01:16:47.500,13.32,60.11,24.97,362.71,25.34,21.17,0.461,7.28,6.82,7.05,0.848,Diretto_Entrambi_Tensiometri,76.809,0.34,71.413,0.53,86.736,0.56,69.844,0.53,77.726,1.19,70.273,0.29,103.129,0.63,68.27,1.89,120.677,88.751,63.2,35.359,78.066,72.526,83.908,69.945,True
ML7,62,2025-07-26 02:00:00,2025-07-26 02:10:08,2025-07-26 02:23:27,2025-07-26 02:16:47.500,13.32,61.11,24.91,362.18,25.13,20.99,0.457,7.59,7.1,7.34,0.866,Diretto_Entrambi_Tensiometri,77.28,0.33,71.862,0.0,87.417,0.47,70.658,0.71,78.798,1.47,70.724,0.12,106.066,0.75,68.758,2.07,121.285,89.581,63.659,35.53,78.594,73.296,85.398,70.408,True
ML7,63,2025-07-26 03:00:00,2025-07-26 03:10:08,2025-07-26 03:23:38,2025-07-26 03:16:53.000,13.5,62.11,24.85,361.71,24.94,20.83,0.454,7.9,7.39,7.64,0.883,Diretto_Entrambi_Tensiometri,77.638,0.21,72.457,0.05,88.228,0.68,71.234,0.52,79.546,1.01,71.307,0.16,105.646,0.88,69.37,1.87,121.54,90.322,64.12,35.64,79.175,73.929,85.608,70.772,True
ML7,64,2025-07-26 04:00:00,2025-07-26 04:10:08,2025-07-26 04:23:24,2025-07-26 04:16:46.000,13.27,63.11,24.83,361.21,24.74,20.67,0.45,8.21,7.67,7.94,0.9,Diretto_Entrambi_Tensiometri,77.984,0.28,73.224,0.64,88.869,0.51,71.762,0.79,80.515,1.35,71.832,0.49,106.682,0.98,70.56,2.27,122.064,90.985,64.607,35.726,79.763,74.593,86.761,71.155,True
ML7,65,2025-07-26 05:00:00,2025-07-26 05:10:08,2025-07-26 05:23:31,2025-07-26 05:16:49.500,13.38,64.11,24.79,360.73,24.55,20.5,0.446,8.57,7.98,8.27,0.918,Diretto_Entrambi_Tensiometri,78.544,0.2,73.77,0.64,89.446,0.26,72.651,0.99,81.342,0.85,72.343,0.17,110.108,0.53,70.97,1.99,122.949,92.115,65.074,35.859,80.325,75.333,88.399,71.699,True
ML7,66,2025-07-26 06:00:00,2025-07-26 06:10:08,2025-07-26 06:23:30,2025-07-26 06:16:49.000,13.37,65.11,24.85,360.21,24.34,20.33,0.443,8.97,8.31,8.63,0.936,Diretto_Entrambi_Tensiometri,78.993,0.08,74.112,0.5,90.153,0.73,73.195,0.13,82.236,1.03,73.086,0.34,111.548,0.84,71.526,2.03,123.629,92.818,65.455,35.886,80.814,76.055,89.323,72.054,True
ML7,67,2025-07-26 07:00:00,2025-07-26 07:10:08,2025-07-26 07:23:34,2025-07-26 07:16:51.000,13.43,66.11,25.77,359.62,24.11,20.13,0.438,9.39,8.64,9.0,0.954,Diretto_Entrambi_Tensiometri,79.56,0.39,73.954,0.92,92.026,0.66,73.978,1.21,83.147,0.98,73.917,0.24,97.22,1.47,72.549,2.12,126.056,93.944,66.32,36.402,81.506,76.895,83.983,73.122,True
ML7,68,2025-07-26 08:00:00,2025-07-26 08:10:08,2025-07-26 08:23:30,2025-07-26 08:16:49.000,13.37,67.11,25.45,359.1,23.9,19.96,0.435,9.87,9.07,9.46,0.976,Diretto_Entrambi_Tensiometri,80.164,0.31,74.926,0.49,92.629,0.44,74.68,0.58,84.361,0.87,74.619,0.18,115.28,0.06,73.51,2.36,127.438,94.835,66.849,36.511,82.247,77.756,92.056,73.696,True
ML7,69,2025-07-26 09:00:00,2025-07-26 09:10:08,2025-07-26 09:23:38,2025-07-26 09:16:53.000,13.5,68.11,25.77,358.59,23.69,19.79,0.431,10.32,9.43,9.87,0.994,Diretto_Entrambi_Tensiometri,80.506,0.08,75.896,0.29,92.557,1.19,75.158,0.19,85.494,0.97,74.907,0.92,112.189,0.15,73.534,1.76,128.263,95.678,66.975,36.09,82.696,78.369,90.828,73.799,True
ML7,70,2025-07-26 10:00:00,2025-07-26 10:10:08,2025-07-26 10:23:46,2025-07-26 10:16:57.000,13.63,69.11,27.51,357.78,23.37,19.52,0.425,10.97,9.84,10.39,1.017,Diretto_Entrambi_Tensiometri,81.254,0.03,76.724,0.54,93.603,0.61,75.838,0.24,86.63,0.93,75.918,0.7,109.605,0.56,74.463,2.14,131.684,96.734,67.888,36.489,83.565,79.305,90.341,74.949,True
ML7,71,2025-07-26 11:00:00,2025-07-26 11:10:08,2025-07-26 11:23:27,2025-07-26 11:16:47.500,13.32,70.11,27.4,357.17,23.13,19.32,0.421,11.72,10.47,11.08,1.044,Diretto_Entrambi_Tensiometri,82.067,0.18,77.423,0.59,95.525,1.02,76.917,0.66,88.323,1.05,77.494,0.35,150.994,0.65,75.367,2.11,132.206,98.012,68.999,36.955,84.668,80.746,106.677,75.816,True
ML7,72,2025-07-26 12:00:00,2025-07-26 12:10:08,2025-07-26 12:23:34,2025-07-26 12:16:51.000,13.43,71.11,26.96,356.56,22.88,19.11,0.416,12.54,11.12,11.81,1.072,Diretto_Entrambi_Tensiometri,83.239,0.37,78.468,0.52,97.329,0.17,78.007,0.91,90.154,1.24,79.116,0.09,167.966,0.21,77.064,2.08,133.75,99.844,70.095,37.528,85.985,82.248,113.772,76.986,True
ML7,73,2025-07-26 13:00:00,2025-07-26 13:10:08,2025-07-26 13:23:32,2025-07-26 13:16:50.000,13.4,72.11,26.53,355.98,22.65,18.92,0.412,13.28,11.75,12.49,1.097,Diretto_Entrambi_Tensiometri,84.007,0.3,79.393,0.22,98.326,0.33,79.152,0.95,91.35,1.02,79.631,0.35,168.522,0.11,77.793,2.07,133.914,101.779,70.792,37.757,86.88,83.193,114.498,77.69,True
ML7,74,2025-07-26 14:00:00,2025-07-26 14:10:08,2025-07-26 14:23:35,2025-07-26 14:16:51.500,13.45,73.11,26.23,355.39,22.42,18.72,0.408,14.26,12.4,13.3,1.124,Diretto_Entrambi_Tensiometri,85.138,0.44,80.711,0.24,99.744,0.22,80.358,0.53,92.952,1.13,80.835,0.17,174.845,0.17,78.749,1.6,135.635,103.843,71.733,38.143,88.169,84.521,117.341,78.79,True
ML7,75,2025-07-26 15:00:00,2025-07-26 15:10:08,2025-07-26 15:23:33,2025-07-26 15:16:50.500,13.42,74.11,26.03,354.8,22.18,18.52,0.403,15.1,13.09,14.06,1.148,Diretto_Entrambi_Tensiometri,86.068,0.24,81.801,0.28,100.916,0.58,81.487,0.78,94.6,1.61,81.385,0.27,176.703,0.49,80.122,2.07,135.914,105.41,72.583,38.362,89.232,85.607,118.987,79.473,True
ML7,76,2025-07-26 16:00:00,2025-07-26 16:10:08,2025-07-26 16:23:26,2025-07-26 16:16:47.000,13.3,75.11,25.96,354.25,21.96,18.34,0.399,16.02,13.78,14.86,1.172,Diretto_Entrambi_Tensiometri,86.953,0.29,82.383,0.82,102.63,0.46,82.777,0.51,95.959,1.09,82.281,0.33,182.305,0.17,81.325,1.64,137.899,107.023,73.364,38.555,90.254,86.782,121.762,80.38,True
ML7,77,2025-07-26 17:00:00,2025-07-26 17:10:08,2025-07-26 17:23:21,2025-07-26 17:16:44.500,13.22,76.11,25.87,353.71,21.74,18.16,0.395,16.95,14.51,15.68,1.195,Diretto_Entrambi_Tensiometri,87.899,0.2,83.283,0.76,103.945,0.42,84.073,0.65,97.618,1.44,83.161,0.34,183.631,0.08,82.402,1.86,138.91,108.501,74.154,38.81,91.295,88.044,123.01,81.154,True
ML7,78,2025-07-26 18:00:00,2025-07-26 18:10:08,2025-07-26 18:23:32,2025-07-26 18:16:50.000,13.4,77.11,25.84,353.19,21.53,17.98,0.392,18.1,15.25,16.61,1.22,Diretto_Entrambi_Tensiometri,88.818,0.29,84.093,0.04,105.506,0.58,85.121,0.37,98.984,1.13,84.199,0.43,185.586,0.58,83.718,1.43,141.172,110.286,74.967,39.043,92.366,89.187,124.647,82.162,True
ML7,79,2025-07-26 19:00:00,2025-07-26 19:10:08,2025-07-26 19:23:19,2025-07-26 19:16:43.500,13.18,78.11,25.71,352.65,21.32,17.8,0.388,19.25,16.06,17.58,1.245,Diretto_Entrambi_Tensiometri,89.83,0.44,85.33,0.62,106.769,0.49,86.362,0.67,100.722,0.98,85.139,0.37,188.941,0.4,84.934,1.44,142.982,112.011,75.821,39.254,93.538,90.474,126.679,83.091,True
ML7,80,2025-07-26 20:00:00,2025-07-26 20:10:08,2025-07-26 20:23:17,2025-07-26 20:16:42.500,13.15,79.11,25.59,352.14,21.12,17.63,0.384,20.34,16.87,18.52,1.268,Diretto_Entrambi_Tensiometri,90.606,0.29,86.395,0.17,107.978,0.1,87.173,0.6,102.324,1.04,86.109,0.59,188.229,0.28,85.839,1.61,144.133,113.838,76.541,39.555,94.55,91.58,127.112,83.953,True
ML7,81,2025-07-26 21:00:00,2025-07-26 21:10:08,2025-07-26 21:23:11,2025-07-26 21:16:39.500,13.05,80.11,25.5,351.66,20.92,17.47,0.38,21.43,17.7,19.47,1.289,Diretto_Entrambi_Tensiometri,91.366,0.18,87.382,0.49,109.151,0.02,88.51,0.63,103.665,0.77,86.977,0.63,191.597,0.26,86.745,1.28,145.659,115.43,77.347,39.852,95.516,92.756,128.919,84.847,True
ML7,82,2025-07-26 22:00:00,2025-07-26 22:10:08,2025-07-26 22:23:18,2025-07-26 22:16:43.000,13.17,81.11,25.41,351.17,20.73,17.31,0.377,22.74,18.57,20.55,1.313,Diretto_Entrambi_Tensiometri,92.37,0.32,88.294,0.49,110.608,0.25,89.457,0.39,105.498,1.15,88.055,0.47,194.008,0.1,87.944,1.4,147.649,118.791,78.187,40.133,96.624,94.017,130.621,86.132,True
ML7,83,2025-07-26 23:00:00,2025-07-26 23:10:08,2025-07-26 23:23:19,2025-07-26 23:16:43.500,13.18,82.11,25.39,350.7,20.54,17.15,0.373,23.86,19.45,21.54,1.333,Diretto_Entrambi_Tensiometri,93.246,0.61,89.294,0.43,111.661,0.17,90.589,0.36,106.707,0.96,88.876,0.58,198.846,0.17,88.428,1.35,148.932,120.352,79.005,40.326,97.6,95.064,132.603,86.93,True
ML7,84,2025-07-27 00:00:00,2025-07-27 00:10:08,2025-07-27 00:23:23,2025-07-27 00:16:45.500,13.25,83.11,25.33,350.21,20.34,16.99,0.37,25.36,20.39,22.74,1.357,Diretto_Entrambi_Tensiometri,94.061,0.07,90.756,0.01,113.064,0.31,91.657,0.37,108.567,1.25,89.817,0.61,196.142,0.19,90.028,1.7,150.884,122.435,79.849,40.781,98.826,96.325,132.884,88.068,True
ML7,85,2025-07-27 01:00:00,2025-07-27 01:10:08,2025-07-27 01:23:33,2025-07-27 01:16:50.500,13.42,84.11,25.32,349.77,20.17,16.84,0.367,26.47,21.33,23.77,1.376,Diretto_Entrambi_Tensiometri,94.754,0.12,91.656,0.48,114.065,0.38,92.672,0.81,110.051,1.31,90.658,0.59,196.879,0.17,90.316,1.57,152.634,123.851,80.575,41.084,99.687,97.42,133.347,88.942,True
ML7,86,2025-07-27 02:00:00,2025-07-27 02:10:08,2025-07-27 02:23:32,2025-07-27 02:16:50.000,13.4,85.11,25.3,349.34,20.0,16.7,0.364,28.1,22.31,25.04,1.399,Diretto_Entrambi_Tensiometri,95.766,0.07,92.695,0.34,116.383,1.73,93.935,0.49,111.726,1.18,91.776,0.5,197.811,0.04,91.279,1.59,154.218,125.165,81.494,41.389,101.093,98.758,134.373,89.827,True
ML7,87,2025-07-27 03:00:00,2025-07-27 03:10:08,2025-07-27 03:23:31,2025-07-27 03:16:49.500,13.38,86.11,25.31,348.89,19.82,16.55,0.36,29.33,23.32,26.15,1.418,Diretto_Entrambi_Tensiometri,96.595,0.26,93.741,0.58,116.492,0.23,94.847,0.36,112.994,1.12,92.474,0.73,208.24,0.08,92.181,1.67,156.036,127.289,82.238,41.519,101.795,99.701,138.549,90.747,True
ML7,88,2025-07-27 04:00:00,2025-07-27 04:10:08,2025-07-27 04:23:46,2025-07-27 04:16:57.000,13.63,87.11,25.27,348.45,19.64,16.4,0.357,31.1,24.38,27.54,1.44,Diretto_Entrambi_Tensiometri,97.629,0.02,93.581,1.76,118.206,0.55,96.016,0.45,114.593,0.69,93.501,0.62,212.795,0.16,93.128,1.52,158.015,128.617,83.15,41.929,102.597,100.95,140.773,91.747,True
ML7,89,2025-07-27 05:00:00,2025-07-27 05:10:08,2025-07-27 05:23:55,2025-07-27 05:17:01.500,13.78,88.11,25.22,348.02,19.47,16.26,0.354,32.7,25.47,28.86,1.46,Diretto_Entrambi_Tensiometri,98.817,0.32,94.654,0.34,120.359,0.27,97.001,0.83,116.157,0.7,94.316,0.78,198.904,0.38,93.46,1.58,158.45,131.154,83.864,42.358,104.028,102.047,136.344,92.693,True
ML7,90,2025-07-27 06:00:00,2025-07-27 06:10:08,2025-07-27 06:23:54,2025-07-27 06:17:01.000,13.77,89.11,25.21,347.6,19.3,16.12,0.351,34.47,26.6,30.28,1.481,Diretto_Entrambi_Tensiometri,99.735,0.12,95.936,0.48,121.571,0.18,98.065,0.71,118.003,1.21,95.149,0.59,203.663,0.08,95.1,1.84,160.448,132.332,84.704,42.746,105.169,103.261,139.17,93.637,True
ML7,91,2025-07-27 07:00:00,2025-07-27 07:10:08,2025-07-27 07:23:56,2025-07-27 07:17:02.000,13.8,90.11,25.22,347.18,19.13,15.98,0.348,36.17,27.74,31.67,1.501,Diretto_Entrambi_Tensiometri,100.704,0.05,97.758,0.32,121.951,0.41,99.473,0.41,119.354,0.72,96.034,0.79,224.415,0.3,95.859,1.87,163.574,134.566,85.285,43.05,106.282,104.469,146.67,94.814,True
ML7,92,2025-07-27 08:00:00,2025-07-27 08:10:08,2025-07-27 08:23:57,2025-07-27 08:17:02.500,13.82,91.12,25.26,346.77,18.97,15.84,0.345,38.08,28.93,33.19,1.521,Diretto_Entrambi_Tensiometri,101.852,0.4,98.83,0.74,123.068,0.43,100.365,0.84,121.206,1.19,96.875,0.84,227.514,0.24,97.107,1.66,165.589,135.874,86.195,43.381,107.399,105.626,148.638,95.772,True
ML7,93,2025-07-27 09:00:00,2025-07-27 09:10:08,2025-07-27 09:23:59,2025-07-27 09:17:03.500,13.85,92.12,25.32,346.37,18.81,15.71,0.342,40.07,30.15,34.76,1.541,Diretto_Entrambi_Tensiometri,102.646,0.01,100.322,0.04,124.758,0.29,101.811,0.77,122.561,1.15,97.821,0.9,234.058,0.15,97.773,1.16,168.272,138.848,87.078,43.601,108.71,106.871,151.276,97.049,True
ML7,94,2025-07-27 10:00:00,2025-07-27 10:10:08,2025-07-27 10:23:59,2025-07-27 10:17:03.500,13.85,93.12,25.33,345.93,18.63,15.56,0.339,42.56,31.48,36.6,1.564,Diretto_Entrambi_Tensiometri,104.155,0.36,101.436,0.2,125.947,0.32,103.187,0.56,124.694,1.21,98.9,0.58,241.537,0.14,99.6,1.58,170.149,140.524,87.973,43.975,109.99,108.365,155.103,98.069,True
ML7,95,2025-07-27 11:00:00,2025-07-27 11:10:10,2025-07-27 11:24:00,2025-07-27 11:17:05.000,13.83,94.12,25.52,345.46,18.45,15.4,0.335,45.27,32.77,38.51,1.586,Diretto_Entrambi_Tensiometri,105.283,0.09,103.166,0.29,126.655,0.18,104.609,0.61,126.11,1.17,99.42,0.9,248.471,0.27,100.65,1.62,172.589,143.463,88.832,44.23,111.217,109.462,158.141,99.314,True
ML7,96,2025-07-27 12:00:00,2025-07-27 12:10:08,2025-07-27 12:23:57,2025-07-27 12:17:02.500,13.82,95.12,25.8,344.97,18.25,15.24,0.332,48.25,34.23,40.64,1.609,Diretto_Entrambi_Tensiometri,106.727,0.02,104.632,0.39,128.577,0.36,105.854,0.68,127.886,1.36,101.002,0.57,279.995,0.5,102.219,1.73,174.614,145.312,90.034,44.811,112.815,110.991,169.177,100.587,True
ML7,97,2025-07-27 13:00:00,2025-07-27 13:10:08,2025-07-27 13:23:54,2025-07-27 13:17:01.000,13.77,96.11,25.64,344.51,18.07,15.09,0.328,51.69,35.9,43.08,1.634,Diretto_Entrambi_Tensiometri,108.579,0.39,106.497,0.12,130.539,0.3,107.631,0.63,129.961,1.07,102.487,0.67,297.47,0.24,103.685,1.7,177.641,147.245,91.184,45.364,114.712,112.756,175.622,101.989,True
ML7,98,2025-07-27 14:00:00,2025-07-27 14:10:08,2025-07-27 14:23:50,2025-07-27 14:16:59.000,13.7,97.11,25.5,344.02,17.87,14.92,0.325,55.23,37.6,45.57,1.659,Diretto_Entrambi_Tensiometri,110.209,0.11,108.27,0.01,132.326,0.06,108.957,0.88,132.346,1.45,103.88,0.8,304.74,0.06,105.216,1.47,181.012,149.273,92.35,45.757,116.446,114.419,179.063,103.37,True
ML7,99,2025-07-27 15:00:00,2025-07-27 15:10:08,2025-07-27 15:23:53,2025-07-27 15:17:00.500,13.75,98.11,25.46,343.54,17.68,14.76,0.321,59.08,39.35,48.21,1.683,Diretto_Entrambi_Tensiometri,112.039,0.48,110.121,0.12,133.937,0.25,110.783,0.73,134.164,1.37,105.092,0.7,311.671,0.12,106.871,1.51,183.466,152.277,93.429,46.433,118.226,116.027,182.506,104.924,True
ML7,100,2025-07-27 16:00:00,2025-07-27 16:10:09,2025-07-27 16:23:48,2025-07-27 16:16:58.500,13.65,99.11,25.43,343.04,17.48,14.6,0.318,63.65,41.21,51.21,1.709,Diretto_Entrambi_Tensiometri,114.033,0.23,112.3,0.02,135.781,0.01,112.805,0.48,136.035,0.94,106.623,0.84,329.025,0.09,108.212,1.24,187.565,155.07,94.901,46.935,120.249,117.836,188.691,106.687,True
ML7,101,2025-07-27 17:00:00,2025-07-27 17:10:08,2025-07-27 17:23:47,2025-07-27 17:16:57.500,13.65,100.11,25.47,342.54,17.27,14.43,0.314,67.96,43.13,54.14,1.734,Diretto_Entrambi_Tensiometri,115.915,0.29,113.883,0.41,137.369,0.01,114.468,0.35,138.393,1.38,108.147,0.49,349.175,0.13,109.851,1.38,190.01,157.535,96.087,47.496,121.945,119.657,195.85,108.111,True
ML7,102,2025-07-27 18:00:00,2025-07-27 18:10:08,2025-07-27 18:23:49,2025-07-27 18:16:58.500,13.68,101.11,25.43,342.04,17.07,14.26,0.31,73.2,45.23,57.54,1.76,Diretto_Entrambi_Tensiometri,118.03,0.27,116.244,0.08,140.029,0.41,116.194,0.32,140.712,1.56,109.802,0.82,363.849,0.27,111.49,1.36,193.075,159.939,97.425,48.064,124.316,121.537,201.409,109.659,True
ML7,103,2025-07-27 19:00:00,2025-07-27 19:10:08,2025-07-27 19:23:46,2025-07-27 19:16:57.000,13.63,102.11,25.34,341.53,16.87,14.09,0.307,78.88,47.45,61.18,1.787,Diretto_Entrambi_Tensiometri,120.184,0.22,118.405,0.18,141.933,0.3,118.205,0.47,142.882,0.95,111.458,0.78,380.885,0.17,113.267,1.57,196.007,162.587,98.902,48.734,126.406,123.474,207.706,111.327,True
ML7,104,2025-07-27 20:00:00,2025-07-27 20:10:08,2025-07-27 20:23:43,2025-07-27 20:16:55.500,13.58,103.11,25.26,341.02,16.67,13.92,0.303,84.83,49.77,64.97,1.813,Diretto_Entrambi_Tensiometri,122.257,0.12,120.509,0.48,144.356,0.54,120.332,0.62,145.129,1.06,113.299,0.99,395.688,0.03,114.599,1.33,199.882,165.281,100.234,49.228,128.601,125.541,212.945,112.994,True
ML7,105,2025-07-27 21:00:00,2025-07-27 21:10:08,2025-07-27 21:23:50,2025-07-27 21:16:59.000,13.7,104.11,25.18,340.51,16.46,13.75,0.299,90.91,52.21,68.9,1.838,Diretto_Entrambi_Tensiometri,124.469,0.3,123.149,0.02,146.557,0.27,122.339,0.71,147.508,1.01,115.037,0.9,407.5,0.0,116.586,1.21,201.925,168.279,101.851,50.295,130.968,127.567,217.965,114.862,True
ML7,106,2025-07-27 22:00:00,2025-07-27 22:10:08,2025-07-27 22:23:47,2025-07-27 22:16:57.500,13.65,105.11,25.02,340.01,16.26,13.58,0.296,98.18,54.85,73.38,1.866,Diretto_Entrambi_Tensiometri,126.907,0.35,125.715,0.01,149.002,0.26,124.891,0.62,149.939,1.08,117.044,0.66,419.45,0.17,118.059,1.47,207.068,171.685,103.493,51.152,133.461,129.897,222.531,117.126,True
ML7,107,2025-07-27 23:00:00,2025-07-27 23:10:08,2025-07-27 23:24:05,2025-07-27 23:17:06.500,13.95,106.12,24.93,339.49,16.05,13.41,0.292,105.44,57.57,77.91,1.892,Diretto_Entrambi_Tensiometri,129.423,0.35,128.157,0.54,151.532,0.41,127.203,0.65,152.072,0.86,118.795,0.89,432.289,0.06,119.968,1.33,210.969,174.733,105.136,52.126,135.963,131.962,227.73,119.22,True
ML7,108,2025-07-28 00:00:00,2025-07-28 00:10:08,2025-07-28 00:24:10,2025-07-28 00:17:09.000,14.03,107.12,24.84,338.97,15.85,13.23,0.288,113.79,60.41,82.91,1.919,Diretto_Entrambi_Tensiometri,131.804,0.08,131.149,0.14,153.761,0.05,129.857,0.43,154.551,0.81,120.921,1.13,444.324,0.06,121.788,1.17,215.835,178.126,106.558,53.161,138.52,134.384,232.623,121.481,True
ML7,109,2025-07-28 01:00:00,2025-07-28 01:10:08,2025-07-28 01:24:11,2025-07-28 01:17:09.500,14.05,108.12,24.8,338.49,15.66,13.07,0.285,121.91,63.36,87.89,1.944,Diretto_Entrambi_Tensiometri,134.494,0.22,133.741,0.4,156.27,0.25,132.046,0.68,157.275,0.98,122.458,0.69,455.447,0.16,123.479,1.38,219.84,181.018,108.329,54.237,141.128,136.497,237.146,123.657,True
ML7,110,2025-07-28 02:00:00,2025-07-28 02:10:09,2025-07-28 02:23:56,2025-07-28 02:17:02.500,13.78,109.12,24.8,338.0,15.46,12.91,0.281,130.51,66.45,93.13,1.969,Diretto_Entrambi_Tensiometri,136.899,0.23,136.293,0.02,158.731,0.45,134.395,0.49,159.724,0.92,124.314,0.82,463.947,0.22,125.275,1.44,224.623,183.71,109.816,55.438,143.608,138.705,241.083,125.897,True
ML7,111,2025-07-28 03:00:00,2025-07-28 03:10:08,2025-07-28 03:23:48,2025-07-28 03:16:58.000,13.67,110.11,24.78,337.53,15.27,12.75,0.278,140.08,69.73,98.83,1.995,Diretto_Entrambi_Tensiometri,139.077,0.12,138.952,0.41,161.102,0.13,137.067,0.38,162.088,0.98,126.242,0.73,478.025,0.04,127.157,1.36,228.844,187.278,111.508,56.285,146.018,141.025,246.545,128.065,True
ML7,112,2025-07-28 04:00:00,2025-07-28 04:10:08,2025-07-28 04:23:46,2025-07-28 04:16:57.000,13.63,111.11,24.78,337.07,15.09,12.6,0.274,149.84,73.2,104.73,2.02,Diretto_Entrambi_Tensiometri,141.354,0.04,141.449,0.19,163.576,0.17,139.166,0.64,164.25,0.85,128.272,0.73,489.921,0.02,129.065,1.46,233.643,189.992,113.186,57.255,148.437,143.128,251.459,130.234,True
ML7,113,2025-07-28 05:00:00,2025-07-28 05:10:08,2025-07-28 05:23:53,2025-07-28 05:17:00.500,13.75,112.11,24.75,336.59,14.9,12.44,0.271,161.02,76.86,111.25,2.046,Diretto_Entrambi_Tensiometri,144.3,0.14,144.412,0.57,166.653,0.61,141.828,0.79,166.948,0.87,130.385,0.91,502.698,0.17,130.89,1.38,239.386,193.189,115.004,58.308,151.435,145.61,256.511,132.703,True
ML7,114,2025-07-28 06:00:00,2025-07-28 06:10:08,2025-07-28 06:24:00,2025-07-28 06:17:04.000,13.87,113.12,24.74,336.15,14.72,12.29,0.268,172.47,80.69,117.97,2.072,Diretto_Entrambi_Tensiometri,147.158,0.21,147.229,0.07,169.008,0.29,144.271,0.89,169.411,0.73,132.387,0.96,511.038,0.53,132.776,1.28,244.618,196.609,118.565,59.317,154.133,147.907,260.487,135.615,True
ML8,1,2025-07-02 18:00:00,2025-07-02 18:17:05,2025-07-02 18:29:53,2025-07-02 18:23:29.000,12.8,0.11,26.02,456.48,39.5,27.6,0.859,0.05,-0.18,0.0,,Diretto_Entrambi_Tensiometri,46.862,0.18,46.871,0.65,50.1,0.16,46.115,0.79,52.503,0.28,51.171,0.16,45.059,0.58,49.786,0.11,49.67,45.085,53.453,69.51,47.92,49.852,47.364,53.708,True
ML8,2,2025-07-02 19:00:00,2025-07-02 19:17:05,2025-07-02 19:29:54,2025-07-02 19:23:29.500,12.82,1.11,27.09,455.81,39.23,27.41,0.853,0.5,0.25,0.35,-0.45,Diretto_Entrambi_Tensiometri,48.453,0.49,47.315,0.0,50.042,0.12,46.257,1.13,52.422,0.27,51.185,0.41,44.547,0.53,49.248,0.05,49.541,44.701,53.415,69.371,48.591,49.882,46.839,53.522,True
ML8,3,2025-07-02 20:00:00,2025-07-02 20:17:05,2025-07-02 20:29:58,2025-07-02 20:23:31.500,12.88,2.11,27.45,455.27,39.01,27.26,0.848,0.62,0.37,0.48,-0.317,Diretto_Entrambi_Tensiometri,47.938,0.2,47.51,1.03,49.521,0.07,46.128,0.94,52.453,0.06,51.431,0.06,45.191,1.1,48.675,0.13,49.077,44.511,53.493,69.285,48.315,49.925,46.901,53.342,True
ML8,4,2025-07-02 21:00:00,2025-07-02 21:17:05,2025-07-02 21:29:53,2025-07-02 21:23:29.000,12.8,3.11,27.41,454.71,38.79,27.11,0.843,0.81,0.54,0.67,-0.177,Diretto_Entrambi_Tensiometri,47.924,0.11,47.79,0.01,49.755,0.25,46.446,1.95,52.567,0.04,51.386,0.6,45.359,0.56,48.46,0.27,48.95,44.533,53.24,69.057,48.481,50.061,46.884,53.207,True
ML8,5,2025-07-02 22:00:00,2025-07-02 22:17:07,2025-07-02 22:29:55,2025-07-02 22:23:31.000,12.8,4.11,27.42,454.08,38.54,26.93,0.838,0.96,0.7,0.82,-0.085,Diretto_Entrambi_Tensiometri,48.48,0.28,47.932,0.78,50.143,0.24,46.19,0.19,52.719,0.09,51.443,0.73,44.811,0.84,48.488,0.04,49.139,44.551,53.036,68.767,48.843,50.036,46.613,53.157,True
ML8,6,2025-07-02 23:00:00,2025-07-02 23:17:05,2025-07-02 23:29:54,2025-07-02 23:23:29.500,12.82,5.11,27.44,453.46,38.29,26.76,0.832,1.11,0.85,0.97,-0.013,Diretto_Entrambi_Tensiometri,49.04,0.33,48.538,0.74,50.528,0.79,46.569,0.24,53.139,0.05,52.009,0.14,44.906,0.92,48.24,0.59,48.944,44.502,53.094,68.587,49.361,50.489,46.543,53.069,True
ML8,7,2025-07-03 00:00:00,2025-07-03 00:17:06,2025-07-03 00:29:54,2025-07-03 00:23:30.000,12.8,6.11,27.39,452.86,38.05,26.59,0.827,0.9,0.74,0.82,-0.089,Diretto_Entrambi_Tensiometri,49.401,0.16,49.274,0.23,50.557,0.5,47.76,0.68,54.012,0.07,52.529,0.76,44.916,0.95,48.307,0.53,48.919,44.325,52.886,68.367,49.741,51.363,46.581,52.915,True
ML8,8,2025-07-03 01:00:00,2025-07-03 01:17:05,2025-07-03 01:29:40,2025-07-03 01:23:22.500,12.58,7.1,27.35,452.26,37.81,26.42,0.822,1.31,1.02,1.16,0.064,Diretto_Entrambi_Tensiometri,50.022,0.28,50.007,0.05,51.156,0.18,48.519,0.09,54.182,1.51,52.74,0.14,44.952,0.56,48.092,0.15,49.181,44.29,52.838,68.166,50.392,51.757,46.496,52.924,True
ML8,9,2025-07-03 02:00:00,2025-07-03 02:17:05,2025-07-03 02:29:34,2025-07-03 02:23:19.500,12.48,8.1,27.27,451.7,37.58,26.26,0.817,1.53,1.23,1.37,0.136,Diretto_Entrambi_Tensiometri,50.666,0.02,49.81,0.43,51.908,1.12,48.322,3.01,54.512,1.22,53.81,2.45,45.18,0.64,47.395,1.47,47.898,44.574,52.637,68.213,50.787,52.139,46.274,52.619,True
ML8,10,2025-07-03 03:00:00,2025-07-03 03:17:05,2025-07-03 03:29:37,2025-07-03 03:23:21.000,12.53,9.1,27.17,451.09,37.34,26.1,0.812,1.73,1.42,1.57,0.195,Diretto_Entrambi_Tensiometri,51.306,0.18,50.786,0.15,52.308,0.7,49.356,0.15,55.953,3.13,53.49,0.18,46.278,0.08,47.037,0.76,47.246,44.461,52.529,68.182,51.463,52.862,46.656,52.372,True
ML8,11,2025-07-03 04:00:00,2025-07-03 04:17:05,2025-07-03 04:29:46,2025-07-03 04:23:25.500,12.68,10.11,27.08,450.48,37.1,25.92,0.806,1.9,1.6,1.74,0.241,Diretto_Entrambi_Tensiometri,51.954,0.18,51.2,1.02,52.491,1.31,50.18,0.29,54.666,2.16,54.658,3.16,45.634,0.68,47.061,1.03,47.313,44.196,51.064,67.739,51.879,53.125,46.342,51.86,True
ML8,12,2025-07-03 05:00:00,2025-07-03 05:17:05,2025-07-03 05:29:34,2025-07-03 05:23:19.500,12.48,11.1,27.01,449.9,36.86,25.76,0.801,1.89,1.6,1.74,0.241,Diretto_Entrambi_Tensiometri,52.49,0.21,53.371,1.01,52.511,0.15,50.075,3.08,56.89,1.7,53.018,2.43,45.558,1.14,49.954,2.72,47.954,43.297,50.261,69.512,52.789,53.255,47.705,51.897,True
ML8,13,2025-07-03 06:00:00,2025-07-03 06:17:06,2025-07-03 06:29:21,2025-07-03 06:23:13.500,12.25,12.1,26.89,449.26,36.61,25.58,0.796,2.14,1.81,1.97,0.295,Diretto_Entrambi_Tensiometri,53.202,0.28,51.891,1.84,52.261,1.99,50.006,1.98,56.262,2.26,55.052,2.38,46.058,0.69,48.792,3.37,47.05,43.513,51.278,70.071,52.448,53.704,47.405,52.079,True
ML8,14,2025-07-03 07:00:00,2025-07-03 07:17:05,2025-07-03 07:29:34,2025-07-03 07:23:19.500,12.48,13.1,26.78,448.57,36.33,25.39,0.79,2.36,2.01,2.18,0.338,Diretto_Entrambi_Tensiometri,53.838,0.3,51.854,4.8,54.103,2.65,51.751,3.29,56.182,4.11,53.171,4.04,46.445,0.55,46.895,1.26,47.306,45.221,50.329,70.545,53.255,53.67,46.669,52.497,True
ML8,15,2025-07-03 08:00:00,2025-07-03 08:17:05,2025-07-03 08:29:22,2025-07-03 08:23:13.500,12.28,14.1,26.82,447.88,36.06,25.2,0.784,2.57,2.23,2.4,0.379,Diretto_Entrambi_Tensiometri,54.537,0.32,55.188,4.11,51.762,3.64,51.164,0.2,57.485,0.02,53.876,2.98,47.95,0.04,46.949,1.03,47.862,45.854,50.208,70.492,53.808,54.113,47.447,52.792,True
ML8,16,2025-07-03 09:00:00,2025-07-03 09:17:05,2025-07-03 09:29:27,2025-07-03 09:23:16.000,12.37,15.1,27.17,447.15,35.76,24.99,0.777,2.83,2.42,2.62,0.418,Diretto_Entrambi_Tensiometri,55.221,0.0,54.333,1.94,52.794,2.23,52.941,4.28,57.343,2.09,54.757,1.48,48.354,0.05,48.029,1.56,49.501,46.226,50.205,69.592,54.107,54.984,48.191,53.174,True
ML8,17,2025-07-03 10:00:00,2025-07-03 10:17:05,2025-07-03 10:29:46,2025-07-03 10:23:25.500,12.68,16.11,28.95,446.12,35.35,24.71,0.769,3.07,2.44,2.74,0.438,Diretto_Entrambi_Tensiometri,55.273,0.18,54.813,2.02,53.903,2.47,52.358,4.23,56.826,2.06,54.568,3.18,47.858,0.75,47.31,1.18,49.176,46.025,50.323,68.582,54.66,54.554,47.583,52.867,True
ML8,18,2025-07-03 11:00:00,2025-07-03 11:17:05,2025-07-03 11:29:48,2025-07-03 11:23:26.500,12.72,17.11,29.97,445.11,34.95,24.42,0.76,3.51,2.74,3.1,0.492,Diretto_Entrambi_Tensiometri,55.945,0.38,55.077,2.34,53.651,1.94,53.332,2.91,57.265,2.12,54.418,3.99,48.982,0.57,48.843,0.69,49.875,47.396,52.512,69.418,54.883,54.98,48.912,54.18,True
ML8,19,2025-07-03 12:00:00,2025-07-03 12:17:05,2025-07-03 12:29:20,2025-07-03 12:23:12.500,12.25,18.1,28.85,444.39,34.66,24.22,0.753,3.99,3.11,3.52,0.547,Diretto_Entrambi_Tensiometri,56.918,0.27,55.661,0.86,55.174,2.46,52.638,1.18,58.451,2.02,56.225,2.11,49.89,0.26,50.524,3.82,50.811,48.663,53.186,70.588,55.913,55.719,50.206,55.198,True
ML8,20,2025-07-03 13:00:00,2025-07-03 13:17:06,2025-07-03 13:29:21,2025-07-03 13:23:13.500,12.25,19.1,28.11,443.61,34.35,24.0,0.747,4.47,3.42,3.91,0.592,Diretto_Entrambi_Tensiometri,57.757,0.28,56.8,0.84,55.052,1.21,55.612,0.6,59.605,0.85,58.202,5.01,50.562,0.98,51.428,0.59,51.263,49.417,53.354,71.191,56.525,57.783,50.993,55.695,True
ML8,21,2025-07-03 14:00:00,2025-07-03 14:17:05,2025-07-03 14:29:10,2025-07-03 14:23:07.500,12.08,20.1,27.66,442.87,34.05,23.8,0.74,4.99,3.68,4.29,0.632,Diretto_Entrambi_Tensiometri,58.577,0.28,57.168,1.21,55.507,0.2,56.208,0.76,60.645,0.35,57.689,1.0,51.502,0.09,53.735,0.82,52.19,50.858,53.671,72.212,57.07,58.152,52.607,56.634,True
ML8,22,2025-07-03 15:00:00,2025-07-03 15:17:05,2025-07-03 15:29:09,2025-07-03 15:23:07.000,12.07,21.1,27.36,442.11,33.75,23.58,0.734,5.7,3.88,4.7,0.672,Diretto_Entrambi_Tensiometri,59.462,0.27,57.267,1.32,55.748,1.98,56.073,0.88,61.506,0.02,57.853,2.08,52.173,0.32,55.219,0.07,53.037,51.33,53.881,73.852,57.472,58.434,53.674,57.37,True
ML8,23,2025-07-03 16:00:00,2025-07-03 16:17:05,2025-07-03 16:29:10,2025-07-03 16:23:07.500,12.08,22.1,27.05,441.32,33.43,23.36,0.727,6.47,4.16,5.19,0.715,Diretto_Entrambi_Tensiometri,60.284,0.1,58.774,0.47,57.78,2.31,55.891,1.95,62.198,0.13,58.947,0.81,53.369,0.12,56.028,0.54,53.616,52.656,53.907,74.355,58.937,58.956,54.682,58.0,True
ML8,24,2025-07-03 17:00:00,2025-07-03 17:17:05,2025-07-03 17:29:09,2025-07-03 17:23:07.000,12.07,23.1,26.91,440.55,33.12,23.15,0.72,7.34,4.46,5.72,0.758,Diretto_Entrambi_Tensiometri,61.012,0.2,58.894,2.9,57.301,0.16,57.488,0.37,62.901,0.12,59.589,0.4,54.411,0.31,56.397,0.25,54.006,53.596,53.903,75.535,59.049,59.952,55.395,58.591,True
ML8,25,2025-07-03 18:00:00,2025-07-03 18:17:05,2025-07-03 18:29:07,2025-07-03 18:23:06.000,12.03,24.1,26.82,439.74,32.8,22.92,0.713,8.4,4.81,6.36,0.803,Diretto_Entrambi_Tensiometri,61.755,0.35,59.92,0.09,57.913,0.48,57.914,0.37,63.503,0.07,60.266,0.4,55.441,0.11,57.751,0.48,54.387,54.529,54.164,76.274,59.842,60.518,56.584,59.163,True
ML8,26,2025-07-03 19:00:00,2025-07-03 19:17:05,2025-07-03 19:29:07,2025-07-03 19:23:06.000,12.03,25.1,26.84,438.92,32.47,22.69,0.706,9.58,5.11,7.0,0.845,Diretto_Entrambi_Tensiometri,62.553,0.3,60.928,0.9,58.515,0.26,58.504,0.39,64.093,0.15,60.692,0.23,56.706,0.09,58.57,0.26,54.77,55.423,54.388,76.999,60.643,61.053,57.63,59.711,True
ML8,27,2025-07-03 20:00:00,2025-07-03 20:17:06,2025-07-03 20:29:16,2025-07-03 20:23:11.000,12.17,26.1,26.75,438.1,32.14,22.46,0.699,10.9,5.42,7.69,0.886,Diretto_Entrambi_Tensiometri,63.445,0.27,61.62,0.77,59.163,0.42,59.118,0.46,64.685,0.31,61.223,0.2,57.745,0.32,59.286,0.6,55.239,56.341,54.905,78.506,61.384,61.633,58.51,60.52,True
ML8,28,2025-07-03 21:00:00,2025-07-03 21:17:05,2025-07-03 21:29:16,2025-07-03 21:23:10.500,12.18,27.1,26.61,437.34,31.84,22.25,0.692,12.4,5.67,8.39,0.924,Diretto_Entrambi_Tensiometri,64.012,0.2,61.875,0.02,59.649,0.15,59.534,0.46,65.161,0.19,61.895,0.34,58.404,0.11,59.343,0.08,55.494,56.682,55.388,80.14,61.82,62.154,58.872,61.128,True
ML8,29,2025-07-03 22:00:00,2025-07-03 22:17:06,2025-07-03 22:29:17,2025-07-03 22:23:11.500,12.18,28.1,26.46,436.66,31.57,22.06,0.686,13.8,6.23,9.27,0.967,Diretto_Entrambi_Tensiometri,64.638,0.18,62.215,0.38,59.974,0.08,59.635,0.25,65.569,0.07,62.126,0.4,59.475,0.27,60.085,0.59,55.789,57.237,55.729,81.473,62.247,62.396,59.779,61.706,True
ML8,30,2025-07-03 23:00:00,2025-07-03 23:17:05,2025-07-03 23:29:16,2025-07-03 23:23:10.500,12.18,29.1,26.38,436.05,31.32,21.89,0.681,15.36,6.63,10.09,1.004,Diretto_Entrambi_Tensiometri,65.113,0.09,62.877,0.6,59.876,0.1,60.044,0.54,65.784,0.05,62.527,0.31,60.049,0.18,60.379,1.36,56.049,57.726,56.134,82.562,62.585,62.741,60.214,62.228,True
ML8,31,2025-07-04 00:00:00,2025-07-04 00:17:05,2025-07-04 00:29:17,2025-07-04 00:23:11.000,12.2,30.1,26.28,435.41,31.07,21.71,0.675,17.09,7.08,11.0,1.042,Diretto_Entrambi_Tensiometri,65.652,0.1,63.218,0.5,60.447,0.7,60.303,0.28,66.232,0.01,62.932,0.22,60.558,0.29,60.463,0.44,56.242,58.098,56.236,84.42,63.07,63.109,60.51,62.758,True
ML8,32,2025-07-04 01:00:00,2025-07-04 01:17:05,2025-07-04 01:29:17,2025-07-04 01:23:11.000,12.2,31.1,26.18,434.8,30.82,21.54,0.67,19.05,7.52,11.97,1.078,Diretto_Entrambi_Tensiometri,66.124,0.06,63.421,0.61,60.9,0.12,60.275,0.27,66.344,0.05,63.161,0.05,61.328,0.19,60.855,0.43,56.457,58.477,56.317,85.76,63.446,63.211,61.091,63.191,True
ML8,33,2025-07-04 02:00:00,2025-07-04 02:17:05,2025-07-04 02:29:18,2025-07-04 02:23:11.500,12.22,32.1,26.08,434.17,30.57,21.36,0.665,21.06,7.99,12.97,1.113,Diretto_Entrambi_Tensiometri,66.597,0.02,63.345,0.46,60.86,0.64,60.608,0.04,66.697,0.06,63.36,0.18,62.04,0.13,61.134,0.74,56.636,58.826,56.564,87.268,63.557,63.506,61.585,63.682,True
ML8,34,2025-07-04 03:00:00,2025-07-04 03:17:05,2025-07-04 03:29:17,2025-07-04 03:23:11.000,12.2,33.1,25.98,433.55,30.32,21.19,0.659,23.61,8.59,14.24,1.153,Diretto_Entrambi_Tensiometri,67.129,0.14,64.058,0.58,61.349,0.32,60.78,0.59,66.841,0.31,63.667,0.72,62.745,0.5,61.414,0.29,56.919,59.274,56.94,87.735,64.135,63.715,62.076,64.073,True
ML8,35,2025-07-04 04:00:00,2025-07-04 04:17:05,2025-07-04 04:29:17,2025-07-04 04:23:11.000,12.2,34.1,25.87,432.92,30.07,21.02,0.654,26.21,9.14,15.48,1.19,Diretto_Entrambi_Tensiometri,67.689,0.07,64.496,0.89,61.614,0.03,61.199,0.42,66.94,0.22,63.935,0.09,63.33,0.2,61.172,0.38,57.132,59.511,57.044,87.554,64.552,63.982,62.242,64.193,True
ML8,36,2025-07-04 05:00:00,2025-07-04 05:17:05,2025-07-04 05:29:17,2025-07-04 05:23:11.000,12.2,35.1,25.83,432.31,29.83,20.85,0.648,29.06,9.69,16.78,1.225,Diretto_Entrambi_Tensiometri,68.147,0.18,64.304,0.67,61.53,0.34,61.909,0.53,66.98,0.05,63.915,0.36,64.355,0.21,61.208,0.58,57.5,59.753,57.361,88.035,64.604,64.234,62.762,64.539,True
ML8,37,2025-07-04 06:00:00,2025-07-04 06:17:05,2025-07-04 06:29:17,2025-07-04 06:23:11.000,12.2,36.1,26.22,431.66,29.57,20.66,0.643,32.12,10.13,18.04,1.256,Diretto_Entrambi_Tensiometri,68.32,0.29,64.472,0.54,61.154,0.68,61.913,0.25,67.11,0.61,63.956,1.32,63.787,0.04,60.643,0.53,56.877,59.463,56.887,87.007,64.582,64.291,62.195,63.964,True
ML8,38,2025-07-04 07:00:00,2025-07-04 07:17:05,2025-07-04 07:29:19,2025-07-04 07:23:12.000,12.23,37.1,28.39,430.59,29.14,20.37,0.634,37.99,10.79,20.25,1.306,Diretto_Entrambi_Tensiometri,69.167,0.21,65.001,1.51,62.217,0.83,62.291,0.55,67.123,0.21,64.616,0.07,67.23,0.17,60.697,0.7,57.841,60.406,57.127,89.013,65.4,64.647,63.88,64.924,True
ML8,39,2025-07-04 08:00:00,2025-07-04 08:17:05,2025-07-04 08:29:17,2025-07-04 08:23:11.000,12.2,38.1,28.2,429.93,28.88,20.18,0.628,44.25,7.06,17.65,1.247,Diretto_Entrambi_Tensiometri,69.497,0.05,65.111,0.16,62.073,1.21,62.387,0.32,67.232,0.28,64.206,0.34,69.197,0.02,59.512,0.68,58.012,60.133,57.192,90.164,65.49,64.578,64.172,65.125,True
ML8,40,2025-07-04 09:00:00,2025-07-04 09:17:06,2025-07-04 09:29:16,2025-07-04 09:23:11.000,12.17,39.1,28.17,429.15,28.56,19.96,0.621,50.94,12.7,25.44,1.405,Diretto_Entrambi_Tensiometri,70.122,0.03,65.48,0.33,62.397,1.09,62.869,0.55,67.706,0.49,64.593,0.26,71.083,0.01,59.583,0.0,58.436,60.357,57.448,91.436,65.924,65.025,65.079,65.607,True
ML8,41,2025-07-04 10:00:00,2025-07-04 10:17:05,2025-07-04 10:29:10,2025-07-04 10:23:07.500,12.08,40.1,29.34,428.07,28.13,19.66,0.612,60.22,13.5,28.51,1.455,Diretto_Entrambi_Tensiometri,70.207,0.2,65.725,1.08,62.246,0.13,63.046,0.78,67.672,0.23,64.535,0.97,73.633,0.1,58.353,0.26,57.691,60.153,56.945,91.933,65.979,65.056,65.549,65.286,True
ML8,42,2025-07-04 11:00:00,2025-07-04 11:17:05,2025-07-04 11:29:07,2025-07-04 11:23:06.000,12.03,41.1,30.18,426.99,27.7,19.36,0.602,72.55,14.78,32.75,1.515,Diretto_Entrambi_Tensiometri,71.333,0.27,66.326,0.0,62.89,0.47,64.277,0.61,68.653,0.08,64.816,1.12,78.863,0.22,58.327,0.21,58.169,61.132,57.909,93.751,66.76,65.887,67.822,66.286,True
ML8,43,2025-07-04 12:00:00,2025-07-04 12:17:05,2025-07-04 12:29:18,2025-07-04 12:23:11.500,12.22,42.1,28.71,426.26,27.41,19.15,0.596,85.4,16.51,37.55,1.575,Diretto_Entrambi_Tensiometri,72.368,0.15,66.972,0.02,63.776,0.51,65.499,0.59,69.756,0.43,65.126,1.26,82.079,0.29,58.93,0.72,59.025,61.979,57.647,94.938,67.613,66.761,69.548,66.892,True
ML8,44,2025-07-04 13:00:00,2025-07-04 13:17:05,2025-07-04 13:29:17,2025-07-04 13:23:11.000,12.2,43.1,27.8,425.5,27.1,18.94,0.589,98.01,18.17,42.2,1.625,Diretto_Entrambi_Tensiometri,72.885,0.14,67.427,0.03,64.273,0.94,65.947,0.18,70.306,0.47,65.426,0.67,83.855,0.2,58.827,1.1,59.514,62.313,57.949,95.742,68.103,67.191,70.235,67.35,True
ML8,45,2025-07-04 14:00:00,2025-07-04 14:17:05,2025-07-04 14:29:09,2025-07-04 14:23:07.000,12.07,44.1,27.27,424.7,26.79,18.72,0.582,112.61,19.89,47.32,1.675,Diretto_Entrambi_Tensiometri,73.417,0.11,67.976,0.5,64.58,0.56,66.818,0.39,70.813,0.1,65.653,1.38,85.672,0.51,58.462,0.04,60.146,62.505,57.761,95.802,68.562,67.726,70.771,67.536,True
ML8,46,2025-07-04 15:00:00,2025-07-04 15:17:05,2025-07-04 15:29:13,2025-07-04 15:23:09.000,12.13,45.1,27.0,423.92,26.47,18.5,0.575,129.83,21.65,53.01,1.724,Diretto_Entrambi_Tensiometri,73.999,0.04,68.725,0.12,64.771,0.33,67.06,0.41,71.351,0.08,66.058,0.26,88.678,0.19,58.36,0.48,60.565,62.91,57.903,96.004,69.062,68.118,71.939,67.84,True
ML8,47,2025-07-04 16:00:00,2025-07-04 16:17:05,2025-07-04 16:29:18,2025-07-04 16:23:11.500,12.22,46.1,26.88,423.14,26.16,18.28,0.569,148.96,23.64,59.34,1.773,Diretto_Entrambi_Tensiometri,74.56,0.06,69.126,0.24,65.253,0.25,67.616,0.11,71.761,0.13,66.473,0.6,92.186,1.08,58.315,1.07,60.523,63.247,57.63,96.495,69.542,68.58,73.32,67.925,True
ML8,48,2025-07-04 17:00:00,2025-07-04 17:17:06,2025-07-04 17:29:14,2025-07-04 17:23:10.000,12.13,47.1,26.91,422.36,25.85,18.06,0.562,172.77,25.6,66.5,1.823,Diretto_Entrambi_Tensiometri,75.109,0.06,69.462,0.26,65.494,0.07,67.578,0.36,71.447,0.34,66.445,0.12,95.334,0.29,57.909,1.08,60.762,63.449,57.411,96.44,69.911,68.457,74.301,67.972,True
ML8,49,2025-07-04 18:00:00,2025-07-04 18:17:05,2025-07-04 18:29:15,2025-07-04 18:23:10.000,12.17,48.1,26.75,421.62,25.55,17.86,0.555,196.49,28.14,74.36,1.871,Diretto_Entrambi_Tensiometri,75.58,0.01,69.94,0.28,65.724,0.03,68.079,0.59,72.001,0.23,66.879,0.48,98.985,0.12,57.324,0.3,60.962,63.749,57.755,97.983,70.299,68.952,75.327,68.481,True
ML8,50,2025-07-04 19:00:00,2025-07-04 19:17:05,2025-07-04 19:29:17,2025-07-04 19:23:11.000,12.2,49.1,26.64,420.86,25.25,17.64,0.549,227.78,30.72,83.65,1.922,Esteso_Top_Diretto_Bottom,76.139,0.07,70.336,0.18,66.454,1.07,68.277,1.01,73.317,0.46,67.472,0.37,104.411,0.36,57.045,0.56,61.329,64.212,57.768,98.75,70.866,69.641,77.176,68.846,True
ML8,51,2025-07-04 20:00:00,2025-07-04 20:17:05,2025-07-04 20:29:13,2025-07-04 20:23:09.000,12.13,50.1,26.62,420.07,24.93,17.42,0.542,264.93,33.67,94.44,1.975,Esteso_Top_Diretto_Bottom,76.767,0.15,70.944,0.67,66.603,0.26,68.497,0.57,73.526,0.27,68.087,0.07,107.405,0.12,56.792,1.03,62.27,64.859,57.716,98.989,71.317,69.994,78.101,69.308,True
ML8,52,2025-07-04 21:00:00,2025-07-04 21:17:05,2025-07-04 21:29:18,2025-07-04 21:23:11.500,12.22,51.1,26.57,419.31,24.63,17.21,0.535,302.13,36.9,105.59,2.024,Esteso_Top_Diretto_Bottom,77.553,0.11,71.241,0.09,67.018,0.83,68.738,0.73,73.783,0.15,68.065,0.43,110.414,0.15,56.433,1.12,63.146,65.258,57.504,99.375,71.808,70.15,78.937,69.661,True
ML8,53,2025-07-04 22:00:00,2025-07-04 22:17:05,2025-07-04 22:29:26,2025-07-04 22:23:15.500,12.35,52.1,26.49,418.57,24.33,17.0,0.529,339.35,40.47,117.19,2.069,Esteso_Top_Diretto_Bottom,78.275,0.32,71.721,0.26,67.134,0.57,69.21,0.58,74.12,0.01,68.564,0.94,112.014,0.74,55.716,0.14,64.259,65.846,57.76,100.024,72.233,70.588,79.0,70.315,True
ML8,54,2025-07-04 23:00:00,2025-07-04 23:17:05,2025-07-04 23:29:36,2025-07-04 23:23:20.500,12.52,53.1,26.38,417.86,24.05,16.81,0.523,376.58,44.39,129.29,2.112,Esteso_Top_Diretto_Bottom,79.013,0.54,72.168,0.43,67.172,0.33,69.579,0.37,74.732,0.24,68.728,0.45,113.96,0.08,55.328,0.52,64.412,66.368,57.765,100.58,72.623,70.964,79.405,70.595,True
ML8,55,2025-07-05 00:00:00,2025-07-05 00:17:05,2025-07-05 00:29:17,2025-07-05 00:23:11.000,12.2,54.1,26.3,417.24,23.8,16.63,0.517,413.66,48.65,141.86,2.152,Esteso_Top_Diretto_Bottom,79.059,0.48,72.256,0.41,67.452,0.84,69.685,1.24,75.289,0.31,68.699,0.72,115.772,0.82,55.048,0.12,64.928,66.718,57.724,101.018,72.768,71.166,79.831,70.894,True
ML8,56,2025-07-05 01:00:00,2025-07-05 01:17:05,2025-07-05 01:29:26,2025-07-05 01:23:15.500,12.35,55.1,26.19,416.63,23.56,16.46,0.512,450.88,53.16,154.82,2.19,Esteso_Top_Diretto_Bottom,79.316,0.54,72.305,0.09,67.816,0.9,69.898,0.61,75.38,0.19,68.693,0.2,118.785,0.11,54.798,0.71,66.081,67.26,57.739,101.506,72.994,71.265,80.679,71.441,True
ML8,57,2025-07-05 02:00:00,2025-07-05 02:17:08,2025-07-05 02:29:18,2025-07-05 02:23:13.000,12.17,56.1,26.12,416.04,23.32,16.3,0.507,488.03,58.09,168.38,2.226,Esteso_Top_Diretto_Bottom,79.493,0.5,72.566,0.37,67.67,1.54,70.189,0.05,76.308,0.0,69.198,0.03,122.672,0.62,54.102,0.96,67.063,67.646,57.783,102.132,73.084,71.831,81.467,71.932,True
ML8,58,2025-07-05 03:00:00,2025-07-05 03:17:08,2025-07-05 03:29:13,2025-07-05 03:23:10.500,12.08,57.1,26.07,415.46,23.09,16.13,0.502,525.18,63.49,182.6,2.261,Esteso_Top_Diretto_Bottom,79.769,0.65,72.847,0.23,67.709,0.37,70.434,0.26,76.413,0.42,69.012,0.35,126.081,0.27,54.019,0.85,68.174,68.243,57.609,102.614,73.276,71.883,82.527,72.417,True
ML8,59,2025-07-05 04:00:00,2025-07-05 04:17:08,2025-07-05 04:29:13,2025-07-05 04:23:10.500,12.08,58.1,25.98,414.88,22.85,15.97,0.497,562.36,69.18,197.24,2.295,Esteso_Top_Diretto_Bottom,80.153,0.76,73.1,0.32,68.156,0.55,70.653,0.56,77.097,0.28,69.479,0.05,129.285,0.53,53.825,0.21,69.171,68.719,57.668,103.16,73.64,72.334,83.419,72.923,True
ML8,60,2025-07-05 05:00:00,2025-07-05 05:17:08,2025-07-05 05:29:07,2025-07-05 05:23:07.500,11.98,59.1,25.94,414.34,22.64,15.82,0.492,599.51,75.34,212.53,2.327,Esteso_Top_Diretto_Bottom,80.456,0.93,73.381,0.53,67.859,0.35,70.834,0.89,77.287,0.53,69.53,0.29,134.595,0.02,53.354,1.49,70.394,69.193,57.751,103.331,73.72,72.473,84.742,73.426,True
ML8,61,2025-07-05 06:00:00,2025-07-05 06:17:08,2025-07-05 06:29:09,2025-07-05 06:23:08.500,12.02,60.1,26.0,413.73,22.4,15.65,0.487,636.69,82.04,228.55,2.359,Esteso_Top_Diretto_Bottom,80.736,0.83,73.548,0.14,68.602,1.28,71.169,0.73,77.726,0.26,69.769,0.1,139.125,0.51,53.049,0.48,72.534,69.827,57.691,102.692,74.13,72.807,85.909,74.012,True
ML8,62,2025-07-05 07:00:00,2025-07-05 07:17:08,2025-07-05 07:29:13,2025-07-05 07:23:10.500,12.08,61.1,26.1,413.14,22.16,15.49,0.482,673.89,89.3,245.31,2.39,Esteso_Top_Diretto_Bottom,81.202,0.77,74.123,0.02,68.689,0.88,71.484,0.55,78.196,0.79,70.063,0.02,141.529,0.32,52.36,1.41,73.829,70.64,57.709,103.662,74.496,73.163,86.084,74.737,True
ML8,63,2025-07-05 08:00:00,2025-07-05 08:17:08,2025-07-05 08:29:03,2025-07-05 08:23:05.500,11.92,62.1,26.06,412.54,21.92,15.32,0.477,711.02,97.14,262.8,2.42,Esteso_Top_Diretto_Bottom,81.729,0.83,74.498,0.25,68.861,0.39,71.689,0.8,78.739,0.14,70.224,0.57,147.832,0.29,52.147,0.72,76.987,71.509,57.876,104.123,74.845,73.459,87.801,75.894,True
ML8,64,2025-07-05 09:00:00,2025-07-05 09:17:08,2025-07-05 09:29:08,2025-07-05 09:23:08.000,12.0,63.1,26.23,411.95,21.68,15.15,0.471,748.22,105.52,280.98,2.449,Esteso_Top_Diretto_Bottom,81.862,0.75,74.791,0.34,69.33,0.73,71.851,0.84,79.122,0.77,70.611,0.46,151.084,0.23,51.95,0.14,78.868,72.105,57.978,104.955,75.154,73.768,88.594,76.698,True
ML8,65,2025-07-05 10:00:00,2025-07-05 10:17:08,2025-07-05 10:29:08,2025-07-05 10:23:08.000,12.0,64.1,26.27,411.33,21.43,14.98,0.466,785.4,114.82,300.29,2.478,Esteso_Top_Diretto_Bottom,82.674,0.99,75.394,0.54,69.14,0.65,71.982,0.01,79.935,0.46,70.723,0.28,159.037,0.48,51.556,1.44,82.362,73.09,58.073,105.18,75.534,74.104,90.55,77.871,True
ML8,66,2025-07-05 11:00:00,2025-07-05 11:17:08,2025-07-05 11:29:08,2025-07-05 11:23:08.000,12.0,65.1,26.29,410.72,21.19,14.81,0.461,822.57,124.88,320.51,2.506,Esteso_Top_Diretto_Bottom,83.111,0.7,75.635,1.21,69.595,0.9,72.204,0.46,80.141,1.22,71.702,0.03,163.299,0.08,50.821,1.52,84.068,73.899,58.221,105.62,75.914,74.585,91.099,78.618,True
ML8,67,2025-07-05 12:00:00,2025-07-05 12:17:08,2025-07-05 12:29:13,2025-07-05 12:23:10.500,12.08,66.1,26.41,410.13,20.96,14.64,0.456,859.77,135.67,341.54,2.533,Esteso_Top_Diretto_Bottom,83.504,0.87,76.153,0.47,70.088,0.34,72.089,0.37,80.677,1.1,71.905,0.11,169.196,0.36,50.944,0.36,87.381,74.72,58.374,107.219,76.386,74.781,92.841,79.953,True
ML8,68,2025-07-05 13:00:00,2025-07-05 13:17:08,2025-07-05 13:29:17,2025-07-05 13:23:12.500,12.15,67.1,26.47,409.52,20.71,14.48,0.45,896.97,147.53,363.69,2.561,Oltre_Air_Entry_Top,84.179,1.32,76.38,0.48,70.462,1.39,72.39,0.31,80.985,1.07,72.467,0.35,166.218,0.39,50.712,0.54,89.909,75.672,58.501,109.135,76.803,75.175,91.811,81.183,True
ML8,69,2025-07-05 14:00:00,2025-07-05 14:17:08,2025-07-05 14:29:17,2025-07-05 14:23:12.500,12.15,68.1,26.51,408.96,20.49,14.32,0.445,934.15,160.47,385.95,2.587,Oltre_Air_Entry_Top,84.241,1.12,76.892,0.39,70.762,1.54,72.76,0.26,81.408,0.9,72.751,0.79,171.091,0.05,50.347,1.1,91.274,76.451,58.74,111.327,77.102,75.532,92.811,82.189,True
ML8,70,2025-07-05 15:00:00,2025-07-05 15:17:08,2025-07-05 15:29:18,2025-07-05 15:23:13.000,12.17,69.1,26.67,408.35,20.25,14.15,0.44,971.33,177.97,408.22,2.611,Oltre_Air_Entry_Top,84.867,0.96,77.112,0.32,71.079,1.22,72.332,0.15,81.319,1.24,73.403,0.01,174.467,0.75,49.612,2.22,94.944,77.56,59.093,112.927,77.482,75.581,93.036,83.726,True
ML8,71,2025-07-05 16:00:00,2025-07-05 16:17:08,2025-07-05 16:29:49,2025-07-05 16:23:28.500,12.68,70.11,26.65,407.82,20.03,14.0,0.435,1008.67,206.07,430.58,2.634,Oltre_Air_Entry_Top,86.334,2.66,79.595,1.64,71.313,0.53,76.146,0.21,83.063,0.39,73.703,0.6,178.702,0.93,49.57,0.26,96.722,78.446,59.343,114.621,78.84,77.538,94.118,84.758,True
ML8,72,2025-07-05 17:00:00,2025-07-05 17:17:10,2025-07-05 17:29:55,2025-07-05 17:23:32.500,12.75,71.11,26.65,407.25,19.81,13.84,0.431,1045.89,234.09,452.86,2.656,Oltre_Air_Entry_Top,87.397,2.77,80.6,3.53,71.996,0.32,76.336,1.11,83.796,0.53,74.014,0.7,188.606,0.98,49.159,2.33,101.764,79.528,59.445,113.977,79.747,77.939,96.29,86.052,True
ML8,73,2025-07-05 18:00:00,2025-07-05 18:17:08,2025-07-05 18:29:52,2025-07-05 18:23:30.000,12.73,72.11,26.72,406.73,19.6,13.69,0.426,1083.04,262.05,475.11,2.677,Oltre_Air_Entry_Top,87.771,3.3,80.894,3.37,72.394,1.08,77.221,0.28,84.164,0.07,74.314,0.93,194.296,1.09,49.281,0.84,103.445,80.355,59.768,116.377,80.104,78.459,97.852,87.2,True
ML8,74,2025-07-05 19:00:00,2025-07-05 19:17:08,2025-07-05 19:29:48,2025-07-05 19:23:28.000,12.67,73.11,26.73,406.22,19.39,13.55,0.422,1120.19,290.01,497.36,2.697,Oltre_Air_Entry_Top,88.526,3.5,81.623,4.48,72.672,0.47,77.401,1.25,85.104,0.33,74.651,1.18,203.275,0.74,49.357,0.35,108.32,81.002,60.04,117.044,80.677,78.93,100.165,88.613,True
ML8,75,2025-07-05 20:00:00,2025-07-05 20:17:08,2025-07-05 20:30:15,2025-07-05 20:23:41.500,13.12,74.11,26.74,405.73,19.2,13.41,0.417,1157.51,318.1,519.71,2.716,Oltre_Air_Entry_Top,89.135,3.45,82.167,3.84,72.87,0.9,78.246,0.97,85.369,0.01,75.331,1.14,213.45,0.12,49.02,2.41,112.821,81.686,60.424,118.289,81.114,79.539,102.29,90.089,True
ML8,76,2025-07-05 21:00:00,2025-07-05 21:17:08,2025-07-05 21:30:13,2025-07-05 21:23:40.500,13.08,75.11,26.71,405.26,19.01,13.28,0.413,1194.67,346.07,541.96,2.734,Oltre_Air_Entry_Top,89.661,3.66,82.304,4.34,73.567,0.25,78.76,0.53,85.698,0.02,75.744,1.03,212.948,0.03,49.002,2.48,115.852,82.861,60.802,119.666,81.577,79.96,102.151,91.419,True
ML8,77,2025-07-05 22:00:00,2025-07-05 22:17:08,2025-07-05 22:30:09,2025-07-05 22:23:38.500,13.02,76.11,26.65,404.82,18.83,13.16,0.409,1231.83,374.03,564.21,2.751,Oltre_Air_Entry_Top,90.2,3.34,83.251,5.31,73.842,0.83,79.14,0.06,86.042,0.09,76.135,1.49,216.085,0.01,49.07,1.25,118.862,83.898,61.197,126.521,82.155,80.334,102.972,93.739,True
ML8,78,2025-07-05 23:00:00,2025-07-05 23:17:10,2025-07-05 23:30:10,2025-07-05 23:23:40.000,13.0,77.11,26.56,404.42,18.67,13.05,0.406,1269.02,402.03,586.48,2.768,Oltre_Air_Entry_Top,90.458,3.22,84.057,7.22,74.27,0.53,79.039,0.07,86.259,0.16,76.645,1.46,220.601,0.79,48.722,2.1,132.873,84.931,61.615,127.349,82.657,80.546,103.673,97.005,True
ML8,79,2025-07-06 00:00:00,2025-07-06 00:17:08,2025-07-06 00:30:11,2025-07-06 00:23:39.500,13.05,78.11,26.48,404.02,18.51,12.94,0.402,1306.19,430.0,608.74,2.784,Oltre_Air_Entry_Top,91.009,3.42,85.452,9.28,74.651,0.26,79.784,0.04,86.439,0.17,77.045,1.35,225.863,0.26,49.23,0.48,136.948,86.304,62.013,127.81,83.422,80.995,105.448,98.38,True
ML8,80,2025-07-06 01:00:00,2025-07-06 01:17:08,2025-07-06 01:30:22,2025-07-06 01:23:45.000,13.23,79.11,26.43,403.65,18.36,12.83,0.399,1343.43,458.02,631.04,2.8,Oltre_Air_Entry_Top,91.431,4.07,85.859,9.8,75.055,0.52,80.355,0.02,87.117,0.4,77.269,1.32,233.576,0.06,49.104,1.38,139.829,87.237,62.346,129.045,83.834,81.478,107.096,99.532,True
ML8,81,2025-07-06 02:00:00,2025-07-06 02:17:08,2025-07-06 02:30:18,2025-07-06 02:23:43.000,13.17,80.11,26.41,403.26,18.21,12.72,0.396,1380.58,485.99,653.29,2.815,Oltre_Air_Entry_Top,92.03,3.83,87.11,10.79,75.401,0.57,80.535,0.4,87.211,0.12,77.689,1.53,238.35,0.61,48.831,1.72,146.031,88.626,62.817,129.583,84.552,81.716,107.884,101.311,True
ML8,82,2025-07-06 03:00:00,2025-07-06 03:17:08,2025-07-06 03:30:31,2025-07-06 03:23:49.500,13.38,81.11,26.38,402.91,18.07,12.63,0.393,1417.83,514.02,675.59,2.83,Oltre_Air_Entry_Top,92.358,3.61,88.412,9.75,75.555,0.39,81.105,0.21,87.426,0.08,78.208,1.36,243.346,0.41,49.158,2.81,149.041,89.502,63.232,131.881,85.13,82.157,109.373,102.699,True
ML8,83,2025-07-06 04:00:00,2025-07-06 04:17:08,2025-07-06 04:30:32,2025-07-06 04:23:50.000,13.4,82.11,26.34,402.56,17.93,12.53,0.39,1455.01,542.0,697.86,2.844,Oltre_Air_Entry_Top,93.077,3.88,88.242,11.25,75.998,0.32,81.674,0.26,87.622,0.26,78.529,1.63,245.517,0.42,49.582,0.56,152.805,90.596,63.74,132.88,85.462,82.523,110.332,104.059,True
ML8,84,2025-07-06 05:00:00,2025-07-06 05:17:08,2025-07-06 05:30:31,2025-07-06 05:23:49.500,13.38,83.11,26.3,402.23,17.8,12.44,0.387,1492.18,569.98,720.12,2.857,Oltre_Air_Entry_Top,93.451,3.67,89.506,12.46,76.224,0.01,82.367,0.79,87.197,0.51,78.876,1.53,247.418,0.9,49.856,1.44,157.658,91.772,64.339,134.243,86.068,82.743,111.064,105.73,True
ML8,85,2025-07-06 06:00:00,2025-07-06 06:17:08,2025-07-06 06:30:38,2025-07-06 06:23:53.000,13.5,84.11,26.28,401.91,17.67,12.35,0.384,1529.39,597.99,742.4,2.871,Oltre_Air_Entry_Top,94.266,4.28,91.366,11.24,76.471,0.47,82.481,0.25,87.214,0.37,79.296,1.65,255.05,0.46,50.289,1.22,162.33,92.569,64.885,135.203,87.005,82.934,113.253,107.152,True
ML8,86,2025-07-06 07:00:00,2025-07-06 07:17:08,2025-07-06 07:30:42,2025-07-06 07:23:55.000,13.57,85.11,26.3,401.58,17.54,12.25,0.381,1566.59,625.98,764.67,2.883,Oltre_Air_Entry_Top,94.538,3.82,91.493,10.68,76.539,0.46,83.215,0.46,87.371,0.3,79.561,1.84,254.699,0.02,50.636,0.44,165.625,93.495,65.061,134.933,87.155,83.321,113.565,107.979,True
ML8,87,2025-07-06 08:00:00,2025-07-06 08:17:08,2025-07-06 08:30:41,2025-07-06 08:23:54.500,13.55,86.11,27.06,401.18,17.37,12.14,0.378,1603.76,653.96,786.93,2.896,Oltre_Air_Entry_Top,94.198,3.05,92.203,12.13,76.42,0.71,83.138,0.46,87.052,0.36,79.749,1.64,262.666,0.46,50.459,1.01,172.424,94.537,65.531,137.942,87.23,83.26,115.125,110.176,True
ML8,88,2025-07-06 09:00:00,2025-07-06 09:17:08,2025-07-06 09:30:40,2025-07-06 09:23:54.000,13.53,87.11,27.51,400.74,17.2,12.02,0.374,1640.93,681.94,809.19,2.908,Oltre_Air_Entry_Top,94.92,3.52,97.896,18.07,76.701,0.91,83.757,1.15,87.522,1.33,80.125,1.56,264.768,0.02,50.366,2.07,178.285,96.363,66.106,138.504,89.325,83.747,115.479,111.991,True
ML8,89,2025-07-06 10:00:00,2025-07-06 10:17:08,2025-07-06 10:30:52,2025-07-06 10:24:00.000,13.73,88.12,28.17,400.31,17.03,11.9,0.37,1678.17,709.96,831.49,2.92,Oltre_Air_Entry_Top,95.435,3.09,98.414,15.01,76.233,0.17,84.649,0.26,87.521,1.32,80.829,1.94,268.844,0.98,50.327,2.95,179.831,97.898,66.671,142.595,89.461,84.288,116.319,113.742,True
ML8,90,2025-07-06 11:00:00,2025-07-06 11:17:08,2025-07-06 11:31:12,2025-07-06 11:24:10.000,14.07,89.12,29.03,399.82,16.83,11.76,0.366,1715.45,738.02,853.82,2.931,Oltre_Air_Entry_Top,96.264,3.42,99.216,15.6,76.313,0.01,85.481,0.88,87.176,0.36,81.72,0.9,259.303,0.4,50.862,0.69,180.009,100.254,67.582,146.672,89.994,84.761,114.842,115.649,True
ML8,91,2025-07-06 12:00:00,2025-07-06 12:17:08,2025-07-06 12:31:46,2025-07-06 12:24:27.000,14.63,90.12,28.31,399.51,16.71,11.68,0.363,1752.81,766.13,876.18,2.943,Oltre_Air_Entry_Top,97.663,3.76,101.049,17.3,76.732,0.4,87.65,0.27,88.907,0.8,82.934,1.07,267.493,3.57,50.986,2.72,184.127,102.279,68.453,148.162,91.148,86.458,116.784,117.56,True
ML8,92,2025-07-06 13:00:00,2025-07-06 13:17:08,2025-07-06 13:30:58,2025-07-06 13:24:03.000,13.83,91.12,27.92,399.15,16.56,11.58,0.36,1789.73,793.93,898.3,2.953,Oltre_Air_Entry_Top,98.494,3.34,105.548,23.72,75.649,0.83,88.182,0.9,90.307,1.5,83.505,1.48,284.401,0.75,51.75,1.97,196.051,103.02,69.203,149.432,92.304,87.285,121.317,120.217,True
ML8,93,2025-07-06 14:00:00,2025-07-06 14:17:08,2025-07-06 14:30:56,2025-07-06 14:24:02.000,13.8,92.12,27.71,398.78,16.42,11.47,0.357,1826.9,821.9,920.55,2.964,Oltre_Air_Entry_Top,100.16,4.5,110.07,27.54,75.039,1.09,89.939,0.23,90.799,0.59,84.479,1.29,291.617,0.54,51.62,2.9,203.374,104.703,69.826,148.553,93.875,88.361,122.692,121.91,True
ML8,94,2025-07-06 15:00:00,2025-07-06 15:17:08,2025-07-06 15:30:48,2025-07-06 15:23:58.000,13.67,93.11,27.53,398.45,16.29,11.38,0.354,1864.04,849.85,942.79,2.974,Oltre_Air_Entry_Top,101.329,4.89,112.249,26.38,74.362,2.87,90.781,0.89,91.929,1.05,85.45,1.76,299.513,1.11,52.629,2.78,218.293,106.243,70.771,151.285,94.571,89.341,125.551,125.53,False
ML8,95,2025-07-06 16:00:00,2025-07-06 16:17:08,2025-07-06 16:30:41,2025-07-06 16:23:54.500,13.55,94.11,27.4,398.12,16.15,11.29,0.351,1901.18,877.8,965.03,2.985,Oltre_Air_Entry_Top,102.133,5.07,114.361,30.47,71.829,4.0,92.115,1.12,92.464,0.73,85.916,1.8,306.501,1.36,52.789,3.97,217.882,107.853,71.291,146.729,94.315,90.114,127.2,125.213,False
ML8,96,2025-07-06 17:00:00,2025-07-06 17:17:08,2025-07-06 17:30:45,2025-07-06 17:23:56.500,13.62,95.11,27.42,397.81,16.03,11.2,0.348,1938.37,905.8,987.31,2.994,Oltre_Air_Entry_Top,102.932,4.24,118.938,30.97,70.486,6.21,94.14,0.22,93.339,0.97,87.014,1.6,306.84,1.89,52.694,3.83,224.187,109.576,72.025,152.204,95.205,91.441,127.156,128.103,False
ML8,97,2025-07-06 18:00:00,2025-07-06 18:17:08,2025-07-06 18:31:01,2025-07-06 18:24:04.500,13.88,96.12,27.28,397.46,15.89,11.1,0.345,1975.63,933.84,1009.62,3.004,Oltre_Air_Entry_Top,104.636,4.92,122.454,34.46,70.701,7.46,95.362,1.27,94.078,1.15,87.603,1.99,312.456,1.67,52.217,5.51,233.2,111.306,72.729,150.761,96.759,92.284,127.732,129.886,False
ML8,98,2025-07-06 19:00:00,2025-07-06 19:17:08,2025-07-06 19:30:49,2025-07-06 19:23:58.500,13.68,97.11,27.23,397.14,15.76,11.01,0.343,2012.75,961.77,1031.84,3.014,Oltre_Air_Entry_Top,105.832,4.34,127.273,35.33,70.972,10.25,98.215,0.85,94.59,0.63,88.466,2.41,315.21,1.54,51.179,4.99,244.061,112.873,73.344,151.579,98.51,93.67,127.012,132.289,False
ML8,99,2025-07-06 20:00:00,2025-07-06 20:17:08,2025-07-06 20:31:01,2025-07-06 20:24:04.500,13.88,98.12,27.14,396.86,15.65,10.94,0.34,2049.99,989.8,1054.14,3.023,Oltre_Air_Entry_Top,106.88,4.41,129.007,37.46,70.683,13.89,99.997,0.51,95.61,0.06,89.324,2.11,320.609,2.55,51.131,4.71,249.862,113.952,74.175,152.625,99.146,94.875,128.035,133.991,False
ML8,100,2025-07-06 21:00:00,2025-07-06 21:17:08,2025-07-06 21:30:55,2025-07-06 21:24:01.500,13.78,99.12,26.99,396.58,15.54,10.86,0.338,2087.13,1017.76,1076.38,3.032,Oltre_Air_Entry_Top,107.89,3.91,132.849,36.51,73.025,11.63,101.792,0.03,96.492,0.02,90.196,1.99,324.411,2.33,50.022,8.33,255.811,115.541,75.028,154.871,101.532,96.043,127.388,136.133,False
ML8,101,2025-07-06 22:00:00,2025-07-06 22:17:08,2025-07-06 22:30:57,2025-07-06 22:24:02.500,13.82,100.12,26.84,396.34,15.44,10.79,0.336,2124.32,1045.75,1098.65,3.041,Oltre_Air_Entry_Top,109.681,5.61,135.239,39.8,73.29,15.84,102.36,1.9,97.198,1.05,90.876,2.12,324.044,2.62,50.827,5.67,265.021,116.434,75.674,157.183,102.824,96.697,128.336,138.413,False
ML8,102,2025-07-06 23:00:00,2025-07-06 23:17:08,2025-07-06 23:31:00,2025-07-06 23:24:04.000,13.87,101.12,26.73,396.09,15.34,10.72,0.333,2161.51,1073.74,1120.92,3.05,Oltre_Air_Entry_Top,110.089,4.5,133.418,38.15,74.594,14.16,104.197,0.44,97.967,0.57,91.481,1.75,328.18,3.16,50.549,6.74,271.739,117.597,76.273,158.545,103.091,97.744,128.799,140.206,False
ML8,103,2025-07-07 00:00:00,2025-07-07 00:17:08,2025-07-07 00:30:57,2025-07-07 00:24:02.500,13.82,102.12,26.65,395.85,15.24,10.65,0.331,2198.67,1101.71,1143.18,3.058,Oltre_Air_Entry_Top,111.387,4.8,133.297,37.95,74.156,17.04,104.589,1.26,98.308,0.41,92.417,2.23,327.234,2.27,50.464,6.14,280.853,117.806,77.014,160.153,103.26,98.313,128.505,142.131,False
ML8,104,2025-07-07 01:00:00,2025-07-07 01:17:08,2025-07-07 01:31:02,2025-07-07 01:24:05.000,13.9,103.12,26.59,395.6,15.14,10.58,0.329,2235.87,1129.71,1165.46,3.066,Oltre_Air_Entry_Top,111.88,4.08,137.445,37.95,74.863,18.37,105.46,1.99,99.102,0.31,92.641,1.79,333.476,3.47,49.973,5.99,281.173,118.231,77.788,161.368,104.805,98.929,129.092,142.925,False
ML8,105,2025-07-07 02:00:00,2025-07-07 02:17:08,2025-07-07 02:30:58,2025-07-07 02:24:03.000,13.83,104.12,26.49,395.35,15.04,10.51,0.327,2273.03,1157.67,1187.7,3.075,Oltre_Air_Entry_Top,113.165,4.39,140.32,39.46,74.764,20.67,106.64,1.81,100.558,0.19,93.871,2.3,334.471,3.61,50.724,7.65,289.68,119.198,78.628,162.243,105.887,100.22,130.252,144.871,False
ML8,106,2025-07-07 03:00:00,2025-07-07 03:17:08,2025-07-07 03:30:56,2025-07-07 03:24:02.000,13.8,105.12,26.44,395.1,14.94,10.44,0.325,2310.2,1185.64,1209.96,3.083,Oltre_Air_Entry_Top,114.915,5.23,140.879,42.16,75.899,19.42,107.939,1.57,100.996,1.02,94.406,2.23,339.777,3.45,50.433,7.69,297.204,124.865,79.473,163.57,107.107,100.963,130.904,148.202,False
ML8,107,2025-07-07 04:00:00,2025-07-07 04:17:08,2025-07-07 04:30:58,2025-07-07 04:24:03.000,13.83,106.12,26.37,394.84,14.84,10.37,0.323,2347.38,1213.63,1232.23,3.091,Oltre_Air_Entry_Top,115.758,4.91,143.267,43.39,76.091,23.16,108.958,2.29,101.846,0.08,95.587,2.78,348.692,5.0,50.675,7.22,303.893,124.75,80.308,164.921,108.063,101.984,132.928,149.692,False
ML8,108,2025-07-07 05:00:00,2025-07-07 05:17:08,2025-07-07 05:30:50,2025-07-07 05:23:59.000,13.7,107.11,26.33,394.6,14.75,10.3,0.321,2384.52,1241.58,1254.47,3.098,Oltre_Air_Entry_Top,116.933,5.1,145.1,44.44,77.754,24.75,109.848,2.56,102.546,0.12,96.239,2.49,349.264,3.63,50.788,8.11,316.916,127.104,81.123,165.588,109.675,102.728,133.186,152.517,False
ML8,109,2025-07-07 06:00:00,2025-07-07 06:17:08,2025-07-07 06:30:52,2025-07-07 06:24:00.000,13.73,108.12,26.34,394.37,14.65,10.24,0.319,2421.71,1269.57,1276.73,3.106,Oltre_Air_Entry_Top,118.039,5.27,147.248,45.33,77.412,27.15,111.326,1.58,103.48,0.52,96.876,2.55,355.537,4.68,50.387,7.82,324.952,126.814,81.77,167.967,110.398,103.727,133.845,154.241,False
ML8,110,2025-07-07 07:00:00,2025-07-07 07:17:08,2025-07-07 07:30:43,2025-07-07 07:23:55.500,13.58,109.11,26.38,394.14,14.56,10.17,0.317,2458.84,1297.51,1298.97,3.114,Oltre_Air_Entry_Top,119.935,3.76,149.651,44.53,77.794,30.05,112.061,2.64,103.994,0.75,97.424,2.7,362.421,4.8,49.918,6.86,336.262,128.051,82.474,172.189,111.77,104.322,134.504,157.252,False
ML8,111,2025-07-07 08:00:00,2025-07-07 08:17:08,2025-07-07 08:30:52,2025-07-07 08:24:00.000,13.73,110.12,26.6,393.88,14.46,10.1,0.314,2496.06,1325.53,1321.26,3.121,Oltre_Air_Entry_Top,119.825,3.44,151.108,45.6,76.976,32.86,113.498,1.88,103.958,0.85,98.021,2.29,357.12,2.1,49.468,6.13,343.041,129.734,82.929,168.85,111.703,104.968,132.914,157.998,False
ML8,112,2025-07-07 09:00:00,2025-07-07 09:17:08,2025-07-07 09:30:40,2025-07-07 09:23:54.000,13.53,111.11,26.71,393.67,14.37,10.04,0.312,2533.17,1353.46,1343.48,3.128,Oltre_Air_Entry_Top,121.423,2.42,153.68,48.13,77.431,35.85,113.979,1.82,105.571,0.69,98.933,2.87,365.537,4.04,50.16,7.1,362.926,130.418,83.926,174.399,113.052,105.983,135.408,162.237,False
ML9,1,2025-07-08 11:00:00,2025-07-08 11:35:05,2025-07-08 11:47:48,2025-07-08 11:41:26.500,12.72,0.11,25.01,458.23,42.11,29.83,0.916,0.58,0.18,0.32,-0.495,Diretto_Entrambi_Tensiometri,34.899,0.17,34.36,0.17,29.122,0.33,35.015,0.11,42.525,0.25,29.663,0.37,34.841,0.56,45.979,0.84,29.666,32.624,35.162,31.703,32.686,35.349,40.024,32.229,True
ML9,2,2025-07-08 12:00:00,2025-07-08 12:35:05,2025-07-08 12:47:51,2025-07-08 12:41:28.000,12.77,1.11,25.04,457.34,41.76,29.58,0.908,0.79,0.34,0.52,-0.284,Diretto_Entrambi_Tensiometri,34.522,0.43,34.012,0.37,28.999,0.23,34.698,0.12,41.906,0.1,29.469,0.29,34.527,0.35,45.397,0.13,29.309,32.321,34.902,31.236,32.412,34.993,39.591,31.879,True
ML9,3,2025-07-08 13:00:00,2025-07-08 13:35:05,2025-07-08 13:47:51,2025-07-08 13:41:28.000,12.77,2.11,25.11,456.49,41.42,29.34,0.9,1.09,0.61,0.82,-0.086,Diretto_Entrambi_Tensiometri,34.673,0.32,34.181,0.3,29.06,0.13,34.848,0.15,42.148,0.09,29.501,0.07,34.032,0.16,44.88,0.05,29.287,32.118,34.9,31.153,32.535,35.123,39.081,31.801,True
ML9,4,2025-07-08 14:00:00,2025-07-08 14:35:05,2025-07-08 14:47:53,2025-07-08 14:41:29.000,12.8,3.11,25.11,455.64,41.08,29.1,0.893,1.33,0.85,1.06,0.026,Diretto_Entrambi_Tensiometri,34.916,0.36,34.435,0.33,29.218,0.07,34.979,0.2,42.842,0.08,29.659,0.17,33.008,0.33,44.418,0.02,29.39,31.953,34.964,30.655,32.751,35.422,38.29,31.674,True
ML9,5,2025-07-08 15:00:00,2025-07-08 15:35:05,2025-07-08 15:47:53,2025-07-08 15:41:29.000,12.8,4.11,25.19,454.81,40.75,28.86,0.886,1.65,1.1,1.35,0.131,Diretto_Entrambi_Tensiometri,35.298,0.28,34.732,0.32,29.432,0.17,35.247,0.22,43.163,0.04,29.849,0.14,33.278,0.13,44.218,0.01,29.384,31.893,35.064,30.635,33.045,35.677,38.36,31.675,True
ML9,6,2025-07-08 16:00:00,2025-07-08 16:35:05,2025-07-08 16:47:48,2025-07-08 16:41:26.500,12.72,5.11,25.08,454.01,40.43,28.64,0.879,1.84,1.04,1.38,0.141,Diretto_Entrambi_Tensiometri,35.76,0.3,35.026,0.32,29.693,0.04,35.387,0.29,43.626,0.03,30.154,0.03,33.235,0.37,45.332,0.12,29.447,31.774,34.859,30.373,33.38,35.973,38.815,31.549,True
ML9,7,2025-07-08 17:00:00,2025-07-08 17:35:05,2025-07-08 17:47:42,2025-07-08 17:41:23.500,12.62,6.11,25.14,453.22,40.11,28.41,0.872,2.14,1.55,1.82,0.26,Diretto_Entrambi_Tensiometri,36.238,0.43,35.262,0.26,29.957,0.07,35.526,0.34,43.864,0.08,30.434,0.01,32.635,0.01,46.378,1.23,29.664,31.311,35.334,29.973,33.702,36.197,38.904,31.493,True
ML9,8,2025-07-08 18:00:00,2025-07-08 18:35:05,2025-07-08 18:47:43,2025-07-08 18:41:24.000,12.63,7.11,25.04,452.42,39.79,28.19,0.865,2.41,1.79,2.07,0.317,Diretto_Entrambi_Tensiometri,37.018,0.34,35.899,0.41,30.198,0.01,36.126,0.37,44.468,0.08,30.653,0.14,32.062,0.12,46.552,0.05,29.847,31.142,35.482,29.753,34.237,36.653,38.634,31.474,True
ML9,9,2025-07-08 19:00:00,2025-07-08 19:35:05,2025-07-08 19:47:42,2025-07-08 19:41:23.500,12.62,8.11,25.02,451.66,39.49,27.97,0.858,2.67,2.03,2.33,0.367,Diretto_Entrambi_Tensiometri,37.739,0.42,36.427,0.38,30.313,0.2,36.64,0.41,44.785,0.04,30.678,0.03,32.025,0.67,46.948,0.93,29.989,30.993,35.388,30.938,34.669,36.924,38.775,31.761,True
ML9,10,2025-07-08 20:00:00,2025-07-08 20:35:05,2025-07-08 20:47:42,2025-07-08 20:41:23.500,12.62,9.11,24.92,450.96,39.21,27.77,0.852,2.95,2.24,2.57,0.41,Diretto_Entrambi_Tensiometri,38.617,0.49,37.014,0.43,30.588,0.09,37.249,0.39,45.308,0.19,30.874,0.03,32.56,0.6,47.27,0.55,30.076,30.85,35.503,30.988,35.229,37.35,39.232,31.786,True
ML9,11,2025-07-08 21:00:00,2025-07-08 21:35:05,2025-07-08 21:47:52,2025-07-08 21:41:28.500,12.78,10.11,24.62,450.26,38.93,27.57,0.846,3.27,2.52,2.87,0.457,Diretto_Entrambi_Tensiometri,39.803,0.66,37.913,0.45,30.882,0.11,38.005,0.41,46.481,0.05,31.24,0.06,32.453,0.2,47.578,0.35,30.19,30.694,35.579,30.886,35.986,38.072,39.294,31.766,True
ML9,12,2025-07-08 22:00:00,2025-07-08 22:35:05,2025-07-08 22:47:56,2025-07-08 22:41:30.500,12.85,11.11,24.58,449.58,38.66,27.38,0.84,3.63,2.74,3.15,0.499,Diretto_Entrambi_Tensiometri,41.197,0.65,39.037,0.59,31.106,0.03,38.883,0.42,47.18,0.04,31.549,0.01,32.502,0.87,48.271,0.63,30.22,30.68,35.705,30.775,36.846,38.681,39.609,31.77,True
ML9,13,2025-07-08 23:00:00,2025-07-08 23:35:05,2025-07-08 23:47:56,2025-07-08 23:41:30.500,12.85,12.11,24.46,448.93,38.4,27.2,0.835,3.98,2.71,3.28,0.516,Diretto_Entrambi_Tensiometri,43.058,1.77,40.198,0.64,31.312,0.06,39.799,0.61,47.952,0.06,31.894,0.05,32.433,1.34,48.179,0.07,30.548,30.811,36.059,30.73,37.843,39.337,39.53,31.957,True
ML9,14,2025-07-09 00:00:00,2025-07-09 00:35:05,2025-07-09 00:47:55,2025-07-09 00:41:30.000,12.83,13.11,24.36,448.3,38.14,27.02,0.829,4.38,3.22,3.76,0.575,Diretto_Entrambi_Tensiometri,45.446,0.75,41.75,0.48,31.395,0.08,41.367,2.02,48.816,0.1,32.109,0.03,32.215,1.43,49.531,0.01,30.986,30.735,36.25,30.673,39.054,40.174,39.945,32.079,True
ML9,15,2025-07-09 01:00:00,2025-07-09 01:35:05,2025-07-09 01:47:43,2025-07-09 01:41:24.000,12.63,14.11,24.24,447.68,37.9,26.84,0.824,4.82,3.46,4.08,0.611,Diretto_Entrambi_Tensiometri,47.798,0.76,43.766,0.56,31.381,0.01,42.953,0.3,49.689,0.08,32.333,0.11,32.212,1.63,50.097,0.72,31.362,30.779,36.496,30.642,40.34,41.017,40.171,32.233,True
ML9,16,2025-07-09 02:00:00,2025-07-09 02:35:05,2025-07-09 02:47:33,2025-07-09 02:41:19.000,12.47,15.1,24.16,447.06,37.65,26.67,0.818,5.27,3.74,4.44,0.647,Diretto_Entrambi_Tensiometri,50.774,0.87,45.81,0.55,31.269,0.16,44.401,0.78,50.727,0.44,32.577,0.14,32.44,1.76,50.422,0.04,31.858,30.838,36.763,30.636,41.742,41.865,40.444,32.433,True
ML9,17,2025-07-09 03:00:00,2025-07-09 03:35:05,2025-07-09 03:47:25,2025-07-09 03:41:15.000,12.33,16.1,24.03,446.43,37.4,26.49,0.813,5.83,3.98,4.82,0.683,Diretto_Entrambi_Tensiometri,54.274,0.91,48.409,0.15,31.096,0.15,46.245,0.67,51.629,0.17,32.804,0.12,32.919,1.98,51.037,1.85,32.435,30.795,37.031,30.65,43.392,42.785,40.989,32.63,True
ML9,18,2025-07-09 04:00:00,2025-07-09 04:35:05,2025-07-09 04:47:24,2025-07-09 04:41:14.500,12.32,17.1,23.95,445.8,37.15,26.31,0.808,6.35,4.22,5.18,0.714,Diretto_Entrambi_Tensiometri,58.206,0.87,51.037,0.31,30.848,0.09,48.005,0.86,52.813,0.2,32.983,0.14,33.131,2.18,51.652,0.0,33.118,30.817,37.291,30.628,45.084,43.729,41.368,32.858,True
ML9,19,2025-07-09 05:00:00,2025-07-09 05:35:05,2025-07-09 05:47:16,2025-07-09 05:41:10.500,12.18,18.1,23.9,445.18,36.9,26.13,0.802,6.94,4.48,5.57,0.746,Diretto_Entrambi_Tensiometri,62.317,0.72,53.928,0.85,30.489,0.16,49.963,0.56,53.872,0.01,33.152,0.1,33.423,1.6,52.67,0.23,33.863,30.805,37.598,30.723,46.794,44.686,41.957,33.132,True
ML9,20,2025-07-09 06:00:00,2025-07-09 06:35:05,2025-07-09 06:47:15,2025-07-09 06:41:10.000,12.17,19.1,23.89,444.57,36.65,25.96,0.797,7.53,4.75,5.98,0.777,Diretto_Entrambi_Tensiometri,66.245,0.7,56.618,0.61,30.138,0.22,51.757,0.75,54.958,0.01,33.278,0.07,33.513,2.26,53.246,0.21,34.72,30.81,37.72,30.734,48.351,45.574,42.243,33.371,True
ML9,21,2025-07-09 07:00:00,2025-07-09 07:35:05,2025-07-09 07:47:20,2025-07-09 07:41:12.500,12.25,20.1,23.94,443.96,36.41,25.79,0.792,8.15,4.99,6.38,0.805,Diretto_Entrambi_Tensiometri,70.875,0.67,59.819,0.69,29.688,0.3,53.874,0.69,56.222,0.17,33.349,0.03,33.552,2.32,53.778,0.16,35.614,30.843,38.226,30.572,50.115,46.572,42.478,33.66,True
ML9,22,2025-07-09 08:00:00,2025-07-09 08:35:05,2025-07-09 08:47:33,2025-07-09 08:41:19.000,12.47,21.1,24.9,443.31,36.15,25.6,0.786,8.69,5.18,6.71,0.827,Diretto_Entrambi_Tensiometri,75.999,0.7,63.131,0.08,29.042,0.36,56.248,0.66,57.421,0.02,33.264,0.1,33.016,2.31,54.471,0.5,36.578,30.911,38.364,30.167,51.843,47.539,42.408,33.822,True
ML9,23,2025-07-09 09:00:00,2025-07-09 09:35:05,2025-07-09 09:48:10,2025-07-09 09:41:37.500,13.08,22.11,25.47,442.67,35.89,25.42,0.78,9.5,5.46,7.21,0.858,Diretto_Entrambi_Tensiometri,81.881,0.83,67.133,0.61,28.554,0.27,58.735,0.72,58.93,0.03,33.397,0.09,32.879,2.16,54.972,0.18,37.997,31.009,38.858,30.158,53.942,48.713,42.514,34.279,True
ML9,24,2025-07-09 10:00:00,2025-07-09 10:35:05,2025-07-09 10:47:33,2025-07-09 10:41:19.000,12.47,23.1,26.3,441.86,35.57,25.19,0.773,10.21,5.69,7.62,0.882,Diretto_Entrambi_Tensiometri,89.144,0.53,71.547,0.03,27.541,0.59,61.767,0.67,60.294,0.02,33.1,0.11,32.014,1.85,55.559,0.2,39.287,30.907,38.735,29.616,56.004,49.768,42.174,34.355,True
ML9,25,2025-07-09 11:00:00,2025-07-09 11:35:05,2025-07-09 11:47:10,2025-07-09 11:41:07.500,12.08,24.1,26.81,441.06,35.25,24.97,0.766,11.55,6.02,8.34,0.921,Diretto_Entrambi_Tensiometri,97.157,0.68,77.044,0.22,27.121,0.3,65.453,0.97,62.51,0.01,33.418,0.23,32.423,1.57,56.557,0.25,41.297,31.173,39.582,30.192,58.772,51.517,42.822,35.219,True
ML9,26,2025-07-09 12:00:00,2025-07-09 12:35:05,2025-07-09 12:47:22,2025-07-09 12:41:13.500,12.28,25.1,26.27,440.39,34.98,24.78,0.76,12.92,6.43,9.11,0.96,Diretto_Entrambi_Tensiometri,103.613,0.45,81.814,0.32,26.67,0.26,68.561,0.7,64.349,0.06,33.538,0.24,32.668,1.54,57.25,0.66,42.71,31.193,39.912,30.384,60.919,52.891,43.246,35.652,True
ML9,27,2025-07-09 13:00:00,2025-07-09 13:35:05,2025-07-09 13:47:23,2025-07-09 13:41:14.000,12.3,26.1,25.91,439.65,34.68,24.57,0.754,14.39,6.82,9.91,0.996,Diretto_Entrambi_Tensiometri,110.045,0.54,86.704,0.48,26.266,0.52,71.9,0.99,66.272,0.01,33.662,0.24,32.257,0.89,57.952,0.38,44.632,31.167,40.147,30.794,63.047,54.333,43.236,36.213,True
ML9,28,2025-07-09 14:00:00,2025-07-09 14:35:11,2025-07-09 14:47:18,2025-07-09 14:41:14.500,12.12,27.1,25.64,438.91,34.39,24.36,0.748,15.93,7.15,10.67,1.028,Diretto_Entrambi_Tensiometri,117.529,0.44,91.765,0.12,25.753,0.46,75.07,0.67,68.348,0.09,33.81,0.0,31.398,0.86,58.882,0.29,46.41,31.051,40.761,30.982,65.245,55.772,42.997,36.729,True
ML9,29,2025-07-09 15:00:00,2025-07-09 15:35:05,2025-07-09 15:47:33,2025-07-09 15:41:19.000,12.47,28.1,25.64,438.18,34.09,24.15,0.741,17.63,7.57,11.55,1.063,Diretto_Entrambi_Tensiometri,124.99,0.55,96.913,0.34,25.322,0.45,78.273,0.58,70.393,0.03,33.928,0.05,31.008,0.84,58.949,0.31,48.105,31.062,41.255,30.989,67.44,57.179,42.754,37.177,True
ML9,30,2025-07-09 16:00:00,2025-07-09 16:35:05,2025-07-09 16:47:40,2025-07-09 16:41:22.500,12.58,29.1,25.53,437.47,33.81,23.95,0.735,19.31,8.0,12.43,1.094,Diretto_Entrambi_Tensiometri,131.599,0.19,101.203,0.07,24.982,0.66,81.199,0.32,72.189,0.36,34.081,0.01,30.677,0.95,60.62,0.29,49.762,31.101,41.645,30.545,69.293,58.458,43.124,37.458,True
ML9,31,2025-07-09 17:00:00,2025-07-09 17:35:05,2025-07-09 17:47:48,2025-07-09 17:41:26.500,12.72,30.11,25.44,436.82,33.55,23.77,0.729,20.93,8.42,13.28,1.123,Diretto_Entrambi_Tensiometri,136.799,0.24,104.741,0.01,24.826,0.52,83.801,0.86,73.698,0.13,34.128,0.12,30.684,0.47,61.903,0.3,50.896,30.926,41.902,30.117,70.855,59.512,43.582,37.542,True
ML9,32,2025-07-09 18:00:00,2025-07-09 18:35:05,2025-07-09 18:47:59,2025-07-09 18:41:32.000,12.9,31.11,25.39,436.15,33.28,23.58,0.724,22.74,8.86,14.19,1.152,Diretto_Entrambi_Tensiometri,141.087,0.25,108.111,0.27,24.769,0.41,86.155,0.53,75.376,0.24,34.254,0.12,30.677,0.34,62.667,0.28,51.881,30.833,42.262,29.866,72.292,60.591,43.846,37.695,True
ML9,33,2025-07-09 19:00:00,2025-07-09 19:35:06,2025-07-09 19:47:49,2025-07-09 19:41:27.500,12.72,32.11,25.33,435.49,33.02,23.39,0.718,24.82,9.31,15.2,1.182,Diretto_Entrambi_Tensiometri,146.097,0.16,111.998,0.18,24.542,0.54,88.791,0.6,76.937,0.0,34.344,0.17,30.661,0.42,64.068,0.28,53.047,30.596,42.649,29.583,73.777,61.676,44.321,37.829,True
ML9,34,2025-07-09 20:00:00,2025-07-09 20:35:05,2025-07-09 20:47:47,2025-07-09 20:41:26.000,12.7,33.11,25.13,434.82,32.75,23.2,0.712,26.94,9.78,16.24,1.21,Diretto_Entrambi_Tensiometri,150.697,0.35,115.408,0.35,24.518,0.72,91.074,0.22,78.642,0.31,34.556,0.2,30.813,0.32,65.71,0.25,54.013,30.383,43.082,29.254,75.268,62.785,44.997,37.923,True
ML9,35,2025-07-09 21:00:00,2025-07-09 21:35:05,2025-07-09 21:47:47,2025-07-09 21:41:26.000,12.7,34.11,25.04,434.22,32.51,23.03,0.707,28.96,10.22,17.21,1.236,Diretto_Entrambi_Tensiometri,154.765,0.17,118.334,0.12,24.406,0.64,93.345,0.29,79.955,0.13,34.577,0.1,30.992,0.39,66.933,0.11,54.901,30.062,43.472,28.921,76.459,63.666,45.545,37.954,True
ML9,36,2025-07-09 22:00:00,2025-07-09 22:35:05,2025-07-09 22:47:50,2025-07-09 22:41:27.500,12.75,35.11,24.9,433.61,32.27,22.86,0.701,31.43,10.79,18.42,1.265,Diretto_Entrambi_Tensiometri,158.61,0.16,121.248,0.01,24.417,0.66,95.665,0.43,81.674,0.16,34.75,0.09,31.144,0.27,68.102,0.43,55.846,29.843,43.73,28.88,77.726,64.754,46.054,38.089,True
ML9,37,2025-07-09 23:00:00,2025-07-09 23:35:05,2025-07-09 23:47:53,2025-07-09 23:41:29.000,12.8,36.11,24.75,433.04,32.04,22.7,0.697,33.6,11.32,19.5,1.29,Diretto_Entrambi_Tensiometri,163.539,0.13,124.823,0.08,24.415,0.52,98.413,0.36,83.368,0.22,34.872,0.05,31.29,0.1,69.772,0.13,56.882,29.613,44.276,28.8,79.285,65.894,46.724,38.283,True
ML9,38,2025-07-10 00:00:00,2025-07-10 00:35:05,2025-07-10 00:47:46,2025-07-10 00:41:25.500,12.68,37.11,24.65,432.47,31.81,22.53,0.692,35.82,11.89,20.63,1.315,Diretto_Entrambi_Tensiometri,167.779,0.15,128.479,0.15,24.34,0.45,101.106,0.26,85.09,0.01,34.967,0.09,31.374,0.06,71.293,0.36,57.976,29.39,44.378,28.693,80.655,67.005,47.294,38.379,True
ML9,39,2025-07-10 01:00:00,2025-07-10 01:35:05,2025-07-10 01:47:44,2025-07-10 01:41:24.500,12.65,38.11,24.54,431.9,31.58,22.37,0.687,38.32,12.5,21.89,1.34,Diretto_Entrambi_Tensiometri,170.669,0.14,130.949,0.02,24.411,0.49,103.244,0.6,86.727,0.05,35.106,0.03,31.437,0.12,72.68,0.18,59.158,29.17,44.667,28.66,81.711,67.993,47.8,38.553,True
ML9,40,2025-07-10 02:00:00,2025-07-10 02:35:06,2025-07-10 02:47:38,2025-07-10 02:41:22.000,12.53,39.1,24.43,431.31,31.35,22.2,0.681,41.12,13.11,23.21,1.366,Diretto_Entrambi_Tensiometri,174.653,0.08,134.339,0.11,24.437,0.54,105.682,0.42,88.489,0.12,35.214,0.01,31.607,0.16,74.202,0.16,60.373,28.895,45.223,28.584,83.076,69.056,48.428,38.751,True
ML9,41,2025-07-10 03:00:00,2025-07-10 03:35:05,2025-07-10 03:47:38,2025-07-10 03:41:21.500,12.55,40.1,24.27,430.72,31.11,22.04,0.676,44.49,13.76,24.75,1.393,Diretto_Entrambi_Tensiometri,177.467,0.21,137.197,0.11,24.498,0.37,108.026,0.31,90.199,0.05,35.384,0.01,31.717,0.03,76.159,0.18,61.815,28.554,45.559,28.636,84.178,70.121,49.148,38.955,True
ML9,42,2025-07-10 04:00:00,2025-07-10 04:35:05,2025-07-10 04:48:00,2025-07-10 04:41:32.500,12.92,41.11,24.21,430.14,30.88,21.87,0.671,47.3,14.36,26.06,1.416,Diretto_Entrambi_Tensiometri,180.979,0.08,140.409,0.05,24.451,0.45,110.567,0.19,91.931,0.11,35.453,0.03,31.777,0.18,77.971,0.16,63.047,28.16,45.686,28.462,85.331,71.162,49.776,38.98,True
ML9,43,2025-07-10 05:00:00,2025-07-10 05:35:05,2025-07-10 05:48:17,2025-07-10 05:41:41.000,13.2,42.11,24.17,429.57,30.65,21.71,0.666,50.8,15.08,27.68,1.442,Diretto_Entrambi_Tensiometri,183.912,0.13,143.255,0.18,24.507,0.37,112.991,0.39,93.788,0.1,35.537,0.02,31.869,0.4,79.632,0.27,64.139,27.803,46.083,28.274,86.431,72.214,50.377,39.042,True
ML9,44,2025-07-10 06:00:00,2025-07-10 06:35:05,2025-07-10 06:48:18,2025-07-10 06:41:41.500,13.22,43.11,24.93,428.92,30.39,21.53,0.661,51.32,15.48,28.18,1.45,Diretto_Entrambi_Tensiometri,187.962,0.27,147.439,0.49,24.022,0.92,115.999,0.11,95.603,0.45,35.071,0.63,30.412,0.22,80.528,0.12,63.798,26.994,46.268,27.693,87.317,72.995,49.488,38.542,True
ML9,45,2025-07-10 07:00:00,2025-07-10 07:35:05,2025-07-10 07:48:18,2025-07-10 07:41:41.500,13.22,44.11,25.68,428.25,30.12,21.34,0.655,58.44,16.28,30.85,1.489,Diretto_Entrambi_Tensiometri,193.113,0.23,151.499,0.13,24.302,0.23,119.488,0.44,98.076,0.26,35.47,0.13,31.809,0.2,83.174,0.14,67.298,26.931,46.932,27.925,89.253,74.63,51.436,39.258,True
ML9,46,2025-07-10 08:00:00,2025-07-10 08:35:05,2025-07-10 08:48:29,2025-07-10 08:41:47.000,13.4,45.11,25.96,427.59,29.86,21.15,0.649,62.66,16.99,32.63,1.514,Diretto_Entrambi_Tensiometri,198.227,0.13,156.118,0.08,24.054,0.21,123.078,0.41,100.309,0.1,35.275,0.0,31.911,0.15,84.26,0.03,68.572,26.617,47.061,27.804,90.629,75.799,51.854,39.311,True
ML9,47,2025-07-10 09:00:00,2025-07-10 09:35:05,2025-07-10 09:48:25,2025-07-10 09:41:45.000,13.33,46.11,26.42,426.92,29.59,20.96,0.643,67.71,17.75,34.67,1.54,Diretto_Entrambi_Tensiometri,203.72,0.14,161.66,0.44,23.827,0.5,126.889,0.35,102.997,0.06,35.266,0.01,32.459,0.62,85.629,0.02,69.903,26.409,47.423,27.948,92.236,77.245,52.72,39.55,True
ML9,48,2025-07-10 10:00:00,2025-07-10 10:35:05,2025-07-10 10:48:22,2025-07-10 10:41:43.500,13.28,47.11,26.79,426.17,29.29,20.75,0.637,73.86,18.59,37.05,1.569,Diretto_Entrambi_Tensiometri,209.069,0.3,166.355,0.26,23.617,0.34,130.041,0.53,105.17,0.25,35.289,0.13,32.711,0.4,86.849,0.08,71.642,26.134,47.921,27.759,93.652,78.44,53.3,39.726,True
ML9,49,2025-07-10 11:00:00,2025-07-10 11:35:08,2025-07-10 11:48:33,2025-07-10 11:41:50.500,13.42,48.11,26.28,425.52,29.03,20.56,0.631,82.61,19.78,40.42,1.607,Diretto_Entrambi_Tensiometri,214.3,0.37,170.928,0.14,23.585,0.65,133.851,0.42,107.763,0.37,35.374,0.32,32.75,0.37,87.897,0.02,74.12,26.002,48.387,27.765,95.241,79.908,53.653,40.114,True
ML9,50,2025-07-10 12:00:00,2025-07-10 12:35:08,2025-07-10 12:48:16,2025-07-10 12:41:42.000,13.13,49.11,25.83,424.9,28.79,20.39,0.626,91.23,20.88,43.64,1.64,Diretto_Entrambi_Tensiometri,218.949,0.18,174.698,0.1,23.719,0.02,137.405,0.39,110.222,0.29,35.42,0.24,33.001,0.7,89.63,0.08,76.535,25.849,48.506,27.71,96.808,81.253,54.386,40.382,True
ML9,51,2025-07-10 13:00:00,2025-07-10 13:35:08,2025-07-10 13:48:17,2025-07-10 13:41:42.500,13.15,50.11,25.65,424.33,28.56,20.23,0.621,98.41,21.97,46.5,1.667,Diretto_Entrambi_Tensiometri,222.254,0.05,178.187,0.1,23.621,0.04,140.283,0.15,112.455,0.06,35.354,0.15,33.022,0.5,90.543,0.11,78.226,25.701,48.904,27.525,97.801,82.314,54.68,40.56,True
ML9,52,2025-07-10 14:00:00,2025-07-10 14:35:08,2025-07-10 14:48:22,2025-07-10 14:41:45.000,13.23,51.11,25.75,423.77,28.33,20.07,0.616,105.89,23.11,49.47,1.694,Diretto_Entrambi_Tensiometri,226.087,0.18,182.241,0.01,23.493,0.11,143.157,0.17,114.59,0.41,35.365,0.12,33.071,0.13,91.448,0.05,80.366,25.614,48.93,27.418,98.921,83.402,54.993,40.765,True
ML9,53,2025-07-10 15:00:00,2025-07-10 15:35:08,2025-07-10 15:48:04,2025-07-10 15:41:36.000,12.93,52.11,25.78,423.23,28.12,19.92,0.611,113.3,24.34,52.52,1.72,Diretto_Entrambi_Tensiometri,230.644,0.14,186.702,0.05,23.296,0.0,146.391,0.27,116.997,0.28,35.361,0.2,33.229,0.4,93.078,0.0,82.755,25.635,49.427,27.317,100.105,84.607,55.614,41.139,True
ML9,54,2025-07-10 16:00:00,2025-07-10 16:35:08,2025-07-10 16:48:27,2025-07-10 16:41:47.500,13.32,53.11,25.73,422.65,27.88,19.75,0.606,122.33,25.59,55.95,1.748,Diretto_Entrambi_Tensiometri,233.972,0.25,190.316,0.04,23.247,0.24,149.195,0.2,119.137,0.17,35.411,0.23,33.122,0.51,94.147,0.08,85.021,25.53,49.537,27.303,101.158,85.7,55.842,41.393,True
ML9,55,2025-07-10 17:00:00,2025-07-10 17:35:08,2025-07-10 17:48:06,2025-07-10 17:41:37.000,12.97,54.11,25.64,422.06,27.65,19.58,0.601,132.36,27.03,59.81,1.777,Diretto_Entrambi_Tensiometri,236.13,0.3,193.661,0.18,23.286,0.21,151.838,0.25,121.431,0.4,35.556,0.14,32.601,0.03,95.464,0.17,88.368,25.383,50.051,27.246,102.117,86.871,55.787,41.82,True
ML9,56,2025-07-10 18:00:00,2025-07-10 18:35:08,2025-07-10 18:48:15,2025-07-10 18:41:41.500,13.12,55.11,25.63,421.44,27.4,19.41,0.596,142.65,28.42,63.67,1.804,Diretto_Entrambi_Tensiometri,239.163,0.38,196.779,0.23,23.357,0.08,154.825,0.17,123.69,0.27,35.585,0.1,32.073,0.13,96.777,0.03,91.314,25.35,50.189,27.185,103.204,88.0,55.713,42.156,True
ML9,57,2025-07-10 19:00:00,2025-07-10 19:35:08,2025-07-10 19:48:46,2025-07-10 19:41:57.000,13.63,56.11,25.52,420.83,27.15,19.23,0.59,154.36,30.06,68.11,1.833,Diretto_Entrambi_Tensiometri,241.903,0.53,199.469,0.27,23.533,0.09,157.48,0.27,126.063,0.36,35.73,0.16,31.487,0.26,98.268,0.07,94.455,25.264,50.585,27.214,104.327,89.183,55.625,42.573,True
ML9,58,2025-07-10 20:00:00,2025-07-10 20:35:08,2025-07-10 20:48:49,2025-07-10 20:41:58.500,13.68,57.11,25.35,420.22,26.91,19.06,0.585,168.83,31.61,73.05,1.864,Diretto_Entrambi_Tensiometri,245.335,0.45,202.699,0.26,23.668,0.14,160.068,0.25,128.423,0.25,35.912,0.2,31.181,0.1,99.419,0.13,97.676,25.256,50.903,27.215,105.582,90.378,55.677,42.996,True
ML9,59,2025-07-10 21:00:00,2025-07-10 21:35:08,2025-07-10 21:48:31,2025-07-10 21:41:49.500,13.38,58.11,25.14,419.61,26.67,18.89,0.58,183.54,33.43,78.33,1.894,Diretto_Entrambi_Tensiometri,248.424,0.5,205.578,0.15,23.9,0.0,162.944,0.18,131.048,0.26,36.084,0.25,30.694,0.19,100.356,0.25,101.086,25.304,51.298,27.239,106.87,91.677,55.501,43.48,True
ML9,60,2025-07-10 22:00:00,2025-07-10 22:35:08,2025-07-10 22:48:35,2025-07-10 22:41:51.500,13.45,59.11,25.06,419.07,26.45,18.74,0.575,198.29,35.27,83.63,1.922,Diretto_Entrambi_Tensiometri,252.317,0.5,209.178,0.27,23.89,0.32,165.628,0.16,133.468,0.34,36.165,0.27,30.377,0.29,101.326,0.09,103.616,25.372,51.769,27.035,108.034,92.811,55.48,43.797,True
ML9,61,2025-07-10 23:00:00,2025-07-10 23:35:08,2025-07-10 23:48:40,2025-07-10 23:41:54.000,13.53,60.11,24.96,418.51,26.23,18.58,0.57,215.14,37.27,89.54,1.952,Diretto_Entrambi_Tensiometri,256.472,0.43,213.153,0.24,23.926,0.18,168.68,0.18,136.23,0.36,36.345,0.18,30.019,0.5,102.281,0.01,106.471,25.42,52.058,26.802,109.362,94.173,55.411,44.082,True
ML9,62,2025-07-11 00:00:00,2025-07-11 00:35:08,2025-07-11 00:48:32,2025-07-11 00:41:50.000,13.4,61.11,24.89,417.99,26.02,18.43,0.566,231.16,39.36,95.38,1.979,Diretto_Entrambi_Tensiometri,260.087,0.47,216.919,0.24,23.989,0.18,171.694,0.14,139.067,0.35,36.462,0.37,29.514,0.66,103.426,0.03,109.597,25.457,52.345,26.697,110.614,95.486,55.25,44.436,True
ML9,63,2025-07-11 01:00:00,2025-07-11 01:35:08,2025-07-11 01:48:09,2025-07-11 01:41:38.500,13.02,62.11,24.81,417.45,25.81,18.28,0.561,257.37,38.47,99.45,1.998,Esteso_Top_Diretto_Bottom,264.492,0.52,221.761,0.42,23.745,0.5,175.433,0.21,142.127,0.3,36.424,0.15,29.0,0.58,104.702,0.05,112.667,25.64,52.684,26.65,111.675,96.841,55.103,44.877,True
ML9,64,2025-07-11 02:00:00,2025-07-11 02:35:08,2025-07-11 02:48:15,2025-07-11 02:41:41.500,13.12,63.11,24.74,416.93,25.6,18.13,0.556,293.43,43.39,112.84,2.052,Esteso_Top_Diretto_Bottom,267.577,0.44,225.015,0.44,23.78,0.74,177.916,0.1,144.547,0.41,36.501,0.28,28.806,0.95,105.652,0.08,115.149,25.742,52.99,26.507,112.709,97.914,55.167,45.171,True
ML9,65,2025-07-11 03:00:00,2025-07-11 03:35:08,2025-07-11 03:48:24,2025-07-11 03:41:46.000,13.27,64.11,24.7,416.4,25.39,17.98,0.552,329.5,46.1,123.25,2.091,Esteso_Top_Diretto_Bottom,271.137,0.43,228.005,0.37,23.884,0.74,180.777,0.12,147.46,0.32,36.666,0.35,28.723,0.51,107.223,0.13,119.745,25.841,53.49,26.43,113.871,99.242,55.496,45.733,True
ML9,66,2025-07-11 04:00:00,2025-07-11 04:35:08,2025-07-11 04:48:25,2025-07-11 04:41:46.500,13.28,65.11,24.64,415.89,25.18,17.83,0.547,365.53,48.96,133.77,2.126,Esteso_Top_Diretto_Bottom,274.382,0.46,231.509,0.46,23.966,1.11,183.835,0.12,150.266,0.38,36.825,0.36,28.798,0.65,108.629,0.11,122.965,25.95,53.801,26.102,115.038,100.572,55.931,46.009,True
ML9,67,2025-07-11 05:00:00,2025-07-11 05:35:08,2025-07-11 05:48:30,2025-07-11 05:41:49.000,13.37,66.11,24.56,415.36,24.97,17.69,0.543,401.58,51.97,144.46,2.16,Esteso_Top_Diretto_Bottom,277.793,0.39,234.755,0.32,24.032,1.45,187.019,0.13,153.163,0.5,36.941,0.27,28.858,0.71,110.425,0.28,125.439,26.178,53.944,25.897,116.156,101.902,56.45,46.28,True
ML9,68,2025-07-11 06:00:00,2025-07-11 06:35:08,2025-07-11 06:48:22,2025-07-11 06:41:45.000,13.23,67.11,25.66,414.74,24.72,17.51,0.537,437.56,54.03,153.76,2.187,Esteso_Top_Diretto_Bottom,280.888,0.01,237.035,0.27,23.763,0.94,189.357,0.48,155.756,0.21,36.411,0.36,28.311,0.5,111.172,0.2,125.179,25.76,53.72,24.892,116.524,102.405,56.102,45.569,True
ML9,69,2025-07-11 07:00:00,2025-07-11 07:35:08,2025-07-11 07:48:30,2025-07-11 07:41:49.000,13.37,68.11,26.79,414.02,24.43,17.31,0.531,473.63,57.2,164.6,2.216,Esteso_Top_Diretto_Bottom,284.49,0.57,242.055,0.56,24.325,1.21,193.801,0.31,160.124,0.32,36.919,0.36,29.875,0.57,114.702,0.11,133.239,25.933,54.243,25.271,118.762,104.638,58.538,46.651,True
ML9,70,2025-07-11 08:00:00,2025-07-11 08:35:08,2025-07-11 08:48:31,2025-07-11 08:41:49.500,13.38,69.11,26.95,413.36,24.17,17.12,0.525,509.66,60.89,176.16,2.246,Esteso_Top_Diretto_Bottom,287.293,0.55,245.52,0.59,24.606,1.64,197.99,0.38,164.021,0.46,37.037,0.31,30.197,0.74,116.618,0.01,137.313,26.372,54.932,25.034,120.176,106.347,59.342,47.239,True
ML9,71,2025-07-11 09:00:00,2025-07-11 09:35:08,2025-07-11 09:48:35,2025-07-11 09:41:51.500,13.45,70.11,27.4,412.64,23.88,16.92,0.519,545.71,64.32,187.35,2.273,Esteso_Top_Diretto_Bottom,291.921,0.52,249.631,0.71,24.644,2.07,203.09,0.31,168.851,0.25,37.082,0.04,30.718,0.7,119.007,0.42,140.528,26.478,55.376,24.776,121.551,108.339,60.462,47.534,True
ML9,72,2025-07-11 10:00:00,2025-07-11 10:35:08,2025-07-11 10:49:00,2025-07-11 10:42:04.000,13.87,71.12,27.47,411.92,23.59,16.71,0.513,581.86,68.33,199.4,2.3,Esteso_Top_Diretto_Bottom,296.47,0.36,255.101,0.61,24.728,1.59,207.806,0.03,173.106,0.19,37.08,0.01,30.983,0.17,119.445,0.4,144.448,27.012,55.808,24.485,123.205,110.079,60.834,48.053,True
ML9,73,2025-07-11 11:00:00,2025-07-11 11:35:08,2025-07-11 11:48:42,2025-07-11 11:41:55.000,13.57,72.11,27.18,411.29,23.34,16.53,0.507,617.79,73.21,212.68,2.328,Esteso_Top_Diretto_Bottom,301.572,0.63,259.952,0.67,25.014,2.2,213.11,0.4,177.977,0.55,37.485,0.37,32.467,0.2,121.474,0.0,149.198,27.785,57.002,25.274,125.167,112.445,62.8,49.435,True
ML9,74,2025-07-11 12:00:00,2025-07-11 12:35:08,2025-07-11 12:48:34,2025-07-11 12:41:51.000,13.43,73.11,26.65,410.7,23.1,16.36,0.502,653.78,78.55,226.61,2.355,Esteso_Top_Diretto_Bottom,307.179,0.59,265.982,0.56,25.038,2.87,218.797,0.32,183.429,0.54,37.546,0.48,33.458,0.09,123.21,0.15,153.858,28.329,57.483,25.026,126.945,114.646,64.206,50.04,True
ML9,75,2025-07-11 13:00:00,2025-07-11 13:35:08,2025-07-11 13:48:32,2025-07-11 13:41:50.000,13.4,74.11,26.44,410.13,22.88,16.2,0.497,689.8,84.13,240.9,2.382,Esteso_Top_Diretto_Bottom,313.721,0.58,271.806,0.44,25.007,3.19,225.335,0.36,189.988,0.59,37.617,0.58,34.357,0.28,125.368,0.1,157.329,28.859,58.277,25.267,128.713,117.214,65.63,50.849,True
ML9,76,2025-07-11 14:00:00,2025-07-11 14:35:08,2025-07-11 14:48:31,2025-07-11 14:41:49.500,13.38,75.11,26.25,409.56,22.65,16.04,0.492,725.82,90.22,255.89,2.408,Esteso_Top_Diretto_Bottom,319.959,0.58,277.747,0.52,25.085,3.24,231.982,0.32,196.998,0.67,37.64,0.56,35.129,0.09,125.911,0.06,160.692,29.442,58.628,24.685,130.633,119.818,66.507,51.153,True
ML9,77,2025-07-11 15:00:00,2025-07-11 15:35:08,2025-07-11 15:48:40,2025-07-11 15:41:54.000,13.53,76.11,26.2,408.98,22.41,15.88,0.487,761.89,96.67,271.38,2.434,Esteso_Top_Diretto_Bottom,327.472,0.49,284.069,0.46,25.249,3.61,239.347,0.35,204.676,0.46,37.636,0.67,35.9,0.11,127.161,0.38,164.399,29.984,59.478,24.743,132.927,122.621,67.565,51.898,True
ML9,78,2025-07-11 16:00:00,2025-07-11 16:35:08,2025-07-11 16:48:42,2025-07-11 16:41:55.000,13.57,77.11,26.12,408.41,22.19,15.72,0.482,797.92,103.69,287.64,2.459,Esteso_Top_Diretto_Bottom,335.222,0.55,290.882,0.36,25.42,3.74,246.841,0.44,212.319,0.51,37.635,0.78,36.104,0.7,128.681,0.2,167.648,30.578,60.017,25.146,135.334,125.41,68.161,52.74,True
ML9,79,2025-07-11 17:00:00,2025-07-11 17:35:08,2025-07-11 17:48:47,2025-07-11 17:41:57.500,13.65,78.11,26.07,407.84,21.96,15.55,0.477,833.98,111.4,304.8,2.484,Esteso_Top_Diretto_Bottom,342.075,0.54,297.71,0.43,25.518,4.27,254.368,0.25,219.619,0.53,37.604,0.78,36.348,0.25,130.311,0.28,171.355,31.046,60.799,25.314,137.485,128.072,68.823,53.492,True
ML9,80,2025-07-11 18:00:00,2025-07-11 18:35:08,2025-07-11 18:48:45,2025-07-11 18:41:56.500,13.62,79.11,26.02,407.28,21.74,15.4,0.473,869.99,119.74,322.76,2.509,Esteso_Top_Diretto_Bottom,347.916,0.5,304.079,0.55,25.698,4.51,261.065,0.24,226.075,0.53,37.744,0.75,36.628,0.79,132.472,1.07,175.588,31.69,61.437,25.829,139.568,130.602,69.658,54.512,True
ML9,81,2025-07-11 19:00:00,2025-07-11 19:35:08,2025-07-11 19:49:04,2025-07-11 19:42:06.000,13.93,80.12,25.88,406.73,21.52,15.24,0.468,906.11,128.87,341.05,2.533,Oltre_Air_Entry_Top,353.799,0.32,311.075,0.45,25.703,4.09,267.548,0.22,232.462,0.5,37.889,0.76,36.754,0.99,134.466,0.26,180.064,32.136,62.077,26.14,141.428,133.073,70.301,55.356,True
ML9,82,2025-07-11 20:00:00,2025-07-11 20:35:08,2025-07-11 20:49:24,2025-07-11 20:42:16.000,14.27,81.12,25.78,406.2,21.31,15.09,0.463,942.24,138.67,359.3,2.555,Oltre_Air_Entry_Top,358.742,0.28,317.213,0.37,25.7,4.6,273.426,0.3,238.169,0.45,38.093,0.55,36.927,0.48,135.481,0.44,183.587,32.87,62.73,26.309,143.006,135.37,70.731,56.177,True
ML9,83,2025-07-11 21:00:00,2025-07-11 21:35:08,2025-07-11 21:49:28,2025-07-11 21:42:18.000,14.33,82.12,25.68,405.73,21.12,14.96,0.459,978.28,149.15,377.52,2.577,Oltre_Air_Entry_Top,364.088,0.31,323.217,0.5,25.87,4.12,279.84,0.22,244.356,0.45,38.223,0.59,37.335,0.24,137.962,0.16,188.178,33.263,63.182,26.662,144.932,137.748,71.769,56.984,True
ML9,84,2025-07-11 22:00:00,2025-07-11 22:35:08,2025-07-11 22:49:20,2025-07-11 22:42:14.000,14.2,83.12,25.59,405.26,20.93,14.82,0.455,1014.27,160.39,395.71,2.597,Oltre_Air_Entry_Top,370.591,0.2,330.29,0.45,25.618,4.89,286.845,0.34,250.779,0.41,38.272,0.49,37.621,0.09,139.233,0.4,191.881,34.13,63.795,26.748,146.368,140.154,72.375,57.818,True
ML9,85,2025-07-11 23:00:00,2025-07-11 23:35:08,2025-07-11 23:49:32,2025-07-11 23:42:20.000,14.4,84.12,25.51,404.8,20.74,14.69,0.451,1050.36,172.42,413.95,2.617,Oltre_Air_Entry_Top,378.689,0.45,337.744,0.55,25.344,5.54,294.766,0.44,258.277,0.52,38.25,0.59,38.704,0.3,139.883,0.89,195.992,34.985,64.319,27.005,147.995,142.801,73.58,58.746,True
ML9,86,2025-07-12 00:00:00,2025-07-12 00:35:08,2025-07-12 00:50:01,2025-07-12 00:42:34.500,14.88,85.12,25.47,404.36,20.57,14.57,0.447,1086.53,185.5,432.23,2.636,Oltre_Air_Entry_Top,386.174,0.18,344.591,0.49,25.215,6.23,301.296,0.41,263.99,0.45,38.385,0.56,39.275,0.03,141.466,0.73,199.554,35.578,64.839,27.088,149.709,145.071,74.539,59.424,True
ML9,87,2025-07-12 01:00:00,2025-07-12 01:35:08,2025-07-12 01:50:20,2025-07-12 01:42:44.000,15.2,86.13,25.41,403.93,20.4,14.45,0.443,1122.65,199.49,450.48,2.654,Oltre_Air_Entry_Top,393.265,0.43,351.968,0.39,25.393,5.62,308.389,0.27,270.395,0.37,38.481,0.65,40.204,0.23,143.338,0.01,202.954,36.48,65.242,27.292,152.043,147.496,75.913,60.256,True
ML9,88,2025-07-12 02:00:00,2025-07-12 02:35:08,2025-07-12 02:50:37,2025-07-12 02:42:52.500,15.48,87.13,25.35,403.51,20.23,14.33,0.44,1158.76,214.55,468.73,2.671,Oltre_Air_Entry_Top,399.409,0.47,358.964,0.42,25.154,4.09,314.517,0.29,276.285,0.37,38.75,0.37,40.875,0.63,145.496,0.49,206.229,37.186,65.72,27.741,153.353,149.885,77.118,61.149,True
ML9,89,2025-07-12 03:00:00,2025-07-12 03:35:08,2025-07-12 03:50:14,2025-07-12 03:42:41.000,15.1,88.13,25.31,403.1,20.07,14.21,0.436,1194.67,230.49,486.88,2.687,Oltre_Air_Entry_Top,407.553,0.52,366.468,0.36,25.236,4.53,321.421,0.3,283.172,0.38,38.892,0.28,41.829,0.97,147.998,1.14,209.38,37.814,66.033,27.896,155.625,152.404,78.68,61.798,True
ML9,90,2025-07-12 04:00:00,2025-07-12 04:35:08,2025-07-12 04:50:22,2025-07-12 04:42:45.000,15.23,89.13,25.28,402.7,19.9,14.1,0.433,1230.74,247.49,505.11,2.703,Oltre_Air_Entry_Top,415.981,0.47,374.732,0.43,25.247,4.7,328.115,0.26,289.655,0.31,39.13,0.18,42.592,1.34,151.965,0.44,213.782,38.281,66.328,27.779,157.883,154.931,80.452,62.315,True
ML9,91,2025-07-12 05:00:00,2025-07-12 05:35:08,2025-07-12 05:49:33,2025-07-12 05:42:20.500,14.42,90.12,25.26,402.32,19.75,13.99,0.429,1266.52,272.94,523.19,2.719,Oltre_Air_Entry_Top,423.792,0.42,382.378,0.36,26.379,4.3,334.264,0.29,296.012,0.41,39.587,0.16,44.626,2.64,157.522,0.21,217.955,38.772,66.713,27.858,162.294,157.634,83.843,62.952,True
ML9,92,2025-07-12 06:00:00,2025-07-12 06:35:08,2025-07-12 06:50:01,2025-07-12 06:42:34.500,14.88,91.12,25.25,401.93,19.6,13.88,0.426,1302.68,302.14,541.47,2.734,Oltre_Air_Entry_Top,430.842,0.36,389.216,0.38,27.133,4.07,340.293,0.27,301.708,0.33,39.815,0.1,45.767,2.29,160.873,0.03,221.106,39.201,67.166,27.608,165.705,159.893,85.806,63.317,True
ML9,93,2025-07-12 07:00:00,2025-07-12 07:35:08,2025-07-12 07:49:25,2025-07-12 07:42:16.500,14.28,92.12,25.33,401.55,19.45,13.77,0.423,1338.53,331.08,559.59,2.748,Oltre_Air_Entry_Top,443.452,0.9,395.433,0.28,27.071,4.21,346.286,0.12,307.333,0.37,40.029,0.06,46.601,0.74,164.125,0.24,225.511,40.629,67.714,27.585,168.064,162.109,87.455,64.319,True
ML9,94,2025-07-12 08:00:00,2025-07-12 08:35:08,2025-07-12 08:49:19,2025-07-12 08:42:13.500,14.18,93.12,25.43,401.15,19.29,13.66,0.419,1374.52,360.14,577.78,2.762,Oltre_Air_Entry_Top,451.609,0.63,402.016,0.31,27.263,3.46,352.628,0.24,313.555,0.3,40.287,0.13,47.662,1.17,171.297,0.41,228.763,40.661,68.088,27.746,170.422,164.538,90.357,64.745,True
ML9,95,2025-07-12 09:00:00,2025-07-12 09:35:08,2025-07-12 09:49:29,2025-07-12 09:42:18.500,14.35,94.12,26.29,400.7,19.1,13.53,0.415,1410.6,389.27,596.01,2.775,Oltre_Air_Entry_Top,459.588,0.65,409.88,0.01,27.035,3.26,359.326,0.08,319.77,0.09,40.16,0.62,49.4,0.68,175.495,0.22,231.492,40.849,67.821,27.111,172.048,166.484,93.11,64.574,True
ML9,96,2025-07-12 10:00:00,2025-07-12 10:35:08,2025-07-12 10:49:22,2025-07-12 10:42:15.000,14.23,95.12,26.85,400.24,18.92,13.4,0.411,1446.59,418.33,614.2,2.788,Oltre_Air_Entry_Top,464.095,0.77,415.084,0.34,27.114,3.44,365.662,0.35,325.81,0.3,40.431,0.32,50.408,1.47,178.793,0.1,239.202,42.059,68.901,27.812,173.505,168.883,94.935,66.263,True
ML9,97,2025-07-12 11:00:00,2025-07-12 11:35:08,2025-07-12 11:49:52,2025-07-12 11:42:30.000,14.73,96.12,26.44,399.82,18.75,13.28,0.408,1482.77,447.53,632.48,2.801,Oltre_Air_Entry_Top,472.399,0.75,423.59,0.23,27.037,4.54,373.116,0.29,332.96,0.39,40.875,0.43,50.694,0.14,184.349,0.05,243.197,41.973,69.43,28.125,175.551,171.882,96.672,66.818,True
ML9,98,2025-07-12 12:00:00,2025-07-12 12:35:08,2025-07-12 12:49:38,2025-07-12 12:42:23.000,14.5,97.12,26.18,399.42,18.59,13.17,0.404,1518.72,476.56,650.65,2.813,Oltre_Air_Entry_Top,481.517,1.05,432.542,0.26,26.989,3.4,380.901,0.21,340.169,0.28,41.171,0.29,51.951,0.27,188.484,0.32,245.342,41.837,70.408,28.38,177.804,174.729,98.954,67.296,True
ML9,99,2025-07-12 13:00:00,2025-07-12 13:35:08,2025-07-12 13:49:28,2025-07-12 13:42:18.000,14.33,98.12,26.16,399.0,18.42,13.05,0.401,1554.7,505.61,668.84,2.825,Oltre_Air_Entry_Top,488.948,0.9,438.706,0.25,26.595,2.1,387.892,0.23,346.358,0.23,41.578,0.49,53.122,1.01,194.806,0.1,251.464,42.463,70.893,28.454,178.681,177.433,101.728,68.125,True
ML9,100,2025-07-12 14:00:00,2025-07-12 14:35:08,2025-07-12 14:49:23,2025-07-12 14:42:15.500,14.25,99.12,26.25,398.59,18.26,12.93,0.397,1590.7,534.67,687.03,2.837,Oltre_Air_Entry_Top,496.119,0.92,447.976,0.88,26.656,2.96,395.14,0.16,353.111,0.3,41.778,0.33,54.665,0.72,199.731,0.05,255.973,42.433,71.699,29.035,180.944,179.971,104.491,68.958,True
ML9,101,2025-07-12 15:00:00,2025-07-12 15:35:08,2025-07-12 15:49:19,2025-07-12 15:42:13.500,14.18,100.12,26.3,398.17,18.09,12.82,0.393,1626.71,563.74,705.23,2.848,Oltre_Air_Entry_Top,503.795,0.72,459.929,0.35,27.348,2.05,403.545,0.22,360.781,0.34,42.063,0.31,55.539,0.1,202.438,0.45,261.93,42.488,72.417,29.237,185.05,182.955,106.034,69.672,True
ML9,102,2025-07-12 16:00:00,2025-07-12 16:35:08,2025-07-12 16:49:50,2025-07-12 16:42:29.000,14.7,101.12,26.23,397.78,17.94,12.71,0.39,1662.89,592.96,723.51,2.859,Oltre_Air_Entry_Top,511.446,0.77,466.356,0.73,26.97,2.34,411.003,0.14,367.99,0.22,42.472,0.45,56.847,1.05,205.892,0.5,268.44,44.516,73.396,29.784,185.98,185.892,108.187,71.492,True
ML9,103,2025-07-12 17:00:00,2025-07-12 17:35:08,2025-07-12 17:49:40,2025-07-12 17:42:24.000,14.53,102.12,26.21,397.39,17.78,12.6,0.387,1698.86,622.0,741.7,2.87,Oltre_Air_Entry_Top,520.536,0.81,477.455,0.7,27.082,1.49,419.21,0.14,375.059,0.25,42.591,0.54,57.337,1.68,210.51,0.7,272.221,44.242,74.142,29.992,188.808,188.488,109.864,71.938,True
ML9,104,2025-07-12 18:00:00,2025-07-12 18:35:10,2025-07-12 18:49:33,2025-07-12 18:42:21.500,14.38,103.12,26.13,397.02,17.63,12.49,0.383,1734.86,651.07,759.89,2.881,Oltre_Air_Entry_Top,528.987,0.88,482.44,0.12,27.694,0.59,432.455,2.48,382.491,0.2,42.877,0.28,60.194,1.23,216.129,0.03,279.036,44.824,75.23,30.495,191.907,192.13,114.06,73.189,True
ML9,105,2025-07-12 19:00:00,2025-07-12 19:35:08,2025-07-12 19:50:01,2025-07-12 19:42:34.500,14.88,104.12,26.06,396.64,17.48,12.38,0.38,1771.02,680.26,778.16,2.891,Oltre_Air_Entry_Top,539.059,0.84,499.13,0.9,28.419,1.82,441.278,1.92,391.093,0.2,42.941,0.3,60.806,1.13,218.782,0.64,282.265,44.929,76.122,30.882,197.009,194.964,115.34,73.892,True
ML9,106,2025-07-12 20:00:00,2025-07-12 20:35:08,2025-07-12 20:49:46,2025-07-12 20:42:27.000,14.63,105.12,26.06,396.31,17.35,12.29,0.377,1806.97,709.28,796.33,2.901,Oltre_Air_Entry_Top,547.834,0.7,505.289,0.92,29.108,2.07,448.415,1.55,398.062,0.35,43.152,0.02,62.134,1.75,223.206,0.63,288.765,45.991,77.053,31.022,200.478,197.489,117.765,75.062,True
ML9,107,2025-07-12 21:00:00,2025-07-12 21:35:08,2025-07-12 21:49:23,2025-07-12 21:42:15.500,14.25,106.12,26.0,395.99,17.22,12.2,0.374,1842.88,738.28,814.48,2.911,Oltre_Air_Entry_Top,559.576,0.81,513.91,1.49,28.589,4.46,459.825,2.13,405.84,0.19,43.252,0.11,64.674,0.23,227.894,0.8,292.179,47.182,77.952,31.538,201.828,200.594,121.404,76.299,True
ML9,108,2025-07-12 22:00:00,2025-07-12 22:35:08,2025-07-12 22:49:50,2025-07-12 22:42:29.000,14.7,107.12,25.9,395.69,17.1,12.11,0.372,1879.04,767.47,832.76,2.921,Oltre_Air_Entry_Top,568.341,0.56,525.256,1.62,29.771,2.2,471.259,0.64,413.345,0.11,43.541,0.09,66.05,1.11,232.918,0.57,299.243,47.454,79.003,31.873,207.137,203.934,124.033,77.329,True
ML9,109,2025-07-12 23:00:00,2025-07-12 23:35:08,2025-07-12 23:49:36,2025-07-12 23:42:22.000,14.47,108.12,25.86,395.39,16.98,12.03,0.369,1915.0,796.5,850.93,2.93,Oltre_Air_Entry_Top,580.752,0.73,530.446,0.27,30.544,4.15,478.428,0.89,421.383,0.1,43.736,0.05,68.382,0.47,237.528,0.24,299.302,48.769,80.332,32.119,211.115,206.591,127.447,78.339,True
ML9,110,2025-07-13 00:00:00,2025-07-13 00:35:08,2025-07-13 00:50:05,2025-07-13 00:42:36.500,14.95,109.13,25.8,395.12,16.87,11.95,0.367,1951.17,825.71,869.21,2.939,Oltre_Air_Entry_Top,590.083,0.61,546.789,3.96,31.597,4.45,487.025,1.23,430.214,0.08,43.741,0.07,69.964,0.03,246.025,0.03,306.521,49.834,81.427,32.619,216.833,209.271,131.198,79.81,True
ML9,111,2025-07-13 01:00:00,2025-07-13 01:35:08,2025-07-13 01:49:35,2025-07-13 01:42:21.500,14.45,110.12,25.72,394.83,16.75,11.87,0.364,1987.05,854.67,887.34,2.948,Oltre_Air_Entry_Top,600.054,0.74,547.364,0.37,33.252,10.53,495.347,1.32,439.409,0.31,43.926,0.49,71.947,0.83,249.992,0.4,311.314,50.305,82.17,32.83,221.868,212.243,134.113,80.621,True
ML9,112,2025-07-13 02:00:00,2025-07-13 02:35:08,2025-07-13 02:49:53,2025-07-13 02:42:30.500,14.75,111.12,25.59,394.54,16.64,11.79,0.362,2023.16,883.83,905.59,2.957,Oltre_Air_Entry_Top,610.676,0.49,547.067,2.43,33.713,12.29,517.127,1.39,452.824,0.04,44.11,0.7,73.571,0.75,253.851,0.37,315.577,51.892,83.215,33.304,224.156,217.782,136.66,82.078,True
ML9,113,2025-07-13 03:00:00,2025-07-13 03:35:08,2025-07-13 03:49:35,2025-07-13 03:42:21.500,14.45,112.12,25.52,394.25,16.52,11.71,0.359,2059.1,912.84,923.75,2.966,Oltre_Air_Entry_Top,621.102,0.01,556.79,1.71,24.971,62.13,526.32,2.56,462.135,0.62,44.13,0.34,74.446,1.02,258.263,0.38,319.205,52.563,85.319,32.989,205.162,220.589,138.66,82.897,False
ML9,114,2025-07-13 04:00:00,2025-07-13 04:35:08,2025-07-13 04:49:40,2025-07-13 04:42:24.000,14.53,113.12,25.46,393.97,16.41,11.63,0.357,2095.15,941.95,941.97,2.974,Oltre_Air_Entry_Top,629.88,0.65,571.21,0.1,24.082,80.85,539.147,2.14,472.175,0.49,44.348,0.09,76.379,1.73,264.998,0.3,324.095,53.179,86.542,33.161,205.391,224.334,142.268,83.862,False
ML9,115,2025-07-13 05:00:00,2025-07-13 05:35:08,2025-07-13 05:50:32,2025-07-13 05:42:50.000,15.4,114.13,25.45,393.68,16.3,11.54,0.354,2131.44,971.25,960.31,2.982,Oltre_Air_Entry_Top,638.714,0.76,589.89,0.11,37.175,11.68,543.76,1.13,484.241,0.24,44.78,0.62,79.42,0.58,267.82,0.84,327.531,54.245,86.016,32.975,241.051,227.606,145.843,84.255,True
ML9,116,2025-07-13 06:00:00,2025-07-13 06:35:08,2025-07-13 06:50:35,2025-07-13 06:42:51.500,15.45,115.13,26.16,393.35,16.16,11.45,0.351,2167.48,1000.35,978.53,2.991,Oltre_Air_Entry_Top,650.079,0.16,605.376,0.55,37.814,13.23,555.125,1.11,493.104,0.36,44.864,1.09,83.684,0.06,273.436,0.7,338.248,55.577,86.762,33.66,245.97,230.715,151.269,86.078,True
ML9,117,2025-07-13 07:00:00,2025-07-13 07:35:08,2025-07-13 07:50:20,2025-07-13 07:42:44.000,15.2,116.13,26.06,393.05,16.04,11.36,0.349,2203.43,1029.37,996.7,2.999,Oltre_Air_Entry_Top,658.629,0.48,616.585,1.38,40.135,20.36,561.706,0.21,501.775,0.75,45.348,1.51,83.786,0.75,277.116,0.93,342.468,56.209,86.889,33.928,253.543,233.808,152.376,86.794,True
ML9,118,2025-07-13 08:00:00,2025-07-13 08:35:08,2025-07-13 08:50:07,2025-07-13 08:42:37.500,14.98,117.13,26.56,392.71,15.91,11.27,0.346,2239.39,1058.4,1014.87,3.006,Oltre_Air_Entry_Top,667.703,0.08,624.773,0.53,38.988,12.93,571.495,0.1,507.678,0.28,46.167,0.03,87.802,0.66,282.021,1.1,347.22,57.456,87.251,34.18,253.364,237.489,157.359,87.826,True
ML9,119,2025-07-13 09:00:00,2025-07-13 09:35:08,2025-07-13 09:50:12,2025-07-13 09:42:40.000,15.07,118.13,26.88,392.37,15.77,11.17,0.343,2275.44,1087.51,1033.09,3.014,Oltre_Air_Entry_Top,678.514,0.15,636.134,0.68,39.654,13.55,584.978,1.24,515.09,0.26,46.771,0.4,92.804,2.35,286.717,0.94,351.01,58.543,88.675,34.597,257.71,241.546,163.121,89.106,True
ML9,120,2025-07-13 10:00:00,2025-07-13 10:35:08,2025-07-13 10:50:06,2025-07-13 10:42:37.000,14.97,119.13,27.98,391.87,15.57,11.03,0.338,2311.43,1116.57,1051.28,3.022,Oltre_Air_Entry_Top,680.577,0.31,643.99,2.17,39.736,11.41,587.394,0.94,520.979,0.72,46.009,1.87,89.171,1.53,288.73,0.55,353.359,58.731,87.369,33.947,259.207,241.471,160.457,88.575,True
ML9,121,2025-07-13 11:00:00,2025-07-13 11:35:08,2025-07-13 11:50:03,2025-07-13 11:42:35.500,14.92,120.13,28.1,391.57,15.45,10.95,0.336,2347.45,1145.65,1069.48,3.029,Oltre_Air_Entry_Top,694.652,0.54,654.82,2.48,41.964,13.09,601.894,0.19,532.056,1.03,48.066,1.32,94.98,0.1,294.354,0.6,366.942,60.882,90.824,35.896,267.253,248.755,167.206,92.381,True
ML9,122,2025-07-13 12:00:00,2025-07-13 12:35:08,2025-07-13 12:50:15,2025-07-13 12:42:41.500,15.12,121.13,27.41,391.26,15.33,10.86,0.333,2383.53,1174.78,1087.72,3.037,Oltre_Air_Entry_Top,707.331,0.53,667.989,1.49,42.338,15.02,614.661,1.36,544.652,0.06,49.178,0.87,96.123,0.54,299.2,0.78,372.818,62.223,92.34,36.79,271.461,254.395,169.588,94.22,True
ML9,123,2025-07-13 13:00:00,2025-07-13 13:35:08,2025-07-13 13:50:27,2025-07-13 13:42:47.500,15.32,122.13,27.05,390.95,15.2,10.77,0.331,2419.62,1203.92,1105.96,3.044,Oltre_Air_Entry_Top,718.276,0.41,674.086,0.23,43.078,15.04,624.307,0.84,552.722,0.24,49.88,1.35,99.318,0.22,303.268,0.68,378.739,63.445,93.492,37.259,275.267,258.193,173.551,95.65,True
ML9,124,2025-07-13 14:00:00,2025-07-13 14:35:08,2025-07-13 14:50:38,2025-07-13 14:42:53.000,15.5,123.13,26.88,390.66,15.09,10.69,0.328,2455.7,1233.05,1124.19,3.051,Oltre_Air_Entry_Top,728.617,0.44,689.805,1.14,44.33,16.26,632.303,0.22,559.65,0.75,50.816,2.02,102.969,0.56,307.389,0.79,379.729,63.9,94.456,37.852,281.389,261.988,177.909,96.51,True
ML9,125,2025-07-13 15:00:00,2025-07-13 15:35:08,2025-07-13 15:50:15,2025-07-13 15:42:41.500,15.12,124.13,26.86,390.37,14.97,10.61,0.325,2491.61,1262.04,1142.34,3.058,Oltre_Air_Entry_Top,739.923,0.24,703.505,0.91,44.834,14.26,642.57,0.14,569.329,0.28,51.538,3.99,106.606,0.54,313.825,1.29,385.059,65.267,95.582,38.479,285.772,266.157,182.909,98.052,True
ML9,126,2025-07-13 16:00:00,2025-07-13 16:35:08,2025-07-13 16:50:32,2025-07-13 16:42:50.000,15.4,125.13,26.71,390.08,14.85,10.52,0.323,2527.72,1291.2,1160.59,3.065,Oltre_Air_Entry_Top,750.04,0.4,712.729,1.0,46.238,13.52,652.285,0.2,576.65,0.34,52.294,4.12,109.916,1.5,317.512,1.01,389.351,67.011,96.655,39.02,291.297,269.94,186.814,99.598,True
ML9,127,2025-07-13 17:00:00,2025-07-13 17:35:08,2025-07-13 17:50:16,2025-07-13 17:42:42.000,15.13,126.13,26.72,389.79,14.74,10.44,0.32,2563.67,1320.22,1178.76,3.071,Oltre_Air_Entry_Top,762.484,0.28,718.305,0.36,46.767,15.24,666.26,1.03,583.62,0.37,52.757,5.16,112.522,0.92,322.578,1.47,392.173,67.89,98.41,39.893,294.777,273.748,190.518,101.113,True
ML9,128,2025-07-13 18:00:00,2025-07-13 18:35:08,2025-07-13 18:50:15,2025-07-13 18:42:41.500,15.12,127.13,26.7,389.53,14.64,10.37,0.318,2599.69,1349.3,1196.96,3.078,Oltre_Air_Entry_Top,773.973,0.19,740.892,2.69,47.478,16.25,672.436,2.07,592.021,0.18,53.534,5.29,115.959,1.67,329.201,1.57,397.806,68.653,99.837,40.565,300.832,277.251,195.381,102.552,True
ML9,129,2025-07-13 19:00:00,2025-07-13 19:35:08,2025-07-13 19:50:09,2025-07-13 19:42:38.500,15.02,128.13,26.6,389.29,14.54,10.3,0.316,2635.68,1378.36,1215.15,3.085,Oltre_Air_Entry_Top,783.84,0.35,743.116,0.13,47.627,16.11,686.455,0.87,600.844,0.17,54.0,5.72,118.333,0.4,335.954,1.36,404.961,69.717,100.88,41.321,302.723,281.356,199.385,104.155,True
ML9,130,2025-07-13 20:00:00,2025-07-13 20:35:08,2025-07-13 20:50:09,2025-07-13 20:42:38.500,15.02,129.13,26.54,389.06,14.45,10.24,0.314,2671.71,1407.45,1233.36,3.091,Oltre_Air_Entry_Top,793.191,0.51,751.048,0.19,48.705,17.5,690.889,0.33,608.573,0.23,54.359,6.5,122.618,0.24,339.662,1.36,406.134,70.716,101.702,41.778,307.284,283.79,204.08,105.103,True
ML9,131,2025-07-13 21:00:00,2025-07-13 21:35:08,2025-07-13 21:50:05,2025-07-13 21:42:36.500,14.95,130.13,26.51,388.86,14.37,10.18,0.312,2707.72,1436.52,1251.56,3.097,Oltre_Air_Entry_Top,806.423,0.17,762.386,0.67,49.568,17.3,702.808,0.13,616.703,0.18,55.229,6.62,125.853,1.02,347.983,1.56,413.563,71.883,102.537,42.372,312.354,288.2,209.272,106.606,True
ML9,132,2025-07-13 22:00:00,2025-07-13 22:35:08,2025-07-13 22:49:56,2025-07-13 22:42:32.000,14.8,131.12,26.39,388.65,14.28,10.12,0.31,2743.7,1465.57,1269.74,3.104,Oltre_Air_Entry_Top,815.212,0.82,775.31,0.65,49.814,17.21,711.493,0.12,623.451,0.15,55.941,6.79,128.294,0.29,354.074,1.29,416.743,72.677,103.894,42.865,315.766,291.676,213.133,107.768,True
ML9,133,2025-07-13 23:00:00,2025-07-13 23:35:08,2025-07-13 23:49:51,2025-07-13 23:42:29.500,14.72,132.12,26.27,388.45,14.2,10.06,0.309,2779.7,1494.63,1287.94,3.11,Oltre_Air_Entry_Top,825.648,0.4,784.052,0.53,50.813,15.63,721.546,0.59,631.09,0.16,56.998,7.25,130.864,0.62,360.574,2.1,425.361,73.929,104.59,43.496,320.409,296.077,217.224,109.365,True
ML9,134,2025-07-14 00:00:00,2025-07-14 00:35:08,2025-07-14 00:49:55,2025-07-14 00:42:31.500,14.78,133.12,26.17,388.25,14.12,10.0,0.307,2815.74,1523.74,1306.16,3.116,Oltre_Air_Entry_Top,838.114,0.2,789.026,0.27,51.568,14.88,726.901,0.28,637.553,0.56,57.358,7.3,133.396,0.66,364.522,2.17,427.556,75.284,105.57,44.184,324.284,298.443,220.513,110.694,True
ML9,135,2025-07-14 01:00:00,2025-07-14 01:35:08,2025-07-14 01:50:08,2025-07-14 01:42:38.000,15.0,134.13,26.1,388.06,14.05,9.95,0.305,2851.83,1552.88,1324.4,3.122,Oltre_Air_Entry_Top,848.138,0.4,798.641,0.45,52.189,14.63,739.918,0.9,644.665,0.21,57.993,7.64,136.925,1.2,371.064,2.04,430.412,75.973,107.024,44.833,328.195,302.434,225.406,111.919,True
ML9,136,2025-07-14 02:00:00,2025-07-14 02:35:08,2025-07-14 02:50:09,2025-07-14 02:42:38.500,15.02,135.13,26.03,387.87,13.97,9.9,0.304,2887.87,1581.97,1342.6,3.128,Oltre_Air_Entry_Top,857.026,0.82,807.079,0.34,52.47,12.37,746.647,0.64,651.545,0.38,58.538,7.34,138.612,0.64,376.749,2.0,436.527,77.054,107.981,45.312,331.086,305.374,228.521,113.264,True
ML9,137,2025-07-14 03:00:00,2025-07-14 03:35:08,2025-07-14 03:50:28,2025-07-14 03:42:48.000,15.33,136.13,25.91,387.68,13.89,9.84,0.302,2923.99,1611.13,1360.86,3.134,Oltre_Air_Entry_Top,864.881,0.57,816.127,0.04,55.596,1.92,753.381,0.15,658.029,0.3,59.404,7.88,141.04,1.24,381.258,1.6,441.839,78.296,109.01,45.643,339.823,308.81,231.889,114.541,True
ML9,138,2025-07-14 04:00:00,2025-07-14 04:35:08,2025-07-14 04:50:12,2025-07-14 04:42:40.000,15.07,137.13,25.82,387.49,13.82,9.79,0.3,2959.93,1640.15,1379.03,3.14,Oltre_Air_Entry_Top,878.25,0.64,824.444,0.01,57.149,0.43,763.762,0.35,665.346,0.68,60.218,9.06,142.578,0.82,388.325,2.45,446.386,78.604,111.204,46.144,345.883,312.784,235.301,115.837,True
ML9,139,2025-07-14 05:00:00,2025-07-14 05:35:08,2025-07-14 05:50:05,2025-07-14 05:42:36.500,14.95,138.13,25.75,387.29,13.74,9.73,0.299,2995.92,1669.21,1397.22,3.145,Oltre_Air_Entry_Top,889.522,0.09,836.271,1.77,57.862,2.02,772.219,0.1,672.458,0.1,60.857,9.04,144.223,1.19,393.442,2.44,452.949,79.703,112.392,46.634,350.455,316.159,238.209,117.284,True
ML9,140,2025-07-14 06:00:00,2025-07-14 06:35:08,2025-07-14 06:50:08,2025-07-14 06:42:38.000,15.0,139.13,26.61,387.03,13.63,9.66,0.296,3031.96,1698.31,1415.43,3.151,Oltre_Air_Entry_Top,899.34,0.29,848.787,0.79,55.464,0.6,778.294,0.13,676.151,0.65,59.371,8.31,144.911,1.18,391.716,1.49,441.3,80.382,112.761,45.852,348.534,314.959,238.252,116.373,True
ML9,141,2025-07-14 07:00:00,2025-07-14 07:35:08,2025-07-14 07:49:54,2025-07-14 07:42:31.000,14.77,140.12,27.33,386.8,13.54,9.59,0.294,3067.92,1727.34,1433.6,3.156,Oltre_Air_Entry_Top,912.739,0.28,861.383,0.16,54.215,13.18,790.883,0.58,688.429,0.42,60.975,8.69,149.605,0.01,399.945,2.04,471.125,82.714,114.729,46.76,349.318,321.396,244.609,120.245,True
ML9,142,2025-07-14 08:00:00,2025-07-14 08:35:08,2025-07-14 08:50:03,2025-07-14 08:42:35.500,14.92,141.13,27.67,386.56,13.45,9.52,0.292,3103.99,1756.46,1451.83,3.162,Oltre_Air_Entry_Top,918.907,0.01,865.431,1.43,57.46,2.91,799.442,0.1,692.011,0.39,61.802,7.36,152.846,1.86,401.475,2.19,471.716,83.869,115.446,46.663,357.511,324.564,247.717,120.825,True
ML9,143,2025-07-14 09:00:00,2025-07-14 09:35:08,2025-07-14 09:50:16,2025-07-14 09:42:42.000,15.13,142.13,28.33,386.32,13.35,9.46,0.29,3140.08,1785.6,1470.07,3.167,Oltre_Air_Entry_Top,917.552,0.06,863.808,0.06,54.758,11.82,795.965,0.28,688.822,0.32,60.859,7.43,153.817,2.01,399.125,1.98,467.274,83.832,114.409,46.489,351.424,321.94,247.775,120.143,True
Sand_R,1,2026-06-09 15:00:00,2026-06-09 15:10:05,2026-06-09 15:18:57,2026-06-09 15:14:31.000,8.87,0.07,22.58,427.12,34.41,25.22,0.717,0.27,0.04,0.1,-0.989,Diretto_Entrambi_Tensiometri,67.653,0.2,63.901,0.57,65.901,0.04,61.049,0.1,65.254,0.08,61.432,0.09,95.405,,91.027,,71.569,72.64,69.905,75.659,65.8,62.55,93.19,72.413,True
Sand_R,2,2026-06-09 16:00:00,2026-06-09 16:10:05,2026-06-09 16:18:54,2026-06-09 16:14:29.500,8.82,1.07,23.09,425.98,33.95,24.88,0.707,0.39,0.15,0.24,-0.621,Diretto_Entrambi_Tensiometri,66.654,0.56,63.807,0.57,66.366,1.01,60.835,0.2,64.706,0.45,60.838,0.39,94.481,,90.478,,70.413,69.327,69.23,77.029,65.596,62.1,92.458,71.429,True
Sand_R,3,2026-06-09 17:00:00,2026-06-09 17:10:05,2026-06-09 17:18:52,2026-06-09 17:14:28.500,8.78,2.07,23.22,424.82,33.49,24.54,0.698,0.53,0.29,0.39,-0.406,Diretto_Entrambi_Tensiometri,65.564,0.16,62.949,0.32,64.819,0.35,60.425,0.42,63.553,0.19,60.872,0.13,93.343,,87.059,,69.578,68.614,69.439,72.627,64.435,61.601,90.146,70.048,True
Sand_R,4,2026-06-09 18:00:00,2026-06-09 18:10:05,2026-06-09 18:18:35,2026-06-09 18:14:20.000,8.5,3.07,23.06,423.85,33.1,24.26,0.69,1.17,0.92,1.04,0.015,Diretto_Entrambi_Tensiometri,61.281,0.15,62.532,0.52,63.03,0.28,60.107,0.01,63.238,0.63,60.576,0.07,92.04,,84.582,,68.75,68.518,70.251,70.473,62.277,61.292,88.232,69.493,True
Sand_R,5,2026-06-09 19:00:00,2026-06-09 19:10:05,2026-06-09 19:18:34,2026-06-09 19:14:19.500,8.48,4.07,23.25,423.04,32.77,24.02,0.683,2.27,2.02,2.14,0.331,Diretto_Entrambi_Tensiometri,60.622,0.73,61.042,0.63,62.024,0.28,60.36,0.31,63.279,0.24,60.46,0.54,94.457,,82.079,,68.171,67.089,68.472,62.385,61.227,61.352,88.051,66.483,True
Sand_R,6,2026-06-09 20:00:00,2026-06-09 20:10:05,2026-06-09 20:18:34,2026-06-09 20:14:19.500,8.48,5.07,23.31,422.29,32.48,23.8,0.677,2.99,2.74,2.86,0.456,Diretto_Entrambi_Tensiometri,60.306,0.41,60.334,0.53,62.849,0.73,60.197,0.33,63.846,0.1,60.596,0.55,92.692,,79.857,,67.92,66.107,68.351,62.311,61.151,61.525,86.035,66.129,True
Sand_R,7,2026-06-09 21:00:00,2026-06-09 21:10:05,2026-06-09 21:18:35,2026-06-09 21:14:20.000,8.5,6.07,23.23,421.52,32.17,23.58,0.67,2.98,2.73,2.85,0.455,Diretto_Entrambi_Tensiometri,60.455,0.49,60.033,0.37,62.786,0.43,59.498,0.38,63.004,0.36,60.851,0.44,91.078,,76.201,,69.65,66.818,69.619,63.072,61.079,61.101,83.308,67.235,True
Sand_R,8,2026-06-09 22:00:00,2026-06-09 22:10:05,2026-06-09 22:18:53,2026-06-09 22:14:29.000,8.8,7.07,23.09,420.81,31.88,23.37,0.664,3.12,2.87,2.99,0.475,Diretto_Entrambi_Tensiometri,60.134,0.05,58.705,0.02,63.655,0.42,58.193,0.21,62.956,0.66,62.028,0.67,90.964,,77.789,,68.165,68.016,70.466,63.363,60.796,61.024,84.119,67.452,True
Sand_R,9,2026-06-09 23:00:00,2026-06-09 23:10:05,2026-06-09 23:18:52,2026-06-09 23:14:28.500,8.78,8.07,22.9,420.08,31.59,23.15,0.658,3.2,2.95,3.07,0.487,Diretto_Entrambi_Tensiometri,60.722,0.16,58.36,0.48,63.941,0.77,57.757,0.21,63.282,0.44,61.93,0.5,93.226,,80.422,,67.895,69.528,70.793,63.674,60.965,60.944,86.588,67.918,True
Sand_R,10,2026-06-10 00:00:00,2026-06-10 00:10:05,2026-06-10 00:18:48,2026-06-10 00:14:26.500,8.72,9.07,22.67,419.38,31.31,22.95,0.652,3.25,3.0,3.13,0.495,Diretto_Entrambi_Tensiometri,61.599,0.3,58.568,0.57,63.916,0.34,57.868,0.3,63.417,0.31,62.407,0.51,95.506,,89.115,,68.771,72.039,71.389,65.049,61.322,61.182,92.255,69.257,True
Sand_R,11,2026-06-10 01:00:00,2026-06-10 01:10:05,2026-06-10 01:18:39,2026-06-10 01:14:22.000,8.57,10.07,22.56,418.66,31.02,22.74,0.646,3.28,3.03,3.16,0.499,Diretto_Entrambi_Tensiometri,61.867,0.18,58.494,0.71,63.862,0.11,57.745,0.23,63.553,0.13,62.317,0.23,102.762,,91.89,,68.356,72.857,72.105,65.767,61.367,61.153,97.174,69.712,True
Sand_R,12,2026-06-10 02:00:00,2026-06-10 02:10:05,2026-06-10 02:18:21,2026-06-10 02:14:13.000,8.27,11.07,22.15,417.88,30.71,22.51,0.64,3.33,3.09,3.21,0.506,Diretto_Entrambi_Tensiometri,63.099,0.49,58.84,0.28,64.247,0.18,58.323,0.16,64.54,0.66,62.738,0.12,111.62,,94.384,,69.977,74.466,74.579,65.902,62.018,61.811,102.641,71.139,True
Sand_R,13,2026-06-10 03:00:00,2026-06-10 03:10:05,2026-06-10 03:18:25,2026-06-10 03:14:15.000,8.33,12.07,21.83,417.07,30.39,22.27,0.633,3.37,3.13,3.25,0.511,Diretto_Entrambi_Tensiometri,64.069,0.37,59.199,0.4,64.755,0.84,58.519,0.52,65.613,0.37,63.133,0.19,115.429,,98.449,,70.661,74.536,75.558,68.097,62.625,62.352,106.601,72.15,True
Sand_R,14,2026-06-10 04:00:00,2026-06-10 04:10:05,2026-06-10 04:18:26,2026-06-10 04:14:15.500,8.35,13.07,21.68,416.29,30.08,22.04,0.627,3.42,3.17,3.29,0.517,Diretto_Entrambi_Tensiometri,65.11,0.77,59.888,0.46,64.888,0.4,59.074,0.32,66.289,0.08,63.392,0.08,119.952,,100.74,,71.054,75.365,77.391,69.186,63.249,62.848,109.927,73.176,True
Sand_R,15,2026-06-10 05:00:00,2026-06-10 05:10:05,2026-06-10 05:18:30,2026-06-10 05:14:17.500,8.42,14.07,21.54,415.49,29.76,21.81,0.62,3.46,3.21,3.33,0.522,Diretto_Entrambi_Tensiometri,66.141,0.16,60.388,0.61,65.46,0.68,60.102,0.54,67.191,0.26,63.91,0.1,125.389,,103.929,,71.468,76.061,79.091,70.937,63.944,63.668,114.156,74.314,True
Sand_R,16,2026-06-10 06:00:00,2026-06-10 06:10:05,2026-06-10 06:18:30,2026-06-10 06:14:17.500,8.42,15.07,22.41,414.78,29.47,21.6,0.614,3.45,3.2,3.32,0.522,Diretto_Entrambi_Tensiometri,66.82,0.19,61.273,0.85,65.887,0.04,60.7,0.36,68.162,0.16,64.482,0.32,128.861,,104.696,,71.82,76.694,80.019,72.872,64.614,64.376,116.152,75.282,True
Sand_R,17,2026-06-10 07:00:00,2026-06-10 07:10:05,2026-06-10 07:18:29,2026-06-10 07:14:17.000,8.4,16.07,26.19,413.63,29.01,21.26,0.604,3.37,3.14,3.26,0.513,Diretto_Entrambi_Tensiometri,67.645,0.58,61.465,0.48,66.462,0.02,61.613,0.04,69.315,0.18,64.924,0.14,122.394,,107.019,,73.195,77.685,82.832,73.927,65.135,65.208,114.449,76.817,True
Sand_R,18,2026-06-10 08:00:00,2026-06-10 08:10:05,2026-06-10 08:18:29,2026-06-10 08:14:17.000,8.4,17.07,25.33,412.83,28.69,21.03,0.598,3.5,3.25,3.37,0.528,Diretto_Entrambi_Tensiometri,69.002,0.19,62.764,0.69,67.298,0.14,62.494,0.05,70.944,0.49,65.902,0.11,130.307,,111.314,,78.557,79.104,83.684,77.046,66.302,66.357,120.437,79.56,True
Sand_R,19,2026-06-10 09:00:00,2026-06-10 09:10:05,2026-06-10 09:18:35,2026-06-10 09:14:20.000,8.5,18.07,24.83,412.01,28.36,20.79,0.591,3.53,3.28,3.4,0.532,Diretto_Entrambi_Tensiometri,70.102,0.38,63.905,0.28,68.389,0.16,63.86,0.18,72.474,0.02,67.005,0.1,136.019,,113.934,,79.068,80.08,84.99,79.818,67.414,67.687,124.488,80.956,True
Sand_R,20,2026-06-10 10:00:00,2026-06-10 10:10:05,2026-06-10 10:18:38,2026-06-10 10:14:21.500,8.55,19.07,24.74,411.17,28.03,20.54,0.584,3.58,3.33,3.45,0.538,Diretto_Entrambi_Tensiometri,71.928,1.01,64.895,0.23,69.247,0.35,65.033,0.13,73.84,0.26,68.37,0.2,139.518,,117.075,,81.646,81.357,84.974,81.836,68.628,68.986,127.805,82.44,True
Sand_R,21,2026-06-10 11:00:00,2026-06-10 11:10:05,2026-06-10 11:18:49,2026-06-10 11:14:27.000,8.73,20.07,24.66,410.29,27.67,20.28,0.577,3.61,3.36,3.48,0.542,Diretto_Entrambi_Tensiometri,74.161,0.65,66.439,0.23,70.756,0.42,66.479,0.66,75.606,0.04,69.671,0.12,144.074,,121.084,,83.019,82.668,85.723,81.202,70.381,70.485,132.08,83.137,True
Sand_R,22,2026-06-10 12:00:00,2026-06-10 12:10:05,2026-06-10 12:18:59,2026-06-10 12:14:32.000,8.9,21.07,24.24,409.37,27.31,20.01,0.569,3.65,3.41,3.53,0.547,Diretto_Entrambi_Tensiometri,76.15,0.26,68.218,0.82,72.296,0.34,68.167,0.33,77.557,0.33,71.2,0.02,148.873,,124.786,,85.713,83.638,86.937,83.582,72.149,72.204,136.298,84.956,True
Sand_R,23,2026-06-10 13:00:00,2026-06-10 13:10:05,2026-06-10 13:18:59,2026-06-10 13:14:32.000,8.9,22.07,23.9,408.45,26.94,19.75,0.561,3.69,3.44,3.56,0.552,Diretto_Entrambi_Tensiometri,77.905,0.73,69.862,0.75,73.714,0.43,69.848,0.02,79.494,0.46,72.848,0.16,155.138,,127.074,,86.497,85.473,89.02,85.184,73.754,73.955,140.407,86.53,True
Sand_R,24,2026-06-10 14:00:00,2026-06-10 14:10:05,2026-06-10 14:18:59,2026-06-10 14:14:32.000,8.9,23.07,23.82,407.58,26.59,19.49,0.554,3.72,3.47,3.59,0.556,Diretto_Entrambi_Tensiometri,80.013,0.92,71.371,0.24,75.146,0.04,71.371,0.19,81.466,0.28,74.31,0.02,158.391,,131.63,,88.558,86.975,90.642,86.544,75.427,75.599,144.392,88.165,True
Sand_R,25,2026-06-10 15:00:00,2026-06-10 15:10:05,2026-06-10 15:18:58,2026-06-10 15:14:31.500,8.88,24.07,23.69,406.65,26.22,19.22,0.546,3.76,3.51,3.64,0.561,Diretto_Entrambi_Tensiometri,81.875,0.15,73.208,0.03,77.019,0.33,73.166,0.67,84.215,0.58,76.448,0.28,161.932,,134.532,,91.784,89.423,93.065,88.935,77.286,77.808,147.598,90.786,True
Sand_R,26,2026-06-10 16:00:00,2026-06-10 16:10:05,2026-06-10 16:19:01,2026-06-10 16:14:33.000,8.93,25.07,23.57,405.8,25.88,18.97,0.539,3.79,3.55,3.67,0.564,Diretto_Entrambi_Tensiometri,83.556,0.59,75.153,0.36,78.899,0.06,75.236,0.14,86.351,0.28,78.159,0.07,166.534,,137.385,,93.61,90.904,94.682,90.7,79.128,79.779,151.259,92.458,True
Sand_R,27,2026-06-10 17:00:00,2026-06-10 17:10:05,2026-06-10 17:19:02,2026-06-10 17:14:33.500,8.95,26.07,23.59,405.01,25.56,18.74,0.533,3.82,3.58,3.7,0.568,Diretto_Entrambi_Tensiometri,85.592,0.74,77.056,0.82,80.786,0.67,77.085,0.47,88.776,0.15,79.689,0.05,169.918,,141.024,,95.198,92.583,96.483,92.38,81.07,81.7,154.798,94.145,True
Sand_R,28,2026-06-10 18:00:00,2026-06-10 18:10:05,2026-06-10 18:19:01,2026-06-10 18:14:33.000,8.93,27.07,23.37,404.16,25.22,18.49,0.525,3.86,3.62,3.74,0.572,Diretto_Entrambi_Tensiometri,87.802,0.58,78.554,0.52,82.451,0.24,79.085,0.48,91.276,0.38,81.739,0.06,174.911,,143.568,,96.822,95.088,98.863,94.368,82.849,83.874,158.466,96.27,True
Sand_R,29,2026-06-10 19:00:00,2026-06-10 19:10:05,2026-06-10 19:19:00,2026-06-10 19:14:32.500,8.92,28.07,23.16,403.31,24.88,18.24,0.518,3.89,3.65,3.77,0.576,Diretto_Entrambi_Tensiometri,90.427,0.74,80.9,0.68,84.661,0.24,81.052,0.4,93.189,0.09,83.887,0.23,179.055,,144.967,,98.406,97.734,100.77,95.352,85.24,85.89,161.112,98.046,True
Sand_R,30,2026-06-10 20:00:00,2026-06-10 20:10:05,2026-06-10 20:19:00,2026-06-10 20:14:32.500,8.92,29.07,23.03,402.52,24.57,18.01,0.512,3.92,3.68,3.8,0.58,Diretto_Entrambi_Tensiometri,92.598,0.64,82.383,0.36,86.695,0.63,82.977,0.44,96.003,0.25,85.731,0.03,182.953,,149.068,,100.463,99.278,102.756,97.414,87.125,88.063,165.144,99.959,True
Sand_R,31,2026-06-10 21:00:00,2026-06-10 21:10:05,2026-06-10 21:19:01,2026-06-10 21:14:33.000,8.93,30.07,22.99,401.79,24.28,17.79,0.506,3.95,3.7,3.82,0.583,Diretto_Entrambi_Tensiometri,94.614,0.18,84.003,0.1,88.257,0.36,85.005,0.16,98.657,0.23,87.763,0.32,185.895,,152.6,,102.324,100.389,104.449,99.48,88.852,90.288,168.427,101.643,True
Sand_R,32,2026-06-10 22:00:00,2026-06-10 22:10:05,2026-06-10 22:19:01,2026-06-10 22:14:33.000,8.93,31.07,22.95,401.11,24.01,17.59,0.5,3.97,3.72,3.84,0.585,Diretto_Entrambi_Tensiometri,95.972,0.2,85.804,0.09,90.051,0.32,86.797,0.52,100.528,0.57,89.297,0.19,188.31,,154.668,,104.67,102.187,105.968,100.523,90.514,92.019,170.662,103.315,True
Sand_R,33,2026-06-10 23:00:00,2026-06-10 23:10:05,2026-06-10 23:19:01,2026-06-10 23:14:33.000,8.93,32.07,22.8,400.45,23.74,17.4,0.495,4.0,3.75,3.87,0.588,Diretto_Entrambi_Tensiometri,97.705,0.49,87.362,0.69,91.787,0.03,88.925,0.05,103.042,0.1,91.662,0.16,192.123,,159.505,,105.955,103.638,107.694,102.407,92.188,94.35,175.056,104.904,True
Sand_R,34,2026-06-11 00:00:00,2026-06-11 00:10:05,2026-06-11 00:19:01,2026-06-11 00:14:33.000,8.93,33.07,22.59,399.73,23.45,17.19,0.489,4.03,3.79,3.91,0.592,Diretto_Entrambi_Tensiometri,99.874,0.7,89.147,0.35,93.769,0.77,90.81,0.09,105.163,0.16,93.618,0.24,195.935,,161.178,,107.854,105.927,110.136,104.478,94.161,96.335,177.709,107.078,True
Sand_R,35,2026-06-11 01:00:00,2026-06-11 01:10:05,2026-06-11 01:18:56,2026-06-11 01:14:30.500,8.85,34.07,22.27,398.99,23.16,16.97,0.482,4.07,3.82,3.95,0.596,Diretto_Entrambi_Tensiometri,101.917,0.53,91.085,0.69,95.998,0.28,93.122,0.08,108.348,0.05,96.115,0.0,200.211,,164.524,,109.507,108.54,114.293,106.682,96.232,98.982,181.492,109.72,True
Sand_R,36,2026-06-11 02:00:00,2026-06-11 02:10:05,2026-06-11 02:18:56,2026-06-11 02:14:30.500,8.85,35.07,22.09,398.26,22.86,16.76,0.476,4.11,3.86,3.98,0.6,Diretto_Entrambi_Tensiometri,103.851,0.41,92.87,0.08,97.612,0.42,95.247,0.27,110.668,0.21,98.268,0.26,204.039,,168.292,,113.198,112.349,116.219,108.446,98.008,101.18,185.306,112.519,True
Sand_R,37,2026-06-11 03:00:00,2026-06-11 03:10:05,2026-06-11 03:19:11,2026-06-11 03:14:38.000,9.1,36.08,21.97,397.56,22.58,16.55,0.47,4.14,3.9,4.02,0.604,Diretto_Entrambi_Tensiometri,105.391,0.24,95.025,0.46,100.024,0.55,97.167,0.46,113.524,0.01,100.582,0.35,207.218,,173.208,,115.389,114.071,118.27,111.957,100.057,103.524,189.451,114.899,True
Sand_R,38,2026-06-11 04:00:00,2026-06-11 04:10:05,2026-06-11 04:19:09,2026-06-11 04:14:37.000,9.07,37.08,21.93,396.84,22.3,16.34,0.464,4.18,3.93,4.06,0.608,Diretto_Entrambi_Tensiometri,107.272,0.55,96.707,0.44,101.499,0.23,99.748,0.09,116.083,0.43,102.944,0.02,210.961,,177.415,,117.638,115.653,120.155,113.668,101.735,106.029,193.462,116.754,True
Sand_R,39,2026-06-11 05:00:00,2026-06-11 05:10:05,2026-06-11 05:19:10,2026-06-11 05:14:37.500,9.08,38.08,21.85,396.13,22.01,16.13,0.459,4.21,3.96,4.08,0.611,Diretto_Entrambi_Tensiometri,109.558,0.65,98.801,0.01,103.724,0.36,101.705,0.35,118.825,0.17,105.243,0.05,214.545,,179.869,,120.041,118.35,123.013,115.904,103.935,108.346,196.443,119.299,True
Sand_R,40,2026-06-11 06:00:00,2026-06-11 06:10:05,2026-06-11 06:19:19,2026-06-11 06:14:42.000,9.23,39.08,22.19,395.44,21.74,15.93,0.453,4.25,3.99,4.12,0.615,Diretto_Entrambi_Tensiometri,110.528,0.44,100.158,0.03,105.915,0.56,103.78,0.11,121.367,0.14,107.938,0.25,217.813,,182.367,,122.064,120.205,124.263,117.888,105.448,110.78,199.304,121.082,True
Sand_R,41,2026-06-11 07:00:00,2026-06-11 07:10:05,2026-06-11 07:19:15,2026-06-11 07:14:40.000,9.17,40.08,23.06,394.77,21.47,15.73,0.447,4.26,4.01,4.13,0.616,Diretto_Entrambi_Tensiometri,112.556,0.49,101.932,0.04,107.418,0.03,105.463,0.25,123.737,0.27,110.226,0.36,221.671,,185.441,,124.177,122.265,126.61,119.293,107.214,112.883,202.748,123.057,True
Sand_R,42,2026-06-11 08:00:00,2026-06-11 08:10:05,2026-06-11 08:19:21,2026-06-11 08:14:43.000,9.27,41.08,23.65,394.06,21.19,15.53,0.441,4.29,4.04,4.17,0.62,Diretto_Entrambi_Tensiometri,114.204,0.26,103.963,0.06,109.739,0.24,107.883,0.04,126.643,0.21,112.697,0.04,225.973,,188.458,,126.38,125.015,129.067,121.504,109.221,115.473,206.365,125.462,True
Sand_R,43,2026-06-11 09:00:00,2026-06-11 09:10:05,2026-06-11 09:19:29,2026-06-11 09:14:47.000,9.4,42.08,24.02,393.23,20.85,15.28,0.434,4.33,4.09,4.21,0.624,Diretto_Entrambi_Tensiometri,116.011,0.48,105.908,0.11,112.673,0.41,110.39,0.4,130.13,0.18,115.926,0.1,230.959,,191.931,,129.602,128.295,131.965,124.192,111.451,118.53,210.543,128.482,True
Sand_R,44,2026-06-11 10:00:00,2026-06-11 10:10:05,2026-06-11 10:19:24,2026-06-11 10:14:44.500,9.32,43.08,24.27,392.39,20.52,15.04,0.427,4.38,4.14,4.26,0.629,Diretto_Entrambi_Tensiometri,118.702,0.02,108.414,0.29,115.141,0.21,113.402,0.13,133.826,0.12,119.453,0.03,237.626,,197.381,,132.877,131.998,135.386,127.327,114.005,121.932,216.571,131.864,True
Sand_R,45,2026-06-11 11:00:00,2026-06-11 11:10:05,2026-06-11 11:19:33,2026-06-11 11:14:49.000,9.47,44.08,24.13,391.49,20.16,14.77,0.42,4.44,4.19,4.31,0.635,Diretto_Entrambi_Tensiometri,121.69,0.2,111.244,0.34,118.231,0.1,116.761,0.0,137.768,0.23,123.044,0.07,244.702,,203.373,,136.511,135.521,138.382,130.469,116.974,125.555,223.082,135.189,True
Sand_R,46,2026-06-11 12:00:00,2026-06-11 12:10:05,2026-06-11 12:19:10,2026-06-11 12:14:37.500,9.08,45.08,23.85,390.63,19.81,14.52,0.413,4.5,4.26,4.38,0.641,Diretto_Entrambi_Tensiometri,124.151,0.13,113.865,0.1,121.007,0.27,119.717,0.44,142.002,0.02,126.677,0.11,252.807,,209.432,,139.796,139.174,141.274,133.856,119.596,129.137,230.1,138.496,True
Sand_R,47,2026-06-11 13:00:00,2026-06-11 13:10:05,2026-06-11 13:18:39,2026-06-11 13:14:22.000,8.57,46.07,23.86,389.81,19.49,14.28,0.406,4.55,4.3,4.43,0.646,Diretto_Entrambi_Tensiometri,126.82,0.02,116.425,0.35,124.333,0.59,122.91,0.31,146.071,0.32,130.248,0.21,258.183,,214.751,,143.325,142.438,144.534,137.502,122.445,132.732,235.468,141.924,True
Sand_R,48,2026-06-11 14:00:00,2026-06-11 14:10:05,2026-06-11 14:18:33,2026-06-11 14:14:19.000,8.47,47.07,23.87,389.03,19.17,14.05,0.399,4.6,4.36,4.48,0.651,Diretto_Entrambi_Tensiometri,129.415,0.48,119.019,0.54,127.133,0.02,126.015,0.33,150.155,0.08,134.085,0.17,266.078,,221.704,,146.766,144.993,148.04,140.384,125.108,136.389,242.88,145.016,True
Sand_R,49,2026-06-11 15:00:00,2026-06-11 15:10:05,2026-06-11 15:18:24,2026-06-11 15:14:14.500,8.32,48.07,23.67,388.26,18.86,13.83,0.393,4.65,4.41,4.53,0.656,Diretto_Entrambi_Tensiometri,131.843,0.38,121.625,0.52,129.658,0.19,128.943,0.28,153.697,0.01,137.417,0.02,274.426,,226.771,,149.378,148.973,150.973,144.178,127.632,139.648,249.463,148.354,True
Sand_R,50,2026-06-11 16:00:00,2026-06-11 16:10:05,2026-06-11 16:18:24,2026-06-11 16:14:14.500,8.32,49.07,23.69,387.5,18.56,13.6,0.387,4.7,4.46,4.58,0.661,Diretto_Entrambi_Tensiometri,135.487,0.54,124.293,0.04,132.816,0.34,132.07,0.29,157.66,0.16,140.764,0.11,281.709,,232.68,,151.938,152.099,153.992,147.014,130.777,143.111,256.024,151.239,True
Sand_R,51,2026-06-11 17:00:00,2026-06-11 17:10:05,2026-06-11 17:18:25,2026-06-11 17:14:15.000,8.33,50.07,23.63,386.69,18.23,13.36,0.38,4.76,4.52,4.64,0.666,Diretto_Entrambi_Tensiometri,138.974,0.27,127.809,0.37,136.355,0.7,135.939,0.36,161.683,0.33,145.218,0.23,289.839,,240.221,,156.251,156.222,158.142,151.119,134.294,147.235,263.866,155.411,True
Sand_R,52,2026-06-11 18:00:00,2026-06-11 18:10:05,2026-06-11 18:18:25,2026-06-11 18:14:15.000,8.33,51.07,23.3,385.81,17.88,13.11,0.373,4.83,4.58,4.7,0.672,Diretto_Entrambi_Tensiometri,143.044,0.37,131.248,0.31,139.784,0.04,140.071,0.08,166.737,0.39,149.697,0.12,299.991,,249.046,,160.476,160.597,161.865,155.872,137.935,151.774,273.334,159.686,True
Sand_R,53,2026-06-11 19:00:00,2026-06-11 19:10:05,2026-06-11 19:18:24,2026-06-11 19:14:14.500,8.32,52.07,23.03,384.95,17.54,12.86,0.365,4.89,4.64,4.76,0.678,Diretto_Entrambi_Tensiometri,146.338,0.26,134.875,0.45,143.57,0.13,143.616,0.29,171.403,0.26,153.835,0.18,309.113,,257.63,,165.092,164.611,165.501,159.735,141.509,155.869,282.2,163.718,True
Sand_R,54,2026-06-11 20:00:00,2026-06-11 20:10:05,2026-06-11 20:18:24,2026-06-11 20:14:14.500,8.32,53.07,22.91,384.21,17.24,12.64,0.359,4.94,4.69,4.82,0.683,Diretto_Entrambi_Tensiometri,149.527,0.32,137.921,0.26,146.798,0.3,147.25,0.27,176.086,0.19,157.852,0.11,317.133,,266.011,,169.138,168.399,168.874,164.077,144.663,159.96,290.449,167.609,True
Sand_R,55,2026-06-11 21:00:00,2026-06-11 21:10:05,2026-06-11 21:18:23,2026-06-11 21:14:14.000,8.3,54.07,22.94,383.53,16.97,12.44,0.354,4.99,4.74,4.87,0.687,Diretto_Entrambi_Tensiometri,152.023,0.05,140.59,0.22,149.69,0.4,150.354,0.08,179.852,0.11,161.109,0.17,324.857,,273.026,,172.358,171.531,171.901,167.288,147.351,163.324,297.816,170.757,True
Sand_R,56,2026-06-11 22:00:00,2026-06-11 22:10:05,2026-06-11 22:18:24,2026-06-11 22:14:14.500,8.32,55.07,22.94,382.9,16.72,12.25,0.348,5.04,4.79,4.91,0.691,Diretto_Entrambi_Tensiometri,155.299,0.04,143.502,0.12,152.789,0.03,153.464,0.08,183.576,0.05,164.782,0.13,332.036,,279.961,,175.409,174.41,175.241,170.903,150.443,166.818,304.889,173.981,True
Sand_R,57,2026-06-11 23:00:00,2026-06-11 23:10:05,2026-06-11 23:18:24,2026-06-11 23:14:14.500,8.32,56.07,22.91,382.26,16.47,12.07,0.343,5.08,4.83,4.96,0.695,Diretto_Entrambi_Tensiometri,158.545,0.32,146.137,0.27,155.391,0.13,156.485,0.1,187.737,0.04,168.076,0.11,340.166,,285.847,,178.649,178.274,177.957,173.933,153.266,170.285,311.826,177.193,True
Sand_R,58,2026-06-12 00:00:00,2026-06-12 00:10:05,2026-06-12 00:18:25,2026-06-12 00:14:15.000,8.33,57.07,22.76,381.63,16.21,11.88,0.338,5.13,4.89,5.01,0.7,Diretto_Entrambi_Tensiometri,161.763,0.35,149.085,0.07,159.354,0.26,160.198,0.05,192.017,0.31,172.228,0.16,349.084,,293.173,,182.907,182.213,181.772,177.904,156.636,174.328,319.909,181.188,True
Sand_R,59,2026-06-12 01:00:00,2026-06-12 01:10:05,2026-06-12 01:18:24,2026-06-12 01:14:14.500,8.32,58.07,22.58,380.96,15.94,11.69,0.332,5.19,4.94,5.06,0.704,Diretto_Entrambi_Tensiometri,165.83,0.33,152.998,0.26,162.766,0.15,163.943,0.1,196.406,0.0,176.296,0.12,358.954,,300.75,,186.601,186.558,185.79,181.99,160.437,178.387,328.566,185.225,True
Sand_R,60,2026-06-12 02:00:00,2026-06-12 02:10:05,2026-06-12 02:18:24,2026-06-12 02:14:14.500,8.32,59.07,22.45,380.28,15.67,11.49,0.327,5.24,4.99,5.11,0.708,Diretto_Entrambi_Tensiometri,170.567,0.2,156.803,0.01,166.527,0.07,168.117,0.1,201.425,0.24,180.981,0.11,367.936,,308.994,,191.575,191.404,189.897,186.396,164.53,183.001,337.18,189.807,True
Sand_R,61,2026-06-12 03:00:00,2026-06-12 03:10:05,2026-06-12 03:18:24,2026-06-12 03:14:14.500,8.32,60.07,22.28,379.59,15.4,11.29,0.321,5.29,5.04,5.16,0.713,Diretto_Entrambi_Tensiometri,174.628,0.3,160.681,0.43,170.769,0.41,172.298,0.04,206.638,0.03,185.363,0.22,374.31,,316.343,,196.591,195.941,194.179,191.075,168.589,187.573,344.108,194.435,True
Sand_R,62,2026-06-12 04:00:00,2026-06-12 04:10:05,2026-06-12 04:18:15,2026-06-12 04:14:10.000,8.17,61.07,22.22,378.91,15.12,11.08,0.315,5.34,5.09,5.22,0.717,Diretto_Entrambi_Tensiometri,178.945,0.29,165.177,0.11,174.729,0.01,176.787,0.18,211.839,0.03,190.323,0.14,385.154,,326.085,,201.455,201.223,199.127,195.823,172.853,192.449,354.391,199.394,True
Sand_R,63,2026-06-12 05:00:00,2026-06-12 05:10:05,2026-06-12 05:18:15,2026-06-12 05:14:10.000,8.17,62.07,22.12,378.23,14.85,10.88,0.309,5.4,5.15,5.27,0.722,Diretto_Entrambi_Tensiometri,183.147,0.47,168.787,0.29,178.847,0.01,181.082,0.25,217.145,0.38,194.921,0.16,395.289,,335.73,,206.009,205.598,203.294,201.471,176.824,197.164,364.294,204.085,True
Sand_R,64,2026-06-12 06:00:00,2026-06-12 06:10:05,2026-06-12 06:18:05,2026-06-12 06:14:05.000,8.0,63.07,22.07,377.57,14.59,10.69,0.304,5.45,5.2,5.32,0.726,Diretto_Entrambi_Tensiometri,188.485,0.08,173.676,0.23,183.482,0.53,186.062,0.09,222.544,0.24,199.945,0.1,405.722,,344.542,,211.149,211.036,208.776,206.946,181.776,202.299,373.883,209.47,True
Sand_R,65,2026-06-12 07:00:00,2026-06-12 07:10:05,2026-06-12 07:18:06,2026-06-12 07:14:05.500,8.02,64.07,22.09,376.91,14.32,10.5,0.298,5.5,5.25,5.37,0.73,Diretto_Entrambi_Tensiometri,193.246,0.08,177.497,0.17,187.787,0.04,190.746,0.1,228.23,0.19,205.04,0.07,415.057,,354.13,,216.331,215.878,213.948,212.173,186.061,207.438,383.385,214.576,True
Sand_R,66,2026-06-12 08:00:00,2026-06-12 08:10:05,2026-06-12 08:18:06,2026-06-12 08:14:05.500,8.02,65.07,22.19,376.27,14.07,10.31,0.293,5.55,5.3,5.42,0.734,Diretto_Entrambi_Tensiometri,198.491,0.3,181.823,0.12,192.167,0.33,195.21,0.23,233.376,0.2,210.163,0.31,424.041,,362.077,,221.96,221.591,219.235,217.041,190.702,212.343,391.836,219.948,True
Sand_R,67,2026-06-12 09:00:00,2026-06-12 09:10:05,2026-06-12 09:18:06,2026-06-12 09:14:05.500,8.02,66.07,22.41,375.68,13.83,10.14,0.288,5.59,5.34,5.46,0.737,Diretto_Entrambi_Tensiometri,202.834,0.17,186.117,0.22,195.958,0.18,199.738,0.02,238.509,0.07,214.855,0.24,433.112,,370.008,,226.485,226.214,223.605,222.627,194.848,217.122,400.319,224.727,True
Sand_R,68,2026-06-12 10:00:00,2026-06-12 10:10:05,2026-06-12 10:18:06,2026-06-12 10:14:05.500,8.02,67.07,22.68,375.13,13.61,9.98,0.284,5.62,5.37,5.5,0.74,Diretto_Entrambi_Tensiometri,206.991,0.16,190.423,0.01,200.364,0.27,203.852,0.25,243.697,0.19,219.413,0.06,442.621,,378.611,,231.273,230.948,228.033,226.738,199.142,221.722,409.367,229.24,True
Sand_R,69,2026-06-12 11:00:00,2026-06-12 11:10:05,2026-06-12 11:18:06,2026-06-12 11:14:05.500,8.02,68.07,22.98,374.62,13.41,9.83,0.279,5.66,5.41,5.54,0.743,Diretto_Entrambi_Tensiometri,210.135,0.34,193.372,0.14,203.548,0.41,207.722,0.09,248.154,0.37,223.537,0.12,451.551,,385.902,,235.404,234.88,231.49,230.864,202.233,225.866,417.438,233.151,True
Sand_R,70,2026-06-12 12:00:00,2026-06-12 12:10:05,2026-06-12 12:18:05,2026-06-12 12:14:05.000,8.0,69.07,23.35,374.16,13.22,9.69,0.275,5.69,5.44,5.57,0.746,Diretto_Entrambi_Tensiometri,214.248,0.04,196.675,0.16,206.638,0.08,211.404,0.21,252.928,0.01,227.556,0.13,460.337,,394.285,,239.145,239.233,235.758,235.079,205.727,230.003,426.033,237.296,True
Sand_R,71,2026-06-12 13:00:00,2026-06-12 13:10:05,2026-06-12 13:17:56,2026-06-12 13:14:00.500,7.85,70.07,23.6,373.69,13.03,9.55,0.272,5.73,5.48,5.6,0.748,Diretto_Entrambi_Tensiometri,217.967,0.13,199.937,0.03,210.456,0.15,215.357,0.1,257.165,0.08,231.529,0.11,470.326,,403.316,,243.108,243.186,239.099,238.442,209.322,234.059,435.534,240.949,True
Sand_R,72,2026-06-12 14:00:00,2026-06-12 14:10:05,2026-06-12 14:17:57,2026-06-12 14:14:01.000,7.87,71.07,23.79,373.22,12.85,9.42,0.268,5.76,5.51,5.64,0.751,Diretto_Entrambi_Tensiometri,222.089,0.33,203.822,0.04,214.695,0.23,219.59,0.01,262.385,0.14,236.114,0.02,478.641,,412.629,,247.051,247.658,243.399,242.254,213.403,238.721,444.411,245.08,True
Sand_R,73,2026-06-12 15:00:00,2026-06-12 15:10:05,2026-06-12 15:17:56,2026-06-12 15:14:00.500,7.85,72.07,23.66,372.68,12.63,9.26,0.263,5.81,5.56,5.69,0.755,Diretto_Entrambi_Tensiometri,227.714,0.14,209.196,0.01,219.481,0.3,224.68,0.06,268.169,0.12,241.672,0.0,489.862,,422.461,,253.095,253.622,248.735,247.521,218.665,244.193,454.915,250.729,True
Sand_R,74,2026-06-12 16:00:00,2026-06-12 16:10:05,2026-06-12 16:17:47,2026-06-12 16:13:56.000,7.7,73.06,23.57,372.1,12.4,9.09,0.258,5.87,5.62,5.74,0.759,Diretto_Entrambi_Tensiometri,233.802,0.14,214.644,0.19,225.354,0.25,230.556,0.18,275.305,0.24,248.272,0.12,500.583,,433.043,,259.95,260.797,255.238,254.25,224.463,250.711,465.59,257.543,True
Sand_R,75,2026-06-12 17:00:00,2026-06-12 17:10:05,2026-06-12 17:17:38,2026-06-12 17:13:51.500,7.55,74.06,23.45,371.45,12.14,8.9,0.253,5.92,5.67,5.79,0.763,Diretto_Entrambi_Tensiometri,240.065,0.21,221.183,0.22,231.747,0.05,237.507,0.11,283.155,0.35,255.492,0.09,512.034,,453.497,,267.992,268.424,261.66,261.344,230.869,258.043,481.877,264.834,True
Sand_R,76,2026-06-12 18:00:00,2026-06-12 18:10:08,2026-06-12 18:17:33,2026-06-12 18:13:50.500,7.42,75.06,23.31,370.79,11.88,8.7,0.247,5.99,5.73,5.86,0.768,Diretto_Entrambi_Tensiometri,247.32,0.07,228.054,0.27,238.907,0.12,244.793,0.09,291.229,0.12,263.454,0.03,531.999,,461.999,,276.356,276.191,270.671,269.567,237.963,265.815,495.765,273.179,True
Sand_R,77,2026-06-12 19:00:00,2026-06-12 19:10:08,2026-06-12 19:17:33,2026-06-12 19:13:50.500,7.42,76.06,23.22,370.11,11.6,8.51,0.242,6.05,5.8,5.92,0.772,Diretto_Entrambi_Tensiometri,254.78,0.24,234.927,0.33,245.853,0.13,252.208,0.05,300.168,0.04,271.541,0.17,544.727,,477.328,,284.918,285.392,276.62,277.499,245.052,273.938,509.915,281.078,True
Sand_R,78,2026-06-12 20:00:00,2026-06-12 20:10:08,2026-06-12 20:17:06,2026-06-12 20:13:37.000,6.97,77.06,23.1,369.49,11.35,8.32,0.237,6.11,5.86,5.98,0.777,Diretto_Entrambi_Tensiometri,261.253,0.04,241.768,0.22,252.923,0.02,259.477,0.1,308.344,0.08,279.609,0.04,560.885,,492.136,,291.591,294.517,287.194,286.668,251.854,281.77,525.387,289.974,True
Sand_R,79,2026-06-12 21:00:00,2026-06-12 21:10:08,2026-06-12 21:16:57,2026-06-12 21:13:32.500,6.82,78.06,22.98,368.84,11.09,8.13,0.231,6.17,5.92,6.04,0.781,Diretto_Entrambi_Tensiometri,268.422,0.29,248.598,0.17,260.942,0.33,267.231,0.17,317.836,0.01,287.929,0.06,574.066,,497.806,,300.75,301.726,293.142,294.696,259.191,290.263,534.578,297.555,True
Sand_R,80,2026-06-12 22:00:00,2026-06-12 22:10:08,2026-06-12 22:16:51,2026-06-12 22:13:29.500,6.72,79.06,22.88,368.25,10.86,7.96,0.226,6.23,5.98,6.1,0.785,Diretto_Entrambi_Tensiometri,274.971,0.14,255.384,0.37,267.516,0.24,274.213,0.19,325.831,0.19,295.792,0.03,590.028,,517.194,,308.691,311.072,303.854,303.893,265.834,297.867,552.412,306.862,True
Sand_R,81,2026-06-12 23:00:00,2026-06-12 23:10:08,2026-06-12 23:16:52,2026-06-12 23:13:30.000,6.73,80.06,22.86,367.68,10.63,7.79,0.221,6.29,6.03,6.16,0.789,Diretto_Entrambi_Tensiometri,282.277,0.05,262.256,0.02,274.34,0.05,281.604,0.21,334.813,0.3,303.792,0.04,604.388,,523.635,,316.953,319.476,310.933,310.731,272.833,305.966,562.564,314.5,True
Sand_R,82,2026-06-13 00:00:00,2026-06-13 00:10:08,2026-06-13 00:16:48,2026-06-13 00:13:28.000,6.67,81.06,22.93,367.18,10.43,7.65,0.217,6.34,6.08,6.21,0.793,Diretto_Entrambi_Tensiometri,287.568,0.0,267.547,0.16,279.707,0.11,287.773,0.07,342.243,0.02,310.431,0.0,616.528,,543.093,,323.759,324.316,317.283,317.509,278.151,312.692,578.647,320.699,True
Sand_R,83,2026-06-13 01:00:00,2026-06-13 01:10:08,2026-06-13 01:16:43,2026-06-13 01:13:25.500,6.58,82.06,23.08,366.74,10.25,7.52,0.214,6.38,6.13,6.25,0.796,Diretto_Entrambi_Tensiometri,292.569,0.01,272.168,0.08,284.772,0.02,293.199,0.2,349.19,0.0,316.68,0.15,628.064,,555.938,,330.664,331.088,323.161,325.561,283.044,318.871,590.902,327.601,True
Sand_R,84,2026-06-13 02:00:00,2026-06-13 02:10:08,2026-06-13 02:16:43,2026-06-13 02:13:25.500,6.58,83.06,23.01,366.26,10.06,7.38,0.21,6.43,6.18,6.3,0.8,Diretto_Entrambi_Tensiometri,300.25,0.12,279.701,0.04,292.459,0.2,300.642,0.06,357.275,0.09,324.54,0.08,643.105,,569.036,,337.873,340.111,331.969,334.014,290.679,326.668,604.938,335.977,True
Sand_R,85,2026-06-13 03:00:00,2026-06-13 03:10:08,2026-06-13 03:16:43,2026-06-13 03:13:25.500,6.58,84.06,23.08,365.81,9.88,7.24,0.206,6.48,6.23,6.35,0.803,Diretto_Entrambi_Tensiometri,305.614,0.02,284.972,0.23,297.728,0.04,306.89,0.03,364.765,0.21,331.77,0.17,656.09,,582.358,,344.721,346.138,338.206,340.678,295.982,333.64,618.126,342.421,True
Sand_R,86,2026-06-13 04:00:00,2026-06-13 04:10:08,2026-06-13 04:16:47,2026-06-13 04:13:27.500,6.65,85.06,22.93,365.33,9.69,7.1,0.202,6.54,6.28,6.41,0.807,Diretto_Entrambi_Tensiometri,313.553,0.15,292.582,0.06,306.295,0.07,314.821,0.03,374.264,0.04,340.522,0.09,671.348,,594.574,,355.14,355.289,348.304,350.35,304.018,342.344,631.796,352.258,True
Sand_R,87,2026-06-13 05:00:00,2026-06-13 05:10:08,2026-06-13 05:16:52,2026-06-13 05:13:30.000,6.73,86.06,23.02,364.86,9.5,6.97,0.198,6.59,6.33,6.46,0.81,Diretto_Entrambi_Tensiometri,319.95,0.04,298.531,0.16,312.521,0.13,321.44,0.13,382.147,0.02,347.923,0.09,683.931,,608.666,,361.068,361.583,354.484,356.707,310.206,349.627,645.202,358.448,True
Sand_R,88,2026-06-13 06:00:00,2026-06-13 06:10:08,2026-06-13 06:16:52,2026-06-13 06:13:30.000,6.73,87.06,23.02,364.37,9.31,6.82,0.194,6.66,6.4,6.53,0.815,Diretto_Entrambi_Tensiometri,328.493,0.14,306.612,0.11,321.1,0.04,330.184,0.13,392.174,0.01,357.366,0.08,698.406,,615.789,,370.401,370.526,363.606,368.433,318.604,359.018,655.798,368.231,True
Sand_R,89,2026-06-13 07:00:00,2026-06-13 07:10:08,2026-06-13 07:16:56,2026-06-13 07:13:32.000,6.8,88.06,24.01,363.7,9.04,6.63,0.188,6.72,6.45,6.58,0.818,Diretto_Entrambi_Tensiometri,342.031,0.0,318.899,0.07,333.744,0.09,342.687,0.08,405.477,0.05,371.227,0.13,717.529,,635.953,,385.286,386.288,375.933,381.164,331.419,372.25,675.511,382.146,True
Sand_R,90,2026-06-13 08:00:00,2026-06-13 08:10:08,2026-06-13 08:17:05,2026-06-13 08:13:36.500,6.95,89.06,23.7,363.06,8.78,6.44,0.183,6.81,6.54,6.67,0.824,Diretto_Entrambi_Tensiometri,355.069,0.09,332.224,0.27,347.163,0.04,355.528,0.14,420.515,0.1,385.673,0.17,737.456,,663.419,,400.78,400.272,392.492,395.899,344.688,386.33,699.459,397.346,True
Sand_R,91,2026-06-13 09:00:00,2026-06-13 09:10:08,2026-06-13 09:17:06,2026-06-13 09:13:37.000,6.97,90.06,23.33,362.44,8.53,6.25,0.178,6.9,6.63,6.76,0.83,Diretto_Entrambi_Tensiometri,370.514,0.06,343.742,0.11,359.569,0.03,367.896,0.04,434.537,0.04,399.271,0.07,755.696,,684.873,,413.921,413.282,406.466,409.29,357.772,399.644,719.414,410.728,True
Sand_R,92,2026-06-13 10:00:00,2026-06-13 10:10:08,2026-06-13 10:17:15,2026-06-13 10:13:41.500,7.12,91.06,23.77,361.76,8.26,6.06,0.172,7.0,6.72,6.86,0.836,Diretto_Entrambi_Tensiometri,383.747,0.8,358.01,0.16,374.461,0.06,382.318,0.0,456.928,0.13,415.597,0.09,777.068,,706.677,,431.809,430.26,421.398,424.404,371.919,417.172,741.037,426.947,True
Sand_R,93,2026-06-13 11:00:00,2026-06-13 11:10:08,2026-06-13 11:17:15,2026-06-13 11:13:41.500,7.12,92.06,23.75,361.01,7.96,5.84,0.166,7.12,6.82,6.97,0.843,Diretto_Entrambi_Tensiometri,408.438,2.19,375.526,0.14,392.603,0.09,399.979,0.05,476.612,0.12,434.947,0.11,802.297,,734.006,,452.339,449.725,440.466,443.544,391.958,436.06,767.392,446.493,True
Sand_R,94,2026-06-13 12:00:00,2026-06-13 12:10:08,2026-06-13 12:17:05,2026-06-13 12:13:36.500,6.95,93.06,23.51,360.27,7.67,5.62,0.16,7.25,6.94,7.09,0.851,Diretto_Entrambi_Tensiometri,421.851,1.23,393.339,0.13,420.447,0.16,418.298,0.03,497.558,0.08,462.382,0.6,831.792,,756.094,,473.299,468.923,462.749,464.747,411.667,458.258,793.04,467.412,True
Sand_R,95,2026-06-13 13:00:00,2026-06-13 13:10:08,2026-06-13 13:16:56,2026-06-13 13:13:32.000,6.8,94.06,23.31,359.51,7.37,5.4,0.153,7.38,7.05,7.21,0.858,Diretto_Entrambi_Tensiometri,442.979,0.67,420.274,0.85,438.599,0.11,443.98,0.05,517.493,0.36,484.977,0.09,860.895,,781.476,,496.574,490.898,483.213,486.739,433.838,481.204,820.225,489.331,True
Sand_R,96,2026-06-13 14:00:00,2026-06-13 14:10:08,2026-06-13 14:16:57,2026-06-13 14:13:32.500,6.82,95.06,23.16,358.8,7.08,5.19,0.148,7.53,7.19,7.36,0.867,Diretto_Entrambi_Tensiometri,464.591,0.24,438.3,0.85,456.445,0.19,465.684,0.59,544.066,0.17,507.842,0.3,891.143,,810.266,,516.961,511.569,506.048,508.509,452.978,504.844,849.743,510.756,True
Sand_R,97,2026-06-13 15:00:00,2026-06-13 15:10:08,2026-06-13 15:16:51,2026-06-13 15:13:29.500,6.72,96.06,23.14,358.09,6.8,4.98,0.142,7.68,7.32,7.5,0.875,Diretto_Entrambi_Tensiometri,487.586,0.27,455.847,0.4,479.255,0.51,483.848,0.4,565.894,0.94,529.068,0.46,925.324,,852.885,,542.586,536.386,528.777,529.732,474.037,525.192,888.366,534.341,True
Sand_R,98,2026-06-13 16:00:00,2026-06-13 16:10:08,2026-06-13 16:16:56,2026-06-13 16:13:32.000,6.8,97.06,23.11,357.46,6.55,4.8,0.136,7.83,7.45,7.64,0.883,Diretto_Entrambi_Tensiometri,506.719,0.85,477.039,0.08,502.761,1.13,504.44,0.12,588.311,0.32,551.577,0.67,957.842,,879.522,,562.75,556.784,551.272,552.14,495.33,547.025,917.847,555.718,True
Sand_R,99,2026-06-13 17:00:00,2026-06-13 17:10:08,2026-06-13 17:16:52,2026-06-13 17:13:30.000,6.73,98.06,23.02,356.75,6.26,4.59,0.13,8.03,7.59,7.81,0.892,Diretto_Entrambi_Tensiometri,534.812,1.5,504.544,0.92,529.803,0.91,528.834,0.09,608.971,0.36,578.948,0.23,994.972,,916.539,,589.097,584.227,576.564,578.258,522.883,571.284,954.951,582.015,True
Sand_R,100,2026-06-13 18:00:00,2026-06-13 18:10:08,2026-06-13 18:17:16,2026-06-13 18:13:42.000,7.13,99.06,22.89,356.09,6.0,4.4,0.125,8.22,7.74,7.98,0.902,Diretto_Entrambi_Tensiometri,557.128,0.53,527.375,1.2,551.822,0.92,554.338,0.84,636.27,0.32,605.567,0.03,1031.139,,954.009,,615.85,610.104,604.512,604.488,545.286,597.759,991.825,608.72,True
Sand_R,101,2026-06-13 19:00:00,2026-06-13 19:10:08,2026-06-13 19:17:14,2026-06-13 19:13:41.000,7.1,100.06,22.86,355.5,5.76,4.22,0.12,8.42,7.89,8.15,0.911,Diretto_Entrambi_Tensiometri,578.068,0.65,545.984,0.24,574.236,0.2,574.919,0.57,660.002,0.01,628.736,0.09,1068.574,,995.046,,638.941,634.029,627.86,627.649,565.913,620.212,1031.155,632.102,True
Sand_R,102,2026-06-13 20:00:00,2026-06-13 20:10:08,2026-06-13 20:17:17,2026-06-13 20:13:42.500,7.15,101.06,23.0,354.96,5.54,4.06,0.115,8.61,8.03,8.31,0.92,Diretto_Entrambi_Tensiometri,597.388,0.12,565.237,0.25,600.876,0.8,594.016,0.12,684.761,0.44,653.492,0.39,1102.105,,1018.412,,661.806,653.381,651.048,652.053,587.612,642.973,1059.432,654.558,True
Sand_R,103,2026-06-13 21:00:00,2026-06-13 21:10:08,2026-06-13 21:17:20,2026-06-13 21:13:44.000,7.2,102.06,23.03,354.39,5.32,3.9,0.111,8.83,8.16,8.49,0.929,Diretto_Entrambi_Tensiometri,625.391,0.32,594.402,0.29,634.233,0.26,621.283,0.26,709.476,0.55,683.2,0.07,1135.201,,1056.967,,688.572,679.458,679.66,682.886,617.77,670.283,1095.386,682.634,True
Sand_R,104,2026-06-13 22:00:00,2026-06-13 22:10:08,2026-06-13 22:17:25,2026-06-13 22:13:46.500,7.28,103.06,22.85,353.83,5.09,3.73,0.106,9.08,8.31,8.68,0.939,Diretto_Entrambi_Tensiometri,666.506,0.31,644.39,0.42,683.897,0.41,657.16,0.01,746.666,0.64,725.697,0.07,1160.419,,1073.688,,721.462,710.173,716.776,722.671,664.734,708.79,1116.211,717.754,True
Sand_R,105,2026-06-13 23:00:00,2026-06-13 23:10:08,2026-06-13 23:17:20,2026-06-13 23:13:44.000,7.2,104.06,22.79,353.26,4.86,3.57,0.101,9.33,8.45,8.88,0.948,Diretto_Entrambi_Tensiometri,718.4,0.39,698.497,0.14,747.355,0.58,701.691,0.41,776.386,0.24,772.913,0.27,1174.573,,1098.224,,760.588,747.454,763.457,769.875,721.139,749.523,1135.757,760.299,True
Sand_R,106,2026-06-14 00:00:00,2026-06-14 00:10:08,2026-06-14 00:17:19,2026-06-14 00:13:43.500,7.18,105.06,22.7,352.74,4.66,3.41,0.097,9.58,8.58,9.07,0.957,Diretto_Entrambi_Tensiometri,803.383,0.76,779.981,0.22,830.785,0.48,752.404,0.38,819.535,0.4,832.158,0.04,1177.488,,1089.301,,808.486,791.322,815.237,816.896,804.449,800.586,1132.536,807.921,True
Sand_R,107,2026-06-14 01:00:00,2026-06-14 01:10:08,2026-06-14 01:17:14,2026-06-14 01:13:41.000,7.1,106.06,22.67,352.23,4.45,3.26,0.093,9.84,8.72,9.26,0.967,Diretto_Entrambi_Tensiometri,889.381,0.19,850.951,0.36,905.309,0.01,805.69,0.11,854.536,0.29,887.517,0.16,1181.068,,1094.418,,851.092,837.131,864.844,854.958,881.583,848.578,1136.918,851.948,True
Sand_R,108,2026-06-14 02:00:00,2026-06-14 02:10:08,2026-06-14 02:16:59,2026-06-14 02:13:33.500,6.85,107.06,22.61,351.81,4.28,3.14,0.089,10.14,8.85,9.47,0.976,Diretto_Entrambi_Tensiometri,945.328,0.44,904.661,0.04,960.963,0.42,843.716,0.37,883.247,0.03,930.571,0.15,1196.069,,1106.993,,888.386,872.511,903.11,889.745,936.681,885.135,1150.669,888.372,True
Sand_R,109,2026-06-14 03:00:00,2026-06-14 03:10:08,2026-06-14 03:17:01,2026-06-14 03:13:34.500,6.88,108.06,22.59,351.4,4.12,3.02,0.086,10.46,8.98,9.69,0.986,Diretto_Entrambi_Tensiometri,985.331,0.25,943.609,0.76,1002.029,0.08,872.459,0.07,909.512,0.16,965.229,0.44,1215.398,,1122.287,,922.314,904.891,938.95,921.703,976.678,914.944,1167.915,921.886,True
Sand_R,110,2026-06-14 04:00:00,2026-06-14 04:10:08,2026-06-14 04:16:55,2026-06-14 04:13:31.500,6.78,109.06,22.5,351.03,3.97,2.91,0.083,10.82,9.11,9.93,0.997,Diretto_Entrambi_Tensiometri,1022.834,0.33,981.547,0.34,1039.926,0.42,905.542,0.13,936.031,0.38,999.124,0.19,1235.416,,1139.442,,959.089,938.362,979.44,958.185,1014.471,946.105,1186.459,958.659,True
Sand_R,111,2026-06-14 05:00:00,2026-06-14 05:10:08,2026-06-14 05:17:03,2026-06-14 05:13:35.500,6.92,110.06,22.47,350.69,3.83,2.81,0.08,11.2,9.24,10.17,1.007,Diretto_Entrambi_Tensiometri,1049.635,0.66,1012.177,0.44,1073.262,0.09,930.354,0.19,961.261,0.29,1028.974,0.21,1254.663,,1149.891,,991.261,970.071,1014.782,987.926,1044.721,972.668,1201.135,990.883,True
Sand_R,112,2026-06-14 06:00:00,2026-06-14 06:10:08,2026-06-14 06:17:10,2026-06-14 06:13:39.000,7.03,111.06,22.46,350.37,3.71,2.72,0.077,11.63,9.37,10.44,1.019,Diretto_Entrambi_Tensiometri,1078.909,0.94,1044.136,0.17,1110.618,0.58,957.069,0.09,982.794,0.09,1060.323,0.21,1276.277,,1165.377,,1027.799,1002.897,1053.523,1026.581,1077.545,999.113,1219.567,1027.544,True
Sand_R,113,2026-06-14 07:00:00,2026-06-14 07:10:08,2026-06-14 07:17:16,2026-06-14 07:13:42.000,7.13,112.06,22.66,350.07,3.59,2.63,0.075,12.09,9.49,10.71,1.03,Diretto_Entrambi_Tensiometri,1110.049,0.22,1069.395,0.26,1138.03,0.18,980.548,0.18,1004.436,0.21,1090.076,0.41,1292.301,,1177.554,,1059.01,1031.916,1092.998,1060.558,1105.464,1023.959,1233.594,1060.9,True
Sand_R,114,2026-06-14 08:00:00,2026-06-14 08:10:08,2026-06-14 08:17:29,2026-06-14 08:13:48.500,7.35,113.06,23.0,349.78,3.47,2.55,0.072,12.59,9.61,11.0,1.041,Diretto_Entrambi_Tensiometri,1136.225,0.01,1102.633,0.31,1173.7,0.4,1007.782,0.11,1025.593,0.23,1119.225,0.1,1312.741,,1195.559,,1092.127,1064.779,1126.739,1095.567,1137.149,1049.751,1252.781,1094.583,True
Sand_R,115,2026-06-14 09:00:00,2026-06-14 09:10:08,2026-06-14 09:17:32,2026-06-14 09:13:50.000,7.4,114.06,23.26,349.51,3.36,2.46,0.07,13.19,9.74,11.33,1.054,Diretto_Entrambi_Tensiometri,1165.438,0.27,1131.286,0.09,1205.663,0.33,1034.557,0.08,1050.728,0.53,1150.099,0.12,1334.277,,1217.336,,1129.32,1095.384,1169.065,1133.465,1167.067,1077.275,1274.466,1131.508,True
Sand_R,116,2026-06-14 10:00:00,2026-06-14 10:10:08,2026-06-14 10:17:22,2026-06-14 10:13:45.000,7.23,115.06,23.72,349.24,3.25,2.39,0.068,13.87,9.87,11.7,1.068,Diretto_Entrambi_Tensiometri,1190.312,0.76,1161.755,0.04,1236.835,0.1,1060.539,0.1,1072.575,0.01,1180.08,0.02,1355.531,,1228.794,,1167.72,1129.724,1208.574,1170.626,1195.902,1103.118,1290.608,1168.828,True
Sand_R,117,2026-06-14 11:00:00,2026-06-14 11:10:08,2026-06-14 11:17:19,2026-06-14 11:13:43.500,7.18,116.06,23.99,348.96,3.14,2.3,0.065,14.75,9.99,12.14,1.084,Diretto_Entrambi_Tensiometri,1220.134,0.18,1196.129,0.11,1270.981,0.06,1091.206,0.16,1097.066,0.28,1214.34,0.11,1376.364,,1239.844,,1212.175,1170.877,1251.19,1212.642,1228.688,1132.817,1306.322,1211.388,True
Sand_R,118,2026-06-14 12:00:00,2026-06-14 12:10:08,2026-06-14 12:17:25,2026-06-14 12:13:46.500,7.28,117.06,24.14,348.65,3.02,2.21,0.063,15.97,10.14,12.72,1.105,Diretto_Entrambi_Tensiometri,1250.878,0.51,1229.404,0.07,1311.442,0.01,1129.141,0.22,1136.516,0.03,1247.949,0.2,1394.35,,1267.08,,1267.288,1217.852,1301.068,1258.669,1263.435,1169.967,1329.193,1260.87,True
Sand_R,119,2026-06-14 13:00:00,2026-06-14 13:10:08,2026-06-14 13:17:30,2026-06-14 13:13:49.000,7.37,118.06,24.04,348.39,2.92,2.14,0.061,17.5,10.3,13.42,1.128,Diretto_Entrambi_Tensiometri,1280.783,0.79,1265.433,0.41,1355.331,0.25,1162.241,0.02,1169.346,0.23,1286.259,0.67,1413.203,,1283.545,,1320.155,1268.657,1349.929,1308.389,1299.93,1204.636,1346.815,1311.458,True
Sand_R,120,2026-06-14 14:00:00,2026-06-14 14:10:08,2026-06-14 14:17:44,2026-06-14 14:13:56.000,7.6,119.06,23.97,348.14,2.82,2.07,0.059,19.25,10.45,14.18,1.152,Diretto_Entrambi_Tensiometri,1312.519,1.16,1298.514,0.47,1392.649,0.39,1193.542,0.15,1193.333,0.11,1320.064,0.29,1441.63,,1313.082,,1363.683,1309.111,1396.467,1349.925,1333.925,1234.236,1375.856,1354.433,True
Sand_R,121,2026-06-14 15:00:00,2026-06-14 15:10:08,2026-06-14 15:18:08,2026-06-14 15:14:08.000,8.0,120.07,23.88,347.92,2.73,2.0,0.057,21.48,10.61,15.09,1.179,Diretto_Entrambi_Tensiometri,1347.585,1.06,1338.344,0.36,1427.57,0.18,1223.252,0.17,1214.68,0.42,1354.472,0.01,1470.994,,1322.962,,1418.336,1355.383,1448.242,1398.018,1370.589,1262.552,1395.016,1404.587,True
Sand_R,122,2026-06-14 16:00:00,2026-06-14 16:10:08,2026-06-14 16:18:04,2026-06-14 16:14:06.000,7.93,121.07,23.86,347.69,2.64,1.93,0.055,24.14,10.77,16.13,1.208,Diretto_Entrambi_Tensiometri,1375.045,0.95,1363.084,0.14,1465.338,0.37,1250.932,0.22,1240.342,0.04,1385.755,0.15,1500.056,,1347.558,,1464.394,1405.08,1494.276,1444.903,1400.423,1290.686,1421.764,1451.801,True
Sand_R,123,2026-06-14 17:00:00,2026-06-14 17:10:08,2026-06-14 17:18:08,2026-06-14 17:14:08.000,8.0,122.07,23.87,347.47,2.55,1.87,0.053,27.38,10.94,17.31,1.238,Diretto_Entrambi_Tensiometri,1410.456,0.85,1399.482,0.03,1501.638,0.04,1281.512,0.03,1270.916,0.67,1422.721,0.09,1535.88,,1380.745,,1515.134,1449.42,1547.273,1492.873,1436.473,1323.284,1456.248,1500.751,True
Sand_R,124,2026-06-14 18:00:00,2026-06-14 18:10:08,2026-06-14 18:18:19,2026-06-14 18:14:13.500,8.18,123.07,23.81,347.26,2.46,1.81,0.051,31.65,11.12,18.76,1.273,Diretto_Entrambi_Tensiometri,1446.775,0.83,1432.27,0.29,1545.443,0.56,1312.244,0.19,1293.051,0.22,1459.883,0.07,1572.529,,1401.914,,1568.047,1499.162,1600.611,1544.652,1473.985,1353.057,1484.773,1552.677,True
Sand_R,125,2026-06-14 19:00:00,2026-06-14 19:10:08,2026-06-14 19:18:34,2026-06-14 19:14:21.000,8.43,124.07,23.85,347.05,2.38,1.74,0.05,37.33,11.29,20.53,1.312,Diretto_Entrambi_Tensiometri,1477.749,1.04,1464.443,0.56,1579.005,0.09,1343.845,0.4,1324.292,0.23,1494.787,0.16,1603.038,,1432.028,,1617.537,1546.01,1653.445,1603.892,1506.21,1385.599,1515.122,1604.752,True
Sand_R,126,2026-06-14 20:00:00,2026-06-14 20:10:08,2026-06-14 20:18:41,2026-06-14 20:14:24.500,8.55,125.07,23.73,346.84,2.29,1.68,0.048,45.16,11.49,22.78,1.358,Diretto_Entrambi_Tensiometri,1520.551,0.9,1500.699,0.12,1616.364,0.43,1378.194,0.35,1351.623,0.14,1527.939,0.13,1644.077,,1473.016,,1667.115,1601.487,1710.124,1659.442,1545.057,1417.177,1556.198,1659.089,True
Sand_R,127,2026-06-14 21:00:00,2026-06-14 21:10:08,2026-06-14 21:18:35,2026-06-14 21:14:21.500,8.45,126.07,23.67,346.65,2.22,1.63,0.046,55.22,11.69,25.41,1.405,Diretto_Entrambi_Tensiometri,1556.204,0.65,1533.824,0.33,1654.12,0.58,1409.212,0.02,1379.837,0.67,1562.3,0.45,1685.855,,1503.997,,1717.102,1652.999,1766.744,1714.37,1580.531,1448.292,1592.332,1712.327,True
Sand_R,128,2026-06-14 22:00:00,2026-06-14 22:10:10,2026-06-14 22:18:37,2026-06-14 22:14:23.500,8.45,127.07,23.57,346.44,2.14,1.57,0.045,69.68,11.79,28.66,1.457,Diretto_Entrambi_Tensiometri,1595.244,0.83,1575.159,0.17,1687.791,0.27,1439.919,0.45,1408.7,0.02,1596.961,0.15,1730.07,,1542.507,,1767.665,1705.056,1825.713,1765.328,1618.664,1479.62,1633.599,1765.424,True
Sand_R,129,2026-06-14 23:00:00,2026-06-14 23:10:10,2026-06-14 23:18:47,2026-06-14 23:14:28.500,8.62,128.07,23.4,346.27,2.07,1.51,0.043,88.58,12.08,32.72,1.515,Diretto_Entrambi_Tensiometri,1637.715,0.25,1609.077,0.05,1725.038,0.45,1475.306,0.09,1441.424,0.25,1637.23,0.15,1772.304,,1590.932,,1821.713,1763.112,1883.623,1821.82,1656.55,1515.635,1679.171,1822.069,True
Sand_R,130,2026-06-15 00:00:00,2026-06-15 00:10:08,2026-06-15 00:19:25,2026-06-15 00:14:46.500,9.28,129.08,23.12,346.07,1.99,1.46,0.041,119.34,12.34,38.38,1.584,Diretto_Entrambi_Tensiometri,1679.416,0.28,1642.722,0.33,1771.19,0.2,1510.351,0.05,1472.903,0.73,1673.441,0.05,1826.544,,1628.121,,1873.643,1822.99,1941.691,1874.622,1696.924,1549.842,1724.481,1877.765,True
Sand_R,131,2026-06-15 01:00:00,2026-06-15 01:10:08,2026-06-15 01:19:58,2026-06-15 01:15:03.000,9.83,130.08,22.87,345.9,1.92,1.41,0.04,156.59,12.59,44.4,1.647,Diretto_Entrambi_Tensiometri,1713.517,0.1,1681.752,0.48,1803.683,0.11,1546.482,0.31,1500.257,0.18,1707.507,0.05,1872.905,,1671.504,,1915.678,1870.58,1993.491,1922.919,1732.222,1582.308,1769.341,1925.167,True
Sand_R,132,2026-06-15 02:00:00,2026-06-15 02:10:08,2026-06-15 02:19:58,2026-06-15 02:15:03.000,9.83,131.08,22.7,345.75,1.86,1.36,0.039,170.69,12.85,46.83,1.67,Esteso_Top_Diretto_Bottom,1753.948,0.44,1719.316,0.45,1845.446,0.42,1572.737,0.35,1532.24,0.21,1741.22,0.03,1919.458,,1717.92,,1951.673,1920.428,2039.342,1969.713,1772.112,1612.918,1815.895,1969.811,True
Sand_R,133,2026-06-15 03:00:00,2026-06-15 03:10:08,2026-06-15 03:20:02,2026-06-15 03:15:05.000,9.9,132.08,22.54,345.6,1.8,1.32,0.038,183.24,13.11,49.01,1.69,Esteso_Top_Diretto_Bottom,1799.238,0.02,1751.083,0.24,1878.898,0.39,1605.384,0.14,1560.86,0.39,1774.891,0.08,1972.066,,1768.986,,1994.064,1963.562,2086.271,2009.832,1808.976,1644.516,1867.768,2012.929,True
Sand_R,134,2026-06-15 04:00:00,2026-06-15 04:10:08,2026-06-15 04:20:15,2026-06-15 04:15:11.500,10.12,133.09,22.53,345.51,1.77,1.29,0.037,195.8,13.36,51.15,1.709,Esteso_Top_Diretto_Bottom,1834.591,0.37,1786.078,0.08,1908.721,0.35,1636.24,0.14,1593.91,0.31,1804.774,0.15,2017.2,,1831.565,,2028.456,1984.385,2121.561,2046.29,1842.443,1675.886,1922.143,2044.577,True
Sand_R,135,2026-06-15 05:00:00,2026-06-15 05:10:08,2026-06-15 05:20:35,2026-06-15 05:15:21.500,10.45,134.09,22.68,345.4,1.72,1.26,0.036,208.38,13.64,53.31,1.727,Esteso_Top_Diretto_Bottom,1868.606,0.27,1823.778,0.32,1951.457,0.08,1668.685,0.13,1621.128,0.44,1837.524,0.11,2067.176,,1867.943,,2077.135,2035.339,2172.372,2098.061,1880.541,1706.639,1965.036,2095.142,True
Sand_R,136,2026-06-15 06:00:00,2026-06-15 06:10:08,2026-06-15 06:20:20,2026-06-15 06:15:14.000,10.2,135.09,22.73,345.26,1.66,1.22,0.035,220.89,13.92,55.45,1.744,Esteso_Top_Diretto_Bottom,1907.196,0.26,1858.618,0.01,1982.811,0.64,1703.946,0.41,1649.194,0.05,1874.174,0.04,2119.852,,1926.689,,2133.567,2098.772,2230.294,2149.08,1915.53,1739.853,2020.964,2152.393,True
Sand_R,137,2026-06-15 07:00:00,2026-06-15 07:10:08,2026-06-15 07:20:14,2026-06-15 07:15:11.000,10.1,136.09,22.85,345.13,1.61,1.18,0.034,233.42,14.23,57.63,1.761,Esteso_Top_Diretto_Bottom,1944.356,0.0,1895.378,0.33,2025.352,0.18,1740.537,0.41,1683.207,0.04,1910.501,0.07,2171.673,,1970.592,,2186.174,2140.321,2295.462,2204.682,1954.298,1775.508,2068.691,2205.946,True
Sand_R,138,2026-06-15 08:00:00,2026-06-15 08:10:08,2026-06-15 08:19:58,2026-06-15 08:15:03.000,9.83,137.08,22.93,345.02,1.57,1.15,0.033,245.93,14.55,59.81,1.777,Esteso_Top_Diretto_Bottom,1989.871,0.4,1941.8,0.15,2065.923,0.85,1774.425,0.05,1718.377,0.23,1946.292,0.16,2220.844,,2010.123,,2220.68,2188.901,2357.246,2256.408,1998.548,1810.484,2112.858,2254.933,True
Sand_R,139,2026-06-15 09:00:00,2026-06-15 09:10:08,2026-06-15 09:19:56,2026-06-15 09:15:02.000,9.8,138.08,23.04,344.87,1.51,1.11,0.031,258.47,14.89,62.04,1.793,Esteso_Top_Diretto_Bottom,2032.893,0.05,1976.25,0.38,2117.564,0.33,1810.009,0.12,1749.937,0.35,1986.285,0.25,2271.726,,2063.941,,2276.575,2254.901,2428.487,2309.902,2041.414,1846.07,2165.343,2316.513,True
Sand_R,140,2026-06-15 10:00:00,2026-06-15 10:10:09,2026-06-15 10:19:53,2026-06-15 10:15:01.000,9.73,139.08,23.24,344.74,1.46,1.07,0.03,271.01,15.25,64.28,1.808,Esteso_Top_Diretto_Bottom,2088.958,0.1,2024.262,0.12,2144.697,0.95,1848.548,0.0,1789.447,0.47,2023.472,0.2,2324.243,,2104.944,,2327.54,2314.684,2519.499,2382.361,2085.391,1884.584,2211.877,2384.667,True
Sand_R,141,2026-06-15 11:00:00,2026-06-15 11:10:09,2026-06-15 11:19:49,2026-06-15 11:14:59.000,9.67,140.08,23.49,344.59,1.4,1.02,0.029,283.54,15.62,66.54,1.823,Esteso_Top_Diretto_Bottom,2139.901,0.13,2062.466,0.0,2193.712,0.53,1893.371,0.52,1826.274,0.4,2067.744,0.11,2386.726,,2171.136,,2398.183,2385.094,2600.669,2450.875,2131.343,1926.487,2276.38,2457.245,True
Sand_R,142,2026-06-15 12:00:00,2026-06-15 12:10:09,2026-06-15 12:19:54,2026-06-15 12:15:01.500,9.75,141.08,23.75,344.43,1.33,0.98,0.028,296.09,16.03,68.9,1.838,Esteso_Top_Diretto_Bottom,2187.614,0.04,2115.732,0.49,2241.246,0.58,1939.636,0.15,1870.647,0.03,2113.53,0.11,2437.036,,2216.896,,2484.179,2476.533,2695.248,2543.569,2180.923,1972.0,2324.361,2548.398,True
Sand_R,143,2026-06-15 13:00:00,2026-06-15 13:10:09,2026-06-15 13:19:50,2026-06-15 13:14:59.500,9.68,142.08,23.98,344.24,1.26,0.92,0.026,308.62,16.45,71.25,1.853,Esteso_Top_Diretto_Bottom,2243.017,0.52,2166.798,0.59,2296.578,0.22,1986.652,0.35,1916.7,0.26,2160.272,0.25,2514.436,,2284.798,,2538.091,2540.133,2759.208,2609.882,2234.828,2018.652,2396.868,2610.311,True
Sand_R,144,2026-06-15 14:00:00,2026-06-15 14:10:09,2026-06-15 14:20:17,2026-06-15 14:15:13.000,10.13,143.09,24.12,344.09,1.2,0.88,0.025,321.21,16.96,73.8,1.868,Esteso_Top_Diretto_Bottom,2254.628,0.7,2222.291,0.41,2346.873,0.72,2043.341,0.36,1962.789,0.15,2216.211,0.14,2593.588,,2379.053,,2631.113,2646.567,2858.973,2708.566,2273.99,2071.454,2484.005,2709.836,True
Sand_R,145,2026-06-15 15:00:00,2026-06-15 15:10:09,2026-06-15 15:20:00,2026-06-15 15:15:04.500,9.85,144.08,24.34,343.92,1.13,0.83,0.024,333.72,17.44,76.29,1.882,Esteso_Top_Diretto_Bottom,2604.091,4.61,2279.965,0.06,2401.321,1.05,2096.302,0.24,2014.477,0.54,2268.082,0.17,2662.08,,2451.389,,2709.985,2721.275,2957.101,2773.434,2424.813,2123.693,2554.563,2788.726,True
Sand_R,146,2026-06-15 16:00:00,2026-06-15 16:10:09,2026-06-15 16:19:46,2026-06-15 16:14:57.500,9.62,145.08,24.4,343.74,1.06,0.78,0.022,346.24,18.02,78.99,1.898,Esteso_Top_Diretto_Bottom,2682.524,6.92,2347.407,0.29,2465.72,0.11,2159.773,0.06,2069.234,0.31,2330.64,0.21,2746.403,,2543.646,,2815.042,2828.273,3071.955,2898.676,2494.74,2183.891,2643.081,2901.718,True
Sand_R,147,2026-06-15 17:00:00,2026-06-15 17:10:09,2026-06-15 17:19:30,2026-06-15 17:14:49.500,9.35,146.08,24.35,343.56,0.99,0.72,0.021,358.75,18.66,81.83,1.913,Esteso_Top_Diretto_Bottom,2516.892,5.23,2416.625,0.11,2527.735,0.81,2223.943,0.06,2125.082,0.41,2396.494,0.0,2861.244,,2674.651,,2903.496,2954.887,3208.014,3000.233,2486.576,2245.735,2766.375,3014.486,True
Sand_R,168,2026-06-16 14:00:00,2026-06-16 14:10:09,2026-06-16 14:17:38,2026-06-16 14:13:53.500,7.48,167.06,25.08,341.14,0.02,0.01,0.0,621.9,79.43,222.25,2.347,Esteso_Top_Diretto_Bottom,4866.169,40.45,4876.368,0.06,4666.48,0.54,4436.796,0.4,4170.215,0.45,4431.039,0.58,7044.148,,7539.152,,4960.189,5150.162,5886.155,3918.838,4802.024,4344.213,7287.448,4926.937,False
Sand_R,169,2026-06-16 15:00:00,2026-06-16 15:10:09,2026-06-16 15:17:26,2026-06-16 15:13:47.500,7.28,168.06,24.97,340.99,-0.04,-0.03,-0.001,634.42,90.99,240.26,2.381,Esteso_Top_Diretto_Bottom,5498.982,36.75,5085.702,0.24,4870.1,0.31,4627.1,0.24,4348.107,0.48,4612.788,0.7,7349.956,,7974.903,,4990.139,5231.221,6048.725,4072.413,5145.059,4527.49,7656.056,5035.677,False
Sand_R,170,2026-06-16 16:00:00,2026-06-16 16:10:09,2026-06-16 16:17:25,2026-06-16 16:13:47.000,7.27,169.06,24.81,340.93,-0.07,-0.05,-0.001,646.96,103.44,258.69,2.413,Esteso_Top_Diretto_Bottom,5216.643,34.99,5292.411,0.24,5047.447,0.26,4815.566,0.48,4519.902,0.52,4789.043,0.76,7679.03,,8345.764,,5198.331,5405.333,6215.707,4153.736,5184.483,4706.25,8005.459,5189.84,False
Sand_R,171,2026-06-16 17:00:00,2026-06-16 17:10:09,2026-06-16 17:17:28,2026-06-16 17:13:48.500,7.32,170.06,24.71,340.85,-0.1,-0.07,-0.002,659.51,118.47,279.51,2.446,Esteso_Top_Diretto_Bottom,6264.513,42.7,5523.909,0.03,5243.393,0.62,5016.624,0.55,4700.131,0.16,4971.412,0.69,8018.308,,8732.846,,5205.941,5540.997,6309.619,4146.149,5661.29,4894.035,8367.954,5241.237,False
Sand_R,172,2026-06-16 18:00:00,2026-06-16 18:10:09,2026-06-16 18:17:30,2026-06-16 18:13:49.500,7.35,171.06,24.63,340.74,-0.14,-0.11,-0.003,672.05,136.86,303.27,2.482,Esteso_Top_Diretto_Bottom,5571.041,39.79,5757.443,0.19,5448.637,0.23,5226.816,0.17,4889.775,0.01,5156.175,0.79,8300.415,,9148.481,,5463.143,5698.973,6464.587,4444.497,5590.937,5088.83,8714.137,5468.908,False
Sand_R,173,2026-06-16 19:00:00,2026-06-16 19:10:10,2026-06-16 19:17:27,2026-06-16 19:13:48.500,7.28,172.06,24.5,340.61,-0.2,-0.14,-0.004,684.59,158.04,328.92,2.517,Esteso_Top_Diretto_Bottom,6980.246,33.66,6004.674,0.23,5658.491,0.27,5455.009,0.34,5101.908,0.14,5359.525,0.66,8724.093,,9787.739,,5140.692,5677.355,6430.724,4322.005,6189.947,5303.364,9240.625,5336.766,False
Sand_R,174,2026-06-16 20:00:00,2026-06-16 20:10:10,2026-06-16 20:17:23,2026-06-16 20:13:46.500,7.22,173.06,24.3,340.52,-0.23,-0.17,-0.005,697.12,180.96,355.87,2.551,Oltre_Air_Entry_Top,6841.513,31.23,6259.381,0.26,5858.386,0.01,5687.267,0.53,5297.538,0.46,5563.683,0.86,9169.433,,10310.183,,5321.068,5802.151,6551.878,4437.974,6306.966,5513.745,9723.093,5473.745,False
Sand_R,175,2026-06-16 21:00:00,2026-06-16 21:10:09,2026-06-16 21:17:27,2026-06-16 21:13:48.000,7.3,174.06,24.15,340.44,-0.26,-0.19,-0.006,709.66,203.9,382.85,2.583,Oltre_Air_Entry_Top,7329.707,28.79,6523.171,0.15,6088.88,0.14,5916.379,0.42,5516.75,0.32,5742.028,0.21,9529.679,,10718.12,,5441.873,6076.52,6887.766,4362.595,6627.671,5722.707,10106.446,5614.443,False
Sand_R,176,2026-06-16 22:00:00,2026-06-16 22:10:09,2026-06-16 22:17:27,2026-06-16 22:13:48.000,7.3,175.06,24.01,340.37,-0.29,-0.21,-0.006,722.21,226.83,409.81,2.613,Oltre_Air_Entry_Top,7420.38,28.89,6778.869,0.35,6291.04,0.33,6155.495,0.4,5737.468,0.41,5955.916,0.69,9906.99,,11341.461,,5373.041,6099.93,7049.993,4677.085,6814.52,5947.173,10599.988,5733.598,False
Sand_R,177,2026-06-16 23:00:00,2026-06-16 23:10:09,2026-06-16 23:17:27,2026-06-16 23:13:48.000,7.3,176.06,23.93,340.28,-0.33,-0.24,-0.007,734.75,249.76,436.78,2.64,Oltre_Air_Entry_Top,8383.701,30.94,7076.819,0.2,6532.741,0.11,6422.681,0.46,6001.927,0.33,6133.974,0.02,10446.98,,12040.222,,5384.65,6237.368,7214.753,4675.664,7291.045,6183.718,11215.345,5801.708,False
Sand_R,178,2026-06-17 00:00:00,2026-06-17 00:10:10,2026-06-17 00:17:32,2026-06-17 00:13:51.000,7.37,177.06,23.75,340.21,-0.36,-0.26,-0.007,747.3,272.71,463.77,2.666,Oltre_Air_Entry_Top,8889.027,29.55,7389.049,0.22,6733.974,0.32,6717.092,0.42,6253.085,0.37,6341.271,0.03,11023.563,,12787.309,,5387.712,6357.915,7407.263,4653.386,7619.119,6434.043,11872.73,5861.874,False
Sand_R,179,2026-06-17 01:00:00,2026-06-17 01:10:09,2026-06-17 01:17:27,2026-06-17 01:13:48.000,7.3,178.06,23.6,340.12,-0.39,-0.29,-0.008,759.83,295.62,490.71,2.691,Oltre_Air_Entry_Top,9218.695,26.78,7735.198,0.15,6955.789,0.19,7017.176,0.39,6539.97,0.2,6547.477,0.0,11790.449,,13561.269,,5474.932,6500.681,7755.206,4746.14,7915.817,6697.88,12644.898,6016.139,True
Sand_R,180,2026-06-17 02:00:00,2026-06-17 02:10:09,2026-06-17 02:17:20,2026-06-17 02:13:44.500,7.18,179.06,23.39,340.05,-0.42,-0.31,-0.009,772.35,318.53,517.65,2.714,Oltre_Air_Entry_Top,9021.017,26.44,8091.523,0.15,7211.516,0.07,7337.059,0.14,6848.588,0.37,6765.524,0.1,12358.545,,14513.414,,5655.342,6653.219,8262.444,4947.556,8074.286,6979.24,13392.71,6262.496,True
Sand_R,181,2026-06-17 03:00:00,2026-06-17 03:10:09,2026-06-17 03:17:20,2026-06-17 03:13:44.500,7.18,180.06,23.26,339.99,-0.45,-0.33,-0.009,784.89,341.47,544.61,2.736,Oltre_Air_Entry_Top,9140.322,24.84,8442.515,0.21,7432.244,0.43,7665.236,0.53,7195.779,0.35,6969.304,0.02,13120.159,,15316.979,,5606.07,6649.951,8708.883,5278.939,8308.407,7271.058,14176.078,6434.229,True
Sand_R,182,2026-06-17 04:00:00,2026-06-17 04:10:10,2026-06-17 04:17:23,2026-06-17 04:13:46.500,7.22,181.06,23.14,339.92,-0.47,-0.35,-0.01,797.44,364.41,571.59,2.757,Oltre_Air_Entry_Top,9116.676,23.41,8843.586,0.15,7717.392,0.47,7982.971,0.44,7503.479,0.39,7199.092,0.1,13781.775,,16514.208,,5883.859,6945.515,9851.74,5464.602,8537.129,7555.009,15086.255,6848.722,True
Sand_R,183,2026-06-17 05:00:00,2026-06-17 05:10:10,2026-06-17 05:17:25,2026-06-17 05:13:47.500,7.25,182.06,23.05,339.82,-0.51,-0.37,-0.011,809.99,387.35,598.56,2.777,Oltre_Air_Entry_Top,9380.098,21.11,9253.669,0.39,7976.256,0.18,8344.653,0.07,7874.28,0.11,7423.115,0.17,14576.861,,17440.443,,6017.361,7289.387,10743.148,5540.008,8846.541,7871.698,15944.495,7148.003,True
Sand_R,184,2026-06-17 06:00:00,2026-06-17 06:10:09,2026-06-17 06:17:28,2026-06-17 06:13:48.500,7.32,183.06,23.13,339.77,-0.53,-0.39,-0.011,822.53,410.29,625.54,2.796,Oltre_Air_Entry_Top,9573.556,21.65,9702.48,0.59,8238.334,1.02,8708.1,0.37,8247.399,0.28,7653.503,0.13,15534.71,,18893.732,,6023.203,7369.281,12048.427,5671.01,9146.715,8191.565,17132.094,7420.973,True
Sand_R,185,2026-06-17 07:00:00,2026-06-17 07:10:10,2026-06-17 07:17:28,2026-06-17 07:13:49.000,7.3,184.06,26.28,339.59,-0.6,-0.44,-0.013,835.07,433.22,652.51,2.815,Oltre_Air_Entry_Top,20112.086,8.66,9603.689,1.09,8908.636,0.23,8952.932,0.18,8525.154,0.15,7584.279,0.1,19591.602,,23841.813,,232.472,4823.232,11877.584,690.022,11983.09,8334.136,21612.48,1741.105,True
Sand_R,186,2026-06-17 08:00:00,2026-06-17 08:10:09,2026-06-17 08:17:40,2026-06-17 08:13:54.500,7.52,185.06,26.1,339.56,-0.61,-0.45,-0.013,847.63,456.19,679.51,2.832,Oltre_Air_Entry_Top,20942.879,4.81,10651.924,1.53,9563.345,0.42,9730.926,0.1,9216.12,0.43,8253.762,0.17,22385.583,,24254.225,,1631.757,5337.376,11987.234,237.36,12873.345,9045.892,23301.18,2231.143,True
Sand_R,187,2026-06-17 09:00:00,2026-06-17 09:10:09,2026-06-17 09:17:31,2026-06-17 09:13:50.000,7.37,186.06,25.16,339.51,-0.63,-0.46,-0.013,860.16,479.09,706.44,2.849,Oltre_Air_Entry_Top,16891.746,5.75,11493.793,2.44,10260.343,0.27,10527.971,0.13,10016.916,0.33,8743.043,0.32,23905.307,,27031.281,,2186.363,5447.592,13202.752,212.13,12582.49,9733.009,25420.289,2403.247,True
Sand_R,188,2026-06-17 10:00:00,2026-06-17 10:10:09,2026-06-17 10:17:30,2026-06-17 10:13:49.500,7.35,187.06,24.89,339.43,-0.67,-0.49,-0.014,872.69,502.02,733.41,2.865,Oltre_Air_Entry_Top,24647.636,6.93,12117.895,4.16,11005.213,0.28,11200.08,0.08,10757.856,0.2,9023.352,0.63,25362.48,,25770.429,,903.414,5648.9,13184.643,894.993,14868.494,10282.647,25565.641,2785.702,True
